2025 11 01 00 00 16 18 2.09 21 619.9 0.00
2025 11 01 00 01 16 26 2.05 20 619.9 0.00
2025 11 01 00 02 18 26 2.02 20 619.9 0.00
2025 11 01 00 03 18 25 2.04 19 619.9 0.00
2025 11 01 00 04 17 29 2.05 19 619.9 0.00
2025 11 01 00 05 16 25 2.04 19 619.9 0.00
2025 11 01 00 06 16 32 2.07 18 619.8 0.00
2025 11 01 00 07 17 29 2.07 18 619.8 0.00
2025 11 01 00 08 17 28 2.01 18 619.8 0.00
2025 11 01 00 09 17 32 2.00 18 619.8 0.00
2025 11 01 00 10 16 25 2.03 18 619.8 0.00
2025 11 01 00 11 16 23 2.00 17 619.8 0.00
2025 11 01 00 12 16 22 1.90 16 619.8 0.00
2025 11 01 00 13 15 25 1.88 16 619.8 0.00
2025 11 01 00 14 15 30 1.88 16 619.8 0.00
2025 11 01 00 15 14 36 1.92 16 619.8 0.00
2025 11 01 00 16 15 27 1.95 16 619.8 0.00
2025 11 01 00 17 15 30 1.96 15 619.8 0.00
2025 11 01 00 18 14 33 2.01 15 619.8 0.00
2025 11 01 00 19 15 28 2.00 15 619.8 0.00
2025 11 01 00 20 14 37 2.00 15 619.8 0.00
2025 11 01 00 21 12 45 2.01 15 619.8 0.00
2025 11 01 00 22 13 35 1.94 15 619.8 0.00
2025 11 01 00 23 14 41 1.95 15 619.8 0.00
2025 11 01 00 24 15 38 1.95 15 619.7 0.00
2025 11 01 00 25 14 31 1.96 14 619.7 0.00
2025 11 01 00 26 12 38 2.02 14 619.7 0.00
2025 11 01 00 27 14 34 2.00 14 619.7 0.00
2025 11 01 00 28 14 37 2.03 14 619.7 0.00
2025 11 01 00 29 13 37 2.00 14 619.7 0.00
2025 11 01 00 30 13 36 1.99 14 619.7 0.00
2025 11 01 00 31 14 40 2.01 14 619.7 0.00
2025 11 01 00 32 13 34 1.99 14 619.7 0.00
2025 11 01 00 33 13 45 1.96 14 619.6 0.00
2025 11 01 00 34 13 40 1.96 15 619.6 0.00
2025 11 01 00 35 12 40 1.97 15 619.6 0.00
2025 11 01 00 36 12 42 1.97 15 619.6 0.00
2025 11 01 00 37 12 38 2.00 15 619.6 0.00
2025 11 01 00 38 12 36 2.02 14 619.7 0.00
2025 11 01 00 39 13 40 2.00 15 619.6 0.00
2025 11 01 00 40 13 42 1.99 15 619.6 0.00
2025 11 01 00 41 13 35 1.96 15 619.6 0.00
2025 11 01 00 42 13 37 1.99 14 619.6 0.00
2025 11 01 00 43 12 39 1.96 14 619.6 0.00
2025 11 01 00 44 13 40 1.98 14 619.6 0.00
2025 11 01 00 45 11 43 2.07 14 619.6 0.00
2025 11 01 00 46 11 42 2.04 13 619.6 0.00
2025 11 01 00 47 12 40 2.06 13 619.6 0.00
2025 11 01 00 48 13 39 2.06 14 619.6 0.00
2025 11 01 00 49 13 47 2.08 13 619.6 0.00
2025 11 01 00 50 12 43 2.08 13 619.6 0.00
2025 11 01 00 51 12 45 2.13 13 619.6 0.00
2025 11 01 00 52 12 44 2.11 13 619.6 0.00
2025 11 01 00 53 12 44 2.10 13 619.6 0.00
2025 11 01 00 54 14 33 2.07 14 619.5 0.00
2025 11 01 00 55 15 37 2.02 15 619.5 0.00
2025 11 01 00 56 15 39 2.05 14 619.5 0.00
2025 11 01 00 57 14 43 2.06 14 619.5 0.00
2025 11 01 00 58 13 40 2.07 13 619.5 0.00
2025 11 01 00 59 15 43 2.02 14 619.5 0.00
2025 11 01 01 00 15 41 2.01 14 619.5 0.00
2025 11 01 01 01 16 37 1.96 15 619.5 0.00
2025 11 01 01 02 16 39 1.92 16 619.5 0.00
2025 11 01 01 03 16 44 1.96 16 619.5 0.00
2025 11 01 01 04 13 38 1.98 16 619.5 0.00
2025 11 01 01 05 14 45 1.99 15 619.5 0.00
2025 11 01 01 06 13 42 2.01 14 619.5 0.00
2025 11 01 01 07 12 44 2.02 13 619.5 0.00
2025 11 01 01 08 13 47 2.02 13 619.4 0.00
2025 11 01 01 09 13 35 2.02 13 619.4 0.00
2025 11 01 01 10 14 55 2.01 13 619.4 0.00
2025 11 01 01 11 14 40 1.99 12 619.4 0.00
2025 11 01 01 12 14 40 1.96 13 619.4 0.00
2025 11 01 01 13 14 47 1.93 12 619.4 0.00
2025 11 01 01 14 12 40 1.92 11 619.4 0.00
2025 11 01 01 15 14 43 1.93 14 619.4 0.00
2025 11 01 01 16 13 42 1.92 13 619.3 0.00
2025 11 01 01 17 13 48 1.87 13 619.3 0.00
2025 11 01 01 18 14 41 1.86 14 619.3 0.00
2025 11 01 01 19 15 40 1.85 15 619.3 0.00
2025 11 01 01 20 15 41 1.88 15 619.3 0.00
2025 11 01 01 21 15 38 1.89 15 619.3 0.00
2025 11 01 01 22 13 42 1.89 15 619.2 0.00
2025 11 01 01 23 13 44 1.87 14 619.2 0.00
2025 11 01 01 24 15 46 1.84 14 619.2 0.00
2025 11 01 01 25 15 44 1.88 15 619.2 0.00
2025 11 01 01 26 16 48 1.88 14 619.2 0.00
2025 11 01 01 27 16 45 1.88 13 619.2 0.00
2025 11 01 01 28 15 44 1.90 13 619.2 0.00
2025 11 01 01 29 14 40 1.92 12 619.2 0.00
2025 11 01 01 30 15 51 1.95 14 619.2 0.00
2025 11 01 01 31 14 47 1.93 12 619.2 0.00
2025 11 01 01 32 14 55 1.91 12 619.2 0.00
2025 11 01 01 33 14 53 1.93 10 619.2 0.00
2025 11 01 01 34 13 49 1.92 12 619.1 0.00
2025 11 01 01 35 14 46 1.90 12 619.1 0.00
2025 11 01 01 36 13 46 1.92 14 619.1 0.00
2025 11 01 01 37 12 51 1.88 14 619.1 0.00
2025 11 01 01 38 12 57 1.88 14 619.1 0.00
2025 11 01 01 39 11 44 1.85 12 619.1 0.00
2025 11 01 01 40 13 42 1.83 14 619.1 0.00
2025 11 01 01 41 13 44 1.82 13 619.1 0.00
2025 11 01 01 42 13 49 1.79 11 619.0 0.00
2025 11 01 01 43 13 45 1.77 11 619.0 0.00
2025 11 01 01 44 16 50 1.75 13 619.0 0.00
2025 11 01 01 45 17 44 1.73 13 619.0 0.00
2025 11 01 01 46 18 41 1.73 14 619.0 0.00
2025 11 01 01 47 17 37 1.72 14 618.9 0.00
2025 11 01 01 48 16 54 1.75 14 618.9 0.00
2025 11 01 01 49 16 39 1.73 13 618.9 0.00
2025 11 01 01 50 18 42 1.75 14 618.9 0.00
2025 11 01 01 51 19 42 1.75 15 618.9 0.00
2025 11 01 01 52 19 45 1.74 15 618.9 0.00
2025 11 01 01 53 19 38 1.74 16 618.9 0.00
2025 11 01 01 54 19 43 1.75 17 618.9 0.00
2025 11 01 01 55 18 41 1.77 16 618.9 0.00
2025 11 01 01 56 19 31 1.77 16 618.9 0.00
2025 11 01 01 57 21 42 1.79 17 618.9 0.00
2025 11 01 01 58 18 53 1.82 15 618.9 0.00
2025 11 01 01 59 17 46 1.83 15 618.8 0.00
2025 11 01 02 00 19 62 1.81 16 618.8 0.00
2025 11 01 02 01 20 48 1.87 16 618.8 0.00
2025 11 01 02 02 20 42 1.92 16 618.8 0.00
2025 11 01 02 03 20 40 1.94 16 618.8 0.00
2025 11 01 02 04 20 48 1.93 15 618.8 0.00
2025 11 01 02 05 19 40 1.87 15 618.8 0.00
2025 11 01 02 06 19 43 1.90 15 618.8 0.00
2025 11 01 02 07 19 47 1.91 14 618.8 0.00
2025 11 01 02 08 19 42 1.88 15 618.8 0.00
2025 11 01 02 09 17 50 1.90 14 618.7 0.00
2025 11 01 02 10 18 50 1.87 14 618.7 0.00
2025 11 01 02 11 18 38 1.86 14 618.7 0.00
2025 11 01 02 12 16 53 1.85 13 618.7 0.00
2025 11 01 02 13 16 48 1.78 11 618.7 0.00
2025 11 01 02 14 16 53 1.72 11 618.7 0.00
2025 11 01 02 15 16 40 1.64 11 618.7 0.00
2025 11 01 02 16 15 59 1.56 11 618.7 0.00
2025 11 01 02 17 15 50 1.51 11 618.7 0.00
2025 11 01 02 18 16 54 1.50 10 618.7 0.00
2025 11 01 02 19 15 52 1.46 11 618.7 0.00
2025 11 01 02 20 16 44 1.38 11 618.7 0.00
2025 11 01 02 21 16 52 1.32 11 618.6 0.00
2025 11 01 02 22 17 54 1.24 11 618.6 0.00
2025 11 01 02 23 16 51 1.18 11 618.6 0.00
2025 11 01 02 24 16 48 1.13 11 618.6 0.00
2025 11 01 02 25 15 52 1.13 10 618.6 0.00
2025 11 01 02 26 16 47 1.09 11 618.6 0.00
2025 11 01 02 27 16 50 1.09 11 618.6 0.00
2025 11 01 02 28 17 42 1.08 11 618.6 0.00
2025 11 01 02 29 17 39 1.09 11 618.6 0.00
2025 11 01 02 30 17 53 1.12 11 618.6 0.00
2025 11 01 02 31 17 45 1.16 12 618.6 0.00
2025 11 01 02 32 17 43 1.15 11 618.6 0.00
2025 11 01 02 33 17 55 1.13 11 618.6 0.00
2025 11 01 02 34 17 46 1.13 11 618.6 0.00
2025 11 01 02 35 19 43 1.17 13 618.6 0.00
2025 11 01 02 36 21 49 1.24 14 618.6 0.00
2025 11 01 02 37 20 43 1.27 13 618.6 0.00
2025 11 01 02 38 22 40 1.30 14 618.6 0.00
2025 11 01 02 39 21 38 1.36 15 618.6 0.00
2025 11 01 02 40 19 40 1.42 13 618.6 0.00
2025 11 01 02 41 18 42 1.44 13 618.6 0.00
2025 11 01 02 42 22 44 1.48 14 618.6 0.00
2025 11 01 02 43 22 45 1.56 15 618.6 0.00
2025 11 01 02 44 20 36 1.60 14 618.6 0.00
2025 11 01 02 45 20 45 1.60 14 618.5 0.00
2025 11 01 02 46 18 34 1.64 14 618.5 0.00
2025 11 01 02 47 19 43 1.67 14 618.5 0.00
2025 11 01 02 48 20 38 1.66 13 618.5 0.00
2025 11 01 02 49 19 43 1.69 14 618.5 0.00
2025 11 01 02 50 20 48 1.69 13 618.5 0.00
2025 11 01 02 51 20 41 1.70 13 618.5 0.00
2025 11 01 02 52 22 48 1.72 15 618.5 0.00
2025 11 01 02 53 21 42 1.78 14 618.5 0.00
2025 11 01 02 54 20 36 1.82 14 618.5 0.00
2025 11 01 02 55 20 42 1.83 13 618.5 0.00
2025 11 01 02 56 20 44 1.87 14 618.5 0.00
2025 11 01 02 57 21 46 1.87 13 618.5 0.00
2025 11 01 02 58 19 43 1.84 13 618.5 0.00
2025 11 01 02 59 19 45 1.78 12 618.4 0.00
2025 11 01 03 00 19 45 1.74 12 618.4 0.00
2025 11 01 03 01 22 42 1.71 13 618.4 0.00
2025 11 01 03 02 23 33 1.72 13 618.4 0.00
2025 11 01 03 03 22 46 1.73 13 618.4 0.00
2025 11 01 03 04 21 42 1.73 13 618.4 0.00
2025 11 01 03 05 20 38 1.73 13 618.4 0.00
2025 11 01 03 06 20 42 1.72 12 618.4 0.00
2025 11 01 03 07 21 45 1.72 12 618.4 0.00
2025 11 01 03 08 21 44 1.72 12 618.4 0.00
2025 11 01 03 09 19 42 1.70 11 618.4 0.00
2025 11 01 03 10 18 51 1.64 11 618.4 0.00
2025 11 01 03 11 19 51 1.65 11 618.4 0.00
2025 11 01 03 12 20 40 1.64 11 618.4 0.00
2025 11 01 03 13 20 43 1.64 11 618.4 0.00
2025 11 01 03 14 20 37 1.63 11 618.4 0.00
2025 11 01 03 15 20 45 1.64 11 618.4 0.00
2025 11 01 03 16 19 40 1.65 11 618.4 0.00
2025 11 01 03 17 20 45 1.67 11 618.4 0.00
2025 11 01 03 18 20 43 1.66 11 618.4 0.00
2025 11 01 03 19 21 43 1.71 10 618.4 0.00
2025 11 01 03 20 19 48 1.70 11 618.4 0.00
2025 11 01 03 21 20 37 1.68 11 618.4 0.00
2025 11 01 03 22 20 39 1.66 11 618.4 0.00
2025 11 01 03 23 20 35 1.61 11 618.4 0.00
2025 11 01 03 24 20 41 1.61 11 618.3 0.00
2025 11 01 03 25 19 46 1.59 11 618.3 0.00
2025 11 01 03 26 18 36 1.57 11 618.3 0.00
2025 11 01 03 27 19 48 1.61 12 618.3 0.00
2025 11 01 03 28 20 35 1.65 12 618.3 0.00
2025 11 01 03 29 20 40 1.70 12 618.2 0.00
2025 11 01 03 30 20 46 1.74 12 618.2 0.00
2025 11 01 03 31 20 44 1.77 12 618.2 0.00
2025 11 01 03 32 21 40 1.77 11 618.2 0.00
2025 11 01 03 33 22 42 1.80 11 618.2 0.00
2025 11 01 03 34 21 41 1.81 11 618.2 0.00
2025 11 01 03 35 21 37 1.83 11 618.2 0.00
2025 11 01 03 36 20 43 1.82 11 618.2 0.00
2025 11 01 03 37 20 43 1.83 11 618.2 0.00
2025 11 01 03 38 19 44 1.84 11 618.2 0.00
2025 11 01 03 39 21 42 1.86 11 618.2 0.00
2025 11 01 03 40 20 46 1.89 10 618.2 0.00
2025 11 01 03 41 20 46 1.91 10 618.2 0.00
2025 11 01 03 42 20 41 1.90 10 618.2 0.00
2025 11 01 03 43 20 38 1.90 10 618.2 0.00
2025 11 01 03 44 21 46 1.91 10 618.2 0.00
2025 11 01 03 45 21 37 1.91 10 618.2 0.00
2025 11 01 03 46 22 44 1.95 9 618.2 0.00
2025 11 01 03 47 21 41 1.97 9 618.2 0.00
2025 11 01 03 48 21 45 2.01 9 618.2 0.00
2025 11 01 03 49 19 40 2.02 9 618.2 0.00
2025 11 01 03 50 22 39 2.03 9 618.2 0.00
2025 11 01 03 51 20 41 2.06 9 618.2 0.00
2025 11 01 03 52 21 46 2.06 9 618.2 0.00
2025 11 01 03 53 21 38 2.06 9 618.2 0.00
2025 11 01 03 54 22 42 2.07 9 618.2 0.00
2025 11 01 03 55 23 40 2.09 9 618.2 0.00
2025 11 01 03 56 21 47 2.14 9 618.2 0.00
2025 11 01 03 57 18 36 2.12 9 618.2 0.00
2025 11 01 03 58 22 62 2.08 10 618.1 0.00
2025 11 01 03 59 20 46 2.08 9 618.1 0.00
2025 11 01 04 00 19 49 2.03 9 618.1 0.00
2025 11 01 04 01 18 42 1.98 10 618.2 0.00
2025 11 01 04 02 18 38 1.92 10 618.1 0.00
2025 11 01 04 03 19 45 1.93 9 618.2 0.00
2025 11 01 04 04 19 37 1.94 9 618.1 0.00
2025 11 01 04 05 19 41 1.95 9 618.1 0.00
2025 11 01 04 06 19 42 1.95 9 618.1 0.00
2025 11 01 04 07 21 38 2.00 8 618.1 0.00
2025 11 01 04 08 20 42 2.02 8 618.1 0.00
2025 11 01 04 09 21 44 2.06 8 618.1 0.00
2025 11 01 04 10 21 43 2.06 8 618.1 0.00
2025 11 01 04 11 22 52 2.07 7 618.1 0.00
2025 11 01 04 12 21 43 2.06 8 618.1 0.00
2025 11 01 04 13 21 38 2.08 8 618.1 0.00
2025 11 01 04 14 20 44 2.08 8 618.1 0.00
2025 11 01 04 15 19 47 2.07 8 618.1 0.00
2025 11 01 04 16 16 46 1.99 10 618.2 0.00
2025 11 01 04 17 19 49 1.89 9 618.2 0.00
2025 11 01 04 18 17 54 1.87 10 618.2 0.00
2025 11 01 04 19 17 46 1.75 11 618.1 0.00
2025 11 01 04 20 16 39 1.64 12 618.2 0.00
2025 11 01 04 21 17 44 1.58 11 618.2 0.00
2025 11 01 04 22 16 50 1.50 13 618.2 0.00
2025 11 01 04 23 17 46 1.38 13 618.2 0.00
2025 11 01 04 24 19 42 1.36 11 618.2 0.00
2025 11 01 04 25 18 55 1.39 11 618.2 0.00
2025 11 01 04 26 19 42 1.34 11 618.2 0.00
2025 11 01 04 27 20 43 1.38 10 618.2 0.00
2025 11 01 04 28 18 44 1.42 11 618.2 0.00
2025 11 01 04 29 18 41 1.42 11 618.2 0.00
2025 11 01 04 30 20 32 1.44 11 618.2 0.00
2025 11 01 04 31 17 51 1.42 12 618.2 0.00
2025 11 01 04 32 17 43 1.36 12 618.2 0.00
2025 11 01 04 33 19 39 1.40 11 618.2 0.00
2025 11 01 04 34 21 44 1.43 10 618.2 0.00
2025 11 01 04 35 21 44 1.47 10 618.2 0.00
2025 11 01 04 36 19 43 1.54 10 618.2 0.00
2025 11 01 04 37 19 35 1.58 10 618.2 0.00
2025 11 01 04 38 18 46 1.60 10 618.2 0.00
2025 11 01 04 39 18 47 1.57 11 618.2 0.00
2025 11 01 04 40 20 42 1.58 10 618.2 0.00
2025 11 01 04 41 21 56 1.58 10 618.2 0.00
2025 11 01 04 42 18 45 1.61 10 618.2 0.00
2025 11 01 04 43 16 38 1.54 12 618.2 0.00
2025 11 01 04 44 15 48 1.43 13 618.2 0.00
2025 11 01 04 45 14 49 1.34 13 618.2 0.00
2025 11 01 04 46 15 38 1.29 13 618.2 0.00
2025 11 01 04 47 15 38 1.27 12 618.3 0.00
2025 11 01 04 48 16 45 1.16 13 618.3 0.00
2025 11 01 04 49 15 41 1.11 13 618.2 0.00
2025 11 01 04 50 17 42 1.02 14 618.3 0.00
2025 11 01 04 51 16 46 0.97 15 618.3 0.00
2025 11 01 04 52 14 47 0.88 15 618.2 0.00
2025 11 01 04 53 15 47 0.80 15 618.2 0.00
2025 11 01 04 54 16 44 0.75 15 618.2 0.00
2025 11 01 04 55 16 55 0.77 13 618.3 0.00
2025 11 01 04 56 16 42 0.74 15 618.3 0.00
2025 11 01 04 57 15 34 0.69 16 618.3 0.00
2025 11 01 04 58 16 49 0.64 16 618.3 0.00
2025 11 01 04 59 17 39 0.61 15 618.3 0.00
2025 11 01 05 00 17 42 0.62 15 618.3 0.00
2025 11 01 05 01 19 36 0.70 13 618.3 0.00
2025 11 01 05 02 22 41 0.79 14 618.3 0.00
2025 11 01 05 03 19 39 0.94 13 618.2 0.00
2025 11 01 05 04 20 36 1.01 13 618.2 0.00
2025 11 01 05 05 18 43 1.05 14 618.3 0.00
2025 11 01 05 06 18 35 1.05 14 618.2 0.00
2025 11 01 05 07 20 42 1.05 14 618.2 0.00
2025 11 01 05 08 21 48 1.07 13 618.2 0.00
2025 11 01 05 09 20 35 1.12 12 618.3 0.00
2025 11 01 05 10 18 40 1.10 13 618.3 0.00
2025 11 01 05 11 21 35 1.13 12 618.3 0.00
2025 11 01 05 12 20 39 1.12 13 618.3 0.00
2025 11 01 05 13 18 35 1.02 15 618.3 0.00
2025 11 01 05 14 19 39 0.97 14 618.3 0.00
2025 11 01 05 15 20 34 0.94 14 618.3 0.00
2025 11 01 05 16 19 46 0.99 13 618.3 0.00
2025 11 01 05 17 16 46 0.98 15 618.3 0.00
2025 11 01 05 18 17 39 0.83 16 618.2 0.00
2025 11 01 05 19 19 40 0.75 16 618.2 0.00
2025 11 01 05 20 18 45 0.66 16 618.3 0.00
2025 11 01 05 21 18 45 0.61 14 618.3 0.00
2025 11 01 05 22 17 41 0.59 15 618.3 0.00
2025 11 01 05 23 18 46 0.53 16 618.3 0.00
2025 11 01 05 24 18 43 0.50 16 618.3 0.00
2025 11 01 05 25 18 48 0.46 16 618.3 0.00
2025 11 01 05 26 20 41 0.42 16 618.3 0.00
2025 11 01 05 27 21 41 0.41 15 618.3 0.00
2025 11 01 05 28 18 49 0.46 16 618.3 0.00
2025 11 01 05 29 18 44 0.42 16 618.3 0.00
2025 11 01 05 30 20 41 0.42 16 618.3 0.00
2025 11 01 05 31 20 40 0.39 16 618.3 0.00
2025 11 01 05 32 19 43 0.39 15 618.3 0.00
2025 11 01 05 33 19 45 0.40 15 618.3 0.00
2025 11 01 05 34 18 46 0.44 15 618.3 0.00
2025 11 01 05 35 19 40 0.48 14 618.3 0.00
2025 11 01 05 36 18 44 0.51 15 618.3 0.00
2025 11 01 05 37 17 44 0.45 16 618.3 0.00
2025 11 01 05 38 17 53 0.47 15 618.3 0.00
2025 11 01 05 39 18 36 0.47 15 618.3 0.00
2025 11 01 05 40 17 43 0.52 15 618.3 0.00
2025 11 01 05 41 17 38 0.52 15 618.3 0.00
2025 11 01 05 42 17 45 0.58 14 618.3 0.00
2025 11 01 05 43 16 45 0.56 15 618.3 0.00
2025 11 01 05 44 16 35 0.53 15 618.3 0.00
2025 11 01 05 45 18 41 0.55 15 618.3 0.00
2025 11 01 05 46 18 34 0.55 15 618.3 0.00
2025 11 01 05 47 18 40 0.55 15 618.3 0.00
2025 11 01 05 48 17 40 0.54 15 618.3 0.00
2025 11 01 05 49 16 37 0.54 15 618.3 0.00
2025 11 01 05 50 17 41 0.55 15 618.3 0.00
2025 11 01 05 51 19 37 0.57 14 618.4 0.00
2025 11 01 05 52 20 37 0.66 13 618.4 0.00
2025 11 01 05 53 20 42 0.80 13 618.4 0.00
2025 11 01 05 54 20 40 0.86 12 618.4 0.00
2025 11 01 05 55 20 34 0.96 12 618.4 0.00
2025 11 01 05 56 19 37 0.98 12 618.4 0.00
2025 11 01 05 57 19 38 0.97 13 618.4 0.00
2025 11 01 05 58 19 40 0.96 13 618.4 0.00
2025 11 01 05 59 19 37 0.94 13 618.4 0.00
2025 11 01 06 00 18 32 0.97 13 618.4 0.00
2025 11 01 06 01 18 39 0.94 13 618.4 0.00
2025 11 01 06 02 18 31 0.93 13 618.4 0.00
2025 11 01 06 03 19 36 0.92 13 618.4 0.00
2025 11 01 06 04 19 36 0.91 13 618.4 0.00
2025 11 01 06 05 20 47 0.96 12 618.4 0.00
2025 11 01 06 06 19 37 0.91 14 618.4 0.00
2025 11 01 06 07 20 34 0.91 13 618.4 0.00
2025 11 01 06 08 18 37 0.87 14 618.5 0.00
2025 11 01 06 09 21 36 0.80 14 618.4 0.00
2025 11 01 06 10 21 38 0.76 14 618.5 0.00
2025 11 01 06 11 19 23 0.71 15 618.5 0.00
2025 11 01 06 12 18 35 0.64 16 618.5 0.00
2025 11 01 06 13 18 31 0.55 16 618.5 0.00
2025 11 01 06 14 19 45 0.50 15 618.5 0.00
2025 11 01 06 15 20 37 0.50 15 618.5 0.00
2025 11 01 06 16 17 40 0.50 16 618.5 0.00
2025 11 01 06 17 17 41 0.47 17 618.5 0.00
2025 11 01 06 18 18 41 0.47 16 618.5 0.00
2025 11 01 06 19 20 34 0.51 14 618.5 0.00
2025 11 01 06 20 20 37 0.55 14 618.5 0.00
2025 11 01 06 21 19 35 0.61 13 618.6 0.00
2025 11 01 06 22 17 38 0.61 15 618.6 0.00
2025 11 01 06 23 17 44 0.58 16 618.6 0.00
2025 11 01 06 24 18 38 0.60 14 618.6 0.00
2025 11 01 06 25 18 33 0.62 15 618.6 0.00
2025 11 01 06 26 18 36 0.59 16 618.6 0.00
2025 11 01 06 27 17 34 0.58 16 618.6 0.00
2025 11 01 06 28 17 32 0.60 15 618.6 0.00
2025 11 01 06 29 19 34 0.69 13 618.6 0.00
2025 11 01 06 30 20 37 0.86 11 618.6 0.00
2025 11 01 06 31 18 34 0.96 13 618.7 0.00
2025 11 01 06 32 18 33 1.03 13 618.6 0.00
2025 11 01 06 33 20 38 1.09 12 618.6 0.00
2025 11 01 06 34 22 39 1.21 11 618.6 0.00
2025 11 01 06 35 21 41 1.36 10 618.5 0.00
2025 11 01 06 36 18 41 1.44 12 618.5 0.00
2025 11 01 06 37 19 41 1.49 12 618.5 0.00
2025 11 01 06 38 19 43 1.58 11 618.6 0.00
2025 11 01 06 39 18 40 1.64 11 618.5 0.00
2025 11 01 06 40 20 42 1.70 11 618.5 0.00
2025 11 01 06 41 20 42 1.76 11 618.5 0.00
2025 11 01 06 42 23 41 1.83 10 618.5 0.00
2025 11 01 06 43 23 39 1.90 10 618.5 0.00
2025 11 01 06 44 23 42 1.99 10 618.5 0.00
2025 11 01 06 45 22 39 2.06 10 618.5 0.00
2025 11 01 06 46 20 43 2.09 11 618.5 0.00
2025 11 01 06 47 22 43 2.11 12 618.5 0.00
2025 11 01 06 48 22 56 2.15 12 618.5 0.00
2025 11 01 06 49 23 42 2.19 12 618.6 0.00
2025 11 01 06 50 22 40 2.21 12 618.6 0.00
2025 11 01 06 51 22 34 2.24 12 618.6 0.00
2025 11 01 06 52 24 37 2.26 12 618.6 0.00
2025 11 01 06 53 24 39 2.33 11 618.6 0.00
2025 11 01 06 54 24 43 2.39 11 618.6 0.00
2025 11 01 06 55 23 38 2.42 12 618.6 0.00
2025 11 01 06 56 22 43 2.45 12 618.7 0.00
2025 11 01 06 57 22 42 2.47 12 618.7 0.00
2025 11 01 06 58 24 39 2.52 11 618.7 0.00
2025 11 01 06 59 24 39 2.57 11 618.7 0.00
2025 11 01 07 00 25 44 2.62 11 618.7 0.00
2025 11 01 07 01 24 35 2.66 11 618.7 0.00
2025 11 01 07 02 24 38 2.67 11 618.7 0.00
2025 11 01 07 03 24 39 2.68 12 618.7 0.00
2025 11 01 07 04 22 39 2.69 13 618.7 0.00
2025 11 01 07 05 25 41 2.71 12 618.7 0.00
2025 11 01 07 06 24 37 2.77 11 618.8 0.00
2025 11 01 07 07 24 40 2.80 12 618.8 0.00
2025 11 01 07 08 24 38 2.81 12 618.8 0.00
2025 11 01 07 09 25 40 2.83 11 618.8 0.00
2025 11 01 07 10 24 32 2.86 12 618.8 0.00
2025 11 01 07 11 23 44 2.83 12 618.8 0.00
2025 11 01 07 12 22 29 2.82 12 618.8 0.00
2025 11 01 07 13 21 37 2.79 13 618.8 0.00
2025 11 01 07 14 22 42 2.76 13 618.8 0.00
2025 11 01 07 15 25 31 2.78 12 618.8 0.00
2025 11 01 07 16 23 36 2.79 13 618.8 0.00
2025 11 01 07 17 23 38 2.82 13 618.8 0.00
2025 11 01 07 18 23 42 2.88 12 618.8 0.00
2025 11 01 07 19 24 41 2.94 12 618.8 0.00
2025 11 01 07 20 22 47 2.92 12 618.8 0.00
2025 11 01 07 21 23 34 2.87 13 618.9 0.00
2025 11 01 07 22 22 33 2.86 14 618.9 0.00
2025 11 01 07 23 20 36 2.79 14 618.9 0.00
2025 11 01 07 24 23 54 2.78 13 618.9 0.00
2025 11 01 07 25 22 33 2.80 13 618.9 0.00
2025 11 01 07 26 20 49 2.72 15 618.9 0.00
2025 11 01 07 27 19 35 2.67 16 618.9 0.00
2025 11 01 07 28 19 35 2.62 15 618.9 0.00
2025 11 01 07 29 22 39 2.56 15 618.9 0.00
2025 11 01 07 30 22 35 2.55 15 618.9 0.00
2025 11 01 07 31 24 33 2.61 14 618.9 0.00
2025 11 01 07 32 22 41 2.68 14 618.9 0.00
2025 11 01 07 33 21 31 2.64 15 618.9 0.00
2025 11 01 07 34 17 46 2.55 16 618.9 0.00
2025 11 01 07 35 20 43 2.52 15 618.9 0.00
2025 11 01 07 36 20 41 2.47 16 618.9 0.00
2025 11 01 07 37 19 46 2.38 16 619.0 0.00
2025 11 01 07 38 19 42 2.32 16 619.0 0.00
2025 11 01 07 39 21 49 2.42 16 619.0 0.00
2025 11 01 07 40 21 41 2.49 15 619.0 0.00
2025 11 01 07 41 22 46 2.45 15 619.0 0.00
2025 11 01 07 42 21 42 2.43 15 619.0 0.00
2025 11 01 07 43 21 40 2.36 15 619.0 0.00
2025 11 01 07 44 19 47 2.33 15 619.0 0.00
2025 11 01 07 45 16 41 2.23 17 619.0 0.00
2025 11 01 07 46 16 52 2.12 18 619.0 0.00
2025 11 01 07 47 17 46 2.14 19 619.0 0.00
2025 11 01 07 48 17 44 2.12 19 619.0 0.00
2025 11 01 07 49 20 54 2.20 17 619.0 0.00
2025 11 01 07 50 20 41 2.21 18 619.0 0.00
2025 11 01 07 51 21 43 2.33 14 619.0 0.00
2025 11 01 07 52 19 34 2.44 16 619.0 0.00
2025 11 01 07 53 18 40 2.38 19 619.0 0.00
2025 11 01 07 54 20 42 2.35 17 619.0 0.00
2025 11 01 07 55 21 37 2.39 14 619.0 0.00
2025 11 01 07 56 17 40 2.38 18 619.1 0.00
2025 11 01 07 57 13 51 2.25 22 619.1 0.00
2025 11 01 07 58 15 45 2.17 22 619.1 0.00
2025 11 01 07 59 16 42 2.15 23 619.1 0.00
2025 11 01 08 00 18 40 2.19 23 619.1 0.00
2025 11 01 08 01 16 39 2.19 23 619.1 0.00
2025 11 01 08 02 16 37 2.13 26 619.1 0.00
2025 11 01 08 03 17 45 2.15 20 619.1 0.00
2025 11 01 08 04 16 41 2.21 22 619.1 0.00
2025 11 01 08 05 17 41 2.21 24 619.1 0.00
2025 11 01 08 06 18 44 2.23 18 619.1 0.00
2025 11 01 08 07 17 44 2.22 19 619.1 0.00
2025 11 01 08 08 18 35 2.20 22 619.1 0.00
2025 11 01 08 09 17 41 2.27 19 619.1 0.00
2025 11 01 08 10 20 41 2.35 19 619.1 0.00
2025 11 01 08 11 17 61 2.32 22 619.1 0.00
2025 11 01 08 12 18 58 2.34 22 619.1 0.00
2025 11 01 08 13 19 43 2.38 18 619.1 0.00
2025 11 01 08 14 15 67 2.36 21 619.2 0.00
2025 11 01 08 15 13 58 2.39 24 619.2 0.00
2025 11 01 08 16 16 44 2.44 23 619.2 0.00
2025 11 01 08 17 16 39 2.37 22 619.2 0.00
2025 11 01 08 18 17 32 2.40 24 619.2 0.00
2025 11 01 08 19 19 40 2.52 23 619.2 0.00
2025 11 01 08 20 16 39 2.55 23 619.2 0.00
2025 11 01 08 21 16 50 2.50 24 619.2 0.00
2025 11 01 08 22 17 46 2.50 23 619.2 0.00
2025 11 01 08 23 16 41 2.58 23 619.2 0.00
2025 11 01 08 24 15 39 2.67 24 619.2 0.00
2025 11 01 08 25 16 40 2.74 19 619.2 0.00
2025 11 01 08 26 15 45 2.77 22 619.2 0.00
2025 11 01 08 27 16 38 2.79 22 619.2 0.00
2025 11 01 08 28 17 36 2.86 21 619.2 0.00
2025 11 01 08 29 16 52 2.93 21 619.3 0.00
2025 11 01 08 30 15 43 2.91 22 619.3 0.00
2025 11 01 08 31 15 42 2.83 21 619.3 0.00
2025 11 01 08 32 15 55 2.77 24 619.3 0.00
2025 11 01 08 33 16 41 2.74 24 619.3 0.00
2025 11 01 08 34 17 43 2.78 21 619.3 0.00
2025 11 01 08 35 15 40 2.72 24 619.3 0.00
2025 11 01 08 36 16 36 2.72 26 619.3 0.00
2025 11 01 08 37 17 51 2.85 24 619.3 0.00
2025 11 01 08 38 16 52 2.87 21 619.3 0.00
2025 11 01 08 39 17 49 3.00 20 619.3 0.00
2025 11 01 08 40 18 48 3.07 20 619.3 0.00
2025 11 01 08 41 16 58 3.17 23 619.3 0.00
2025 11 01 08 42 18 43 3.28 17 619.3 0.00
2025 11 01 08 43 19 55 3.35 18 619.3 0.00
2025 11 01 08 44 21 37 3.54 18 619.3 0.00
2025 11 01 08 45 18 49 3.48 17 619.3 0.00
2025 11 01 08 46 18 44 3.50 19 619.3 0.00
2025 11 01 08 47 18 32 3.46 21 619.3 0.00
2025 11 01 08 48 16 35 3.36 23 619.3 0.00
2025 11 01 08 49 17 42 3.46 18 619.3 0.00
2025 11 01 08 50 19 35 3.49 18 619.3 0.00
2025 11 01 08 51 19 26 3.49 18 619.3 0.00
2025 11 01 08 52 17 39 3.56 17 619.3 0.00
2025 11 01 08 53 19 32 3.64 19 619.3 0.00
2025 11 01 08 54 19 41 3.67 22 619.3 0.00
2025 11 01 08 55 18 38 3.55 25 619.3 0.00
2025 11 01 08 56 17 34 3.45 22 619.4 0.00
2025 11 01 08 57 17 48 3.38 19 619.4 0.00
2025 11 01 08 58 18 33 3.35 17 619.4 0.00
2025 11 01 08 59 17 46 3.38 16 619.4 0.00
2025 11 01 09 00 18 50 3.41 21 619.4 0.00
2025 11 01 09 01 17 52 3.45 22 619.4 0.00
2025 11 01 09 02 18 42 3.57 24 619.4 0.00
2025 11 01 09 03 19 43 3.60 21 619.4 0.00
2025 11 01 09 04 20 45 3.62 20 619.4 0.00
2025 11 01 09 05 19 33 3.58 20 619.4 0.00
2025 11 01 09 06 19 43 3.55 22 619.4 0.00
2025 11 01 09 07 20 45 3.61 20 619.5 0.00
2025 11 01 09 08 17 32 3.50 23 619.5 0.00
2025 11 01 09 09 19 51 3.61 22 619.5 0.00
2025 11 01 09 10 20 40 3.72 21 619.5 0.00
2025 11 01 09 11 18 47 3.85 21 619.5 0.00
2025 11 01 09 12 19 54 3.90 19 619.5 0.00
2025 11 01 09 13 19 42 4.01 18 619.5 0.00
2025 11 01 09 14 20 44 4.05 18 619.5 0.00
2025 11 01 09 15 22 55 4.10 20 619.5 0.00
2025 11 01 09 16 21 50 4.11 22 619.5 0.00
2025 11 01 09 17 20 36 4.14 22 619.5 0.00
2025 11 01 09 18 21 53 4.24 22 619.5 0.00
2025 11 01 09 19 18 53 4.27 23 619.5 0.00
2025 11 01 09 20 20 43 4.29 22 619.5 0.00
2025 11 01 09 21 21 36 4.28 23 619.5 0.00
2025 11 01 09 22 19 42 4.18 24 619.6 0.00
2025 11 01 09 23 21 50 4.11 22 619.6 0.00
2025 11 01 09 24 20 26 4.09 21 619.6 0.00
2025 11 01 09 25 19 41 4.10 23 619.6 0.00
2025 11 01 09 26 20 49 4.16 22 619.6 0.00
2025 11 01 09 27 18 37 4.15 19 619.6 0.00
2025 11 01 09 28 18 40 4.10 20 619.6 0.00
2025 11 01 09 29 17 31 4.09 20 619.6 0.00
2025 11 01 09 30 17 54 4.15 18 619.6 0.00
2025 11 01 09 31 16 51 4.20 17 619.6 0.00
2025 11 01 09 32 16 51 4.21 19 619.6 0.00
2025 11 01 09 33 18 37 4.29 19 619.6 0.00
2025 11 01 09 34 18 42 4.21 18 619.6 0.00
2025 11 01 09 35 17 45 4.26 16 619.6 0.00
2025 11 01 09 36 18 54 4.32 20 619.6 0.00
2025 11 01 09 37 19 38 4.40 21 619.6 0.00
2025 11 01 09 38 17 44 4.41 20 619.6 0.00
2025 11 01 09 39 17 50 4.44 17 619.6 0.00
2025 11 01 09 40 17 48 4.33 18 619.6 0.00
2025 11 01 09 41 16 61 4.28 20 619.6 0.00
2025 11 01 09 42 18 42 4.24 20 619.6 0.00
2025 11 01 09 43 18 46 4.25 22 619.6 0.00
2025 11 01 09 44 18 35 4.27 22 619.6 0.00
2025 11 01 09 45 19 34 4.44 21 619.6 0.00
2025 11 01 09 46 19 52 4.50 22 619.6 0.00
2025 11 01 09 47 19 41 4.71 20 619.6 0.00
2025 11 01 09 48 20 41 4.67 21 619.6 0.00
2025 11 01 09 49 21 48 4.81 20 619.6 0.00
2025 11 01 09 50 18 39 4.70 20 619.6 0.00
2025 11 01 09 51 20 58 4.74 20 619.6 0.00
2025 11 01 09 52 19 45 4.92 21 619.6 0.00
2025 11 01 09 53 17 51 4.91 22 619.6 0.00
2025 11 01 09 54 20 45 5.09 20 619.6 0.00
2025 11 01 09 55 21 51 5.19 19 619.6 0.00
2025 11 01 09 56 19 50 5.17 17 619.6 0.00
2025 11 01 09 57 18 43 5.06 17 619.6 0.00
2025 11 01 09 58 19 55 4.96 17 619.6 0.00
2025 11 01 09 59 18 33 5.03 17 619.6 0.00
2025 11 01 10 00 20 42 4.98 18 619.6 0.00
2025 11 01 10 01 20 35 4.99 17 619.6 0.00
2025 11 01 10 02 18 49 4.91 18 619.6 0.00
2025 11 01 10 03 19 45 4.86 19 619.6 0.00
2025 11 01 10 04 19 36 4.92 17 619.6 0.00
2025 11 01 10 05 20 53 5.05 17 619.6 0.00
2025 11 01 10 06 19 56 5.00 17 619.6 0.00
2025 11 01 10 07 21 59 5.10 18 619.6 0.00
2025 11 01 10 08 19 45 5.02 15 619.6 0.00
2025 11 01 10 09 21 39 5.10 16 619.6 0.00
2025 11 01 10 10 21 44 5.16 14 619.6 0.00
2025 11 01 10 11 20 44 5.22 17 619.6 0.00
2025 11 01 10 12 20 43 5.24 18 619.6 0.00
2025 11 01 10 13 20 44 5.20 18 619.6 0.00
2025 11 01 10 14 19 55 5.20 19 619.5 0.00
2025 11 01 10 15 18 34 5.06 21 619.5 0.00
2025 11 01 10 16 20 41 5.01 20 619.5 0.00
2025 11 01 10 17 21 46 4.98 20 619.5 0.00
2025 11 01 10 18 20 39 4.92 19 619.5 0.00
2025 11 01 10 19 18 55 4.98 20 619.5 0.00
2025 11 01 10 20 18 56 5.02 21 619.5 0.00
2025 11 01 10 21 17 42 5.02 19 619.5 0.00
2025 11 01 10 22 18 25 5.17 17 619.5 0.00
2025 11 01 10 23 18 39 5.21 17 619.5 0.00
2025 11 01 10 24 20 43 5.27 15 619.5 0.00
2025 11 01 10 25 19 51 5.24 16 619.5 0.00
2025 11 01 10 26 20 32 5.30 15 619.4 0.00
2025 11 01 10 27 21 43 5.37 15 619.4 0.00
2025 11 01 10 28 21 45 5.41 15 619.4 0.00
2025 11 01 10 29 18 51 5.36 16 619.4 0.00
2025 11 01 10 30 21 70 5.31 17 619.4 0.00
2025 11 01 10 31 23 56 5.32 18 619.4 0.00
2025 11 01 10 32 20 46 5.19 19 619.4 0.00
2025 11 01 10 33 22 54 5.16 19 619.4 0.00
2025 11 01 10 34 21 52 5.12 19 619.4 0.00
2025 11 01 10 35 19 50 5.01 19 619.4 0.00
2025 11 01 10 36 23 50 5.11 19 619.4 0.00
2025 11 01 10 37 20 53 5.15 18 619.4 0.00
2025 11 01 10 38 21 42 5.25 15 619.4 0.00
2025 11 01 10 39 20 50 5.18 14 619.4 0.00
2025 11 01 10 40 21 54 5.14 16 619.4 0.00
2025 11 01 10 41 19 67 5.16 17 619.4 0.00
2025 11 01 10 42 22 50 5.29 17 619.3 0.00
2025 11 01 10 43 21 31 5.32 17 619.3 0.00
2025 11 01 10 44 23 59 5.36 16 619.4 0.00
2025 11 01 10 45 19 56 5.33 17 619.3 0.00
2025 11 01 10 46 21 49 5.23 16 619.3 0.00
2025 11 01 10 47 21 38 5.26 15 619.3 0.00
2025 11 01 10 48 23 65 5.39 16 619.3 0.00
2025 11 01 10 49 19 63 5.48 17 619.3 0.00
2025 11 01 10 50 19 44 5.42 16 619.3 0.00
2025 11 01 10 51 18 47 5.32 16 619.3 0.00
2025 11 01 10 52 18 47 5.23 16 619.3 0.00
2025 11 01 10 53 17 32 5.29 17 619.3 0.00
2025 11 01 10 54 21 48 5.50 17 619.2 0.00
2025 11 01 10 55 21 51 5.54 18 619.2 0.00
2025 11 01 10 56 21 54 5.54 21 619.2 0.00
2025 11 01 10 57 17 46 5.51 21 619.2 0.00
2025 11 01 10 58 21 45 5.57 19 619.2 0.00
2025 11 01 10 59 21 36 5.56 20 619.2 0.00
2025 11 01 11 00 20 54 5.53 21 619.2 0.00
2025 11 01 11 01 20 57 5.51 21 619.1 0.00
2025 11 01 11 02 20 59 5.37 20 619.1 0.00
2025 11 01 11 03 21 39 5.43 20 619.1 0.00
2025 11 01 11 04 21 49 5.51 16 619.1 0.00
2025 11 01 11 05 21 62 5.58 17 619.1 0.00
2025 11 01 11 06 20 37 5.60 18 619.0 0.00
2025 11 01 11 07 21 42 5.81 17 619.0 0.00
2025 11 01 11 08 18 45 5.85 19 619.0 0.00
2025 11 01 11 09 22 48 5.94 18 619.0 0.00
2025 11 01 11 10 21 54 5.99 17 619.0 0.00
2025 11 01 11 11 18 46 5.89 20 619.0 0.00
2025 11 01 11 12 19 61 5.93 19 619.0 0.00
2025 11 01 11 13 21 52 5.91 19 619.0 0.00
2025 11 01 11 14 19 40 5.87 18 619.0 0.00
2025 11 01 11 15 21 59 5.82 19 619.0 0.00
2025 11 01 11 16 18 40 5.80 18 619.0 0.00
2025 11 01 11 17 21 57 5.93 20 618.9 0.00
2025 11 01 11 18 20 64 5.89 20 618.9 0.00
2025 11 01 11 19 21 30 5.84 19 618.9 0.00
2025 11 01 11 20 21 60 5.80 19 618.9 0.00
2025 11 01 11 21 17 31 5.76 20 618.9 0.00
2025 11 01 11 22 24 50 6.05 20 618.9 0.00
2025 11 01 11 23 22 59 6.15 17 618.9 0.00
2025 11 01 11 24 22 61 6.09 17 618.8 0.00
2025 11 01 11 25 20 83 6.01 17 618.8 0.00
2025 11 01 11 26 18 47 5.99 19 618.8 0.00
2025 11 01 11 27 20 50 5.93 19 618.8 0.00
2025 11 01 11 28 21 54 5.91 20 618.8 0.00
2025 11 01 11 29 22 55 5.95 22 618.8 0.00
2025 11 01 11 30 20 80 5.78 23 618.8 0.00
2025 11 01 11 31 23 61 5.78 23 618.8 0.00
2025 11 01 11 32 18 25 5.72 25 618.8 0.00
2025 11 01 11 33 20 46 5.78 23 618.8 0.00
2025 11 01 11 34 18 56 5.82 19 618.7 0.00
2025 11 01 11 35 18 70 5.74 18 618.8 0.00
2025 11 01 11 36 18 60 5.68 21 618.8 0.00
2025 11 01 11 37 22 49 5.75 20 618.8 0.00
2025 11 01 11 38 18 50 5.79 19 618.8 0.00
2025 11 01 11 39 17 71 5.79 20 618.8 0.00
2025 11 01 11 40 17 49 5.75 20 618.7 0.00
2025 11 01 11 41 16 48 5.83 20 618.8 0.00
2025 11 01 11 42 18 44 5.80 21 618.7 0.00
2025 11 01 11 43 19 51 5.87 19 618.8 0.00
2025 11 01 11 44 19 44 5.90 18 618.7 0.00
2025 11 01 11 45 20 48 5.93 17 618.7 0.00
2025 11 01 11 46 19 53 5.89 18 618.8 0.00
2025 11 01 11 47 17 46 5.81 19 618.8 0.00
2025 11 01 11 48 17 34 5.75 20 618.7 0.00
2025 11 01 11 49 16 52 5.71 19 618.7 0.00
2025 11 01 11 50 20 64 5.87 18 618.7 0.00
2025 11 01 11 51 19 55 5.99 18 618.7 0.00
2025 11 01 11 52 18 32 5.98 17 618.7 0.00
2025 11 01 11 53 17 98 6.02 18 618.7 0.00
2025 11 01 11 54 17 68 5.98 18 618.6 0.00
2025 11 01 11 55 17 46 5.96 20 618.6 0.00
2025 11 01 11 56 16 57 5.95 20 618.6 0.00
2025 11 01 11 57 14 92 5.89 21 618.6 0.00
2025 11 01 11 58 16 55 6.10 21 618.6 0.00
2025 11 01 11 59 13 61 6.05 19 618.6 0.00
2025 11 01 12 00 16 48 6.25 19 618.6 0.00
2025 11 01 12 01 18 52 6.36 17 618.6 0.00
2025 11 01 12 02 17 81 6.34 17 618.6 0.00
2025 11 01 12 03 16 42 6.50 16 618.6 0.00
2025 11 01 12 04 14 38 6.45 17 618.6 0.00
2025 11 01 12 05 11 62 6.43 17 618.6 0.00
2025 11 01 12 06 15 42 6.50 17 618.6 0.00
2025 11 01 12 07 17 49 6.55 17 618.6 0.00
2025 11 01 12 08 15 63 6.39 18 618.6 0.00
2025 11 01 12 09 13 54 6.32 19 618.6 0.00
2025 11 01 12 10 16 66 6.35 21 618.6 0.00
2025 11 01 12 11 11 89 6.17 22 618.6 0.00
2025 11 01 12 12 9 75 6.04 22 618.6 0.00
2025 11 01 12 13 15 33 6.10 22 618.5 0.00
2025 11 01 12 14 16 58 6.21 20 618.5 0.00
2025 11 01 12 15 20 60 6.33 19 618.5 0.00
2025 11 01 12 16 17 43 6.24 18 618.5 0.00
2025 11 01 12 17 17 67 6.13 19 618.5 0.00
2025 11 01 12 18 12 45 6.06 20 618.5 0.00
2025 11 01 12 19 14 38 6.06 19 618.5 0.00
2025 11 01 12 20 15 29 5.95 19 618.5 0.00
2025 11 01 12 21 17 40 5.88 20 618.5 0.00
2025 11 01 12 22 17 51 5.82 19 618.5 0.00
2025 11 01 12 23 13 63 5.79 20 618.5 0.00
2025 11 01 12 24 10 68 5.74 21 618.5 0.00
2025 11 01 12 25 11 86 5.84 21 618.5 0.00
2025 11 01 12 26 11 103 5.94 21 618.5 0.00
2025 11 01 12 27 15 63 5.96 21 618.5 0.00
2025 11 01 12 28 13 58 5.92 20 618.5 0.00
2025 11 01 12 29 14 57 5.94 19 618.5 0.00
2025 11 01 12 30 10 59 5.95 19 618.5 0.00
2025 11 01 12 31 11 49 5.94 19 618.5 0.00
2025 11 01 12 32 16 56 6.06 18 618.5 0.00
2025 11 01 12 33 13 41 6.02 16 618.5 0.00
2025 11 01 12 34 14 33 5.99 17 618.5 0.00
2025 11 01 12 35 17 55 6.11 16 618.4 0.00
2025 11 01 12 36 15 54 6.04 15 618.5 0.00
2025 11 01 12 37 14 41 5.97 15 618.5 0.00
2025 11 01 12 38 13 47 5.88 17 618.5 0.00
2025 11 01 12 39 12 34 5.88 17 618.5 0.00
2025 11 01 12 40 14 29 6.00 20 618.5 0.00
2025 11 01 12 41 9 68 5.90 20 618.4 0.00
2025 11 01 12 42 20 38 6.11 19 618.4 0.00
2025 11 01 12 43 20 34 6.06 18 618.4 0.00
2025 11 01 12 44 16 25 6.10 16 618.3 0.00
2025 11 01 12 45 15 56 6.21 18 618.3 0.00
2025 11 01 12 46 17 65 6.31 18 618.2 0.00
2025 11 01 12 47 15 58 6.26 17 618.2 0.00
2025 11 01 12 48 15 52 6.35 18 618.2 0.00
2025 11 01 12 49 15 68 6.43 18 618.2 0.00
2025 11 01 12 50 12 80 6.43 19 618.2 0.00
2025 11 01 12 51 7 49 6.35 20 618.2 0.00
2025 11 01 12 52 15 56 6.43 18 618.2 0.00
2025 11 01 12 53 11 62 6.31 16 618.2 0.00
2025 11 01 12 54 14 81 6.39 16 618.2 0.00
2025 11 01 12 55 12 56 6.43 15 618.2 0.00
2025 11 01 12 56 14 67 6.53 17 618.2 0.00
2025 11 01 12 57 8 56 6.39 18 618.2 0.00
2025 11 01 12 58 4 79 6.32 19 618.3 0.00
2025 11 01 12 59 10 54 6.44 19 618.2 0.00
2025 11 01 13 00 13 83 6.51 18 618.1 0.00
2025 11 01 13 01 13 43 6.56 18 618.1 0.00
2025 11 01 13 02 10 81 6.53 18 618.1 0.00
2025 11 01 13 03 5 40 6.37 19 618.1 0.00
2025 11 01 13 04 9 72 6.26 22 618.1 0.00
2025 11 01 13 05 12 63 6.17 21 618.1 0.00
2025 11 01 13 06 10 26 6.15 21 618.1 0.00
2025 11 01 13 07 8 91 6.12 21 618.1 0.00
2025 11 01 13 08 9 105 6.28 22 618.1 0.00
2025 11 01 13 09 9 97 6.24 22 618.0 0.00
2025 11 01 13 10 10 29 6.39 21 618.0 0.00
2025 11 01 13 11 10 56 6.57 21 618.0 0.00
2025 11 01 13 12 12 54 6.76 20 618.0 0.00
2025 11 01 13 13 11 75 6.80 19 618.1 0.00
2025 11 01 13 14 7 59 6.65 18 618.1 0.00
2025 11 01 13 15 9 66 6.69 20 618.0 0.00
2025 11 01 13 16 9 67 6.75 21 618.0 0.00
2025 11 01 13 17 9 58 6.69 22 618.0 0.00
2025 11 01 13 18 9 18 6.62 21 618.0 0.00
2025 11 01 13 19 10 63 6.66 21 618.0 0.00
2025 11 01 13 20 11 35 6.55 22 618.0 0.00
2025 11 01 13 21 7 32 6.32 23 618.0 0.00
2025 11 01 13 22 6 52 6.32 22 618.0 0.00
2025 11 01 13 23 11 73 6.29 21 618.0 0.00
2025 11 01 13 24 14 47 6.31 21 617.9 0.00
2025 11 01 13 25 11 40 6.27 22 617.9 0.00
2025 11 01 13 26 10 72 6.38 22 618.0 0.00
2025 11 01 13 27 9 47 6.43 21 617.9 0.00
2025 11 01 13 28 8 93 6.52 20 617.9 0.00
2025 11 01 13 29 7 83 6.50 20 617.9 0.00
2025 11 01 13 30 6 57 6.44 20 617.9 0.00
2025 11 01 13 31 11 35 6.57 20 617.9 0.00
2025 11 01 13 32 14 32 6.53 19 617.9 0.00
2025 11 01 13 33 13 39 6.56 19 617.9 0.00
2025 11 01 13 34 14 52 6.71 21 617.9 0.00
2025 11 01 13 35 12 24 6.75 22 617.9 0.00
2025 11 01 13 36 16 37 6.84 23 617.9 0.00
2025 11 01 13 37 12 24 6.78 23 617.9 0.00
2025 11 01 13 38 11 90 6.68 24 617.9 0.00
2025 11 01 13 39 9 73 6.72 22 617.9 0.00
2025 11 01 13 40 8 75 6.60 22 617.9 0.00
2025 11 01 13 41 7 70 6.63 23 617.9 0.00
2025 11 01 13 42 8 66 6.60 22 617.9 0.00
2025 11 01 13 43 7 55 6.54 21 617.9 0.00
2025 11 01 13 44 7 42 6.55 22 617.9 0.00
2025 11 01 13 45 10 41 6.67 22 617.8 0.00
2025 11 01 13 46 11 57 6.72 21 617.8 0.00
2025 11 01 13 47 5 89 6.61 21 617.8 0.00
2025 11 01 13 48 1 110 6.70 21 617.8 0.00
2025 11 01 13 49 3 84 6.67 21 617.8 0.00
2025 11 01 13 50 7 53 6.67 21 617.8 0.00
2025 11 01 13 51 9 58 6.64 22 617.8 0.00
2025 11 01 13 52 11 65 6.72 23 617.8 0.00
2025 11 01 13 53 12 38 6.74 22 617.8 0.00
2025 11 01 13 54 12 44 6.83 21 617.8 0.00
2025 11 01 13 55 14 36 6.88 21 617.8 0.00
2025 11 01 13 56 11 28 6.77 21 617.8 0.00
2025 11 01 13 57 9 47 6.69 21 617.8 0.00
2025 11 01 13 58 13 64 6.77 18 617.7 0.00
2025 11 01 13 59 13 59 6.74 18 617.7 0.00
2025 11 01 14 00 12 63 6.75 19 617.7 0.00
2025 11 01 14 01 10 56 6.70 19 617.7 0.00
2025 11 01 14 02 11 49 6.71 19 617.7 0.00
2025 11 01 14 03 9 20 6.82 20 617.7 0.00
2025 11 01 14 04 12 42 6.93 22 617.7 0.00
2025 11 01 14 05 12 73 7.00 22 617.6 0.00
2025 11 01 14 06 11 66 6.97 22 617.7 0.00
2025 11 01 14 07 9 23 6.89 22 617.7 0.00
2025 11 01 14 08 9 43 6.77 23 617.7 0.00
2025 11 01 14 09 18 50 6.74 24 617.6 0.00
2025 11 01 14 10 18 66 6.64 24 617.6 0.00
2025 11 01 14 11 13 52 6.48 26 617.6 0.00
2025 11 01 14 12 13 75 6.37 33 617.6 0.00
2025 11 01 14 13 12 52 6.29 36 617.6 0.00
2025 11 01 14 14 9 55 6.21 38 617.6 0.00
2025 11 01 14 15 13 50 6.15 35 617.6 0.00
2025 11 01 14 16 10 84 6.09 30 617.6 0.00
2025 11 01 14 17 13 51 6.12 26 617.5 0.00
2025 11 01 14 18 15 31 6.10 28 617.5 0.00
2025 11 01 14 19 13 43 6.12 29 617.6 0.00
2025 11 01 14 20 12 54 6.12 30 617.6 0.00
2025 11 01 14 21 13 76 6.20 32 617.5 0.00
2025 11 01 14 22 10 45 6.19 33 617.6 0.00
2025 11 01 14 23 7 57 6.18 31 617.6 0.00
2025 11 01 14 24 12 44 6.40 24 617.6 0.00
2025 11 01 14 25 16 42 6.60 23 617.5 0.00
2025 11 01 14 26 16 72 6.75 24 617.5 0.00
2025 11 01 14 27 14 42 6.83 26 617.5 0.00
2025 11 01 14 28 17 56 6.88 25 617.5 0.00
2025 11 01 14 29 11 40 6.67 26 617.6 0.00
2025 11 01 14 30 8 51 6.64 26 617.6 0.00
2025 11 01 14 31 7 96 6.72 26 617.5 0.00
2025 11 01 14 32 8 66 6.75 28 617.5 0.00
2025 11 01 14 33 9 74 6.76 30 617.5 0.00
2025 11 01 14 34 11 62 6.73 30 617.5 0.00
2025 11 01 14 35 11 82 6.72 28 617.5 0.00
2025 11 01 14 36 13 42 6.74 27 617.5 0.00
2025 11 01 14 37 15 35 6.63 27 617.5 0.00
2025 11 01 14 38 11 44 6.47 28 617.5 0.00
2025 11 01 14 39 13 67 6.41 28 617.5 0.00
2025 11 01 14 40 12 53 6.40 30 617.5 0.00
2025 11 01 14 41 12 74 6.33 31 617.5 0.00
2025 11 01 14 42 10 60 6.25 31 617.5 0.00
2025 11 01 14 43 8 72 6.21 31 617.5 0.00
2025 11 01 14 44 5 98 6.11 31 617.5 0.00
2025 11 01 14 45 10 56 6.10 32 617.5 0.00
2025 11 01 14 46 15 69 6.05 32 617.5 0.00
2025 11 01 14 47 7 60 5.93 31 617.5 0.00
2025 11 01 14 48 14 61 5.92 28 617.5 0.00
2025 11 01 14 49 15 59 5.95 29 617.5 0.00
2025 11 01 14 50 13 36 5.99 30 617.5 0.00
2025 11 01 14 51 13 42 5.93 33 617.5 0.00
2025 11 01 14 52 14 60 5.95 34 617.5 0.00
2025 11 01 14 53 9 51 5.95 34 617.5 0.00
2025 11 01 14 54 8 72 5.89 35 617.5 0.00
2025 11 01 14 55 12 55 5.87 32 617.5 0.00
2025 11 01 14 56 14 44 5.80 24 617.5 0.00
2025 11 01 14 57 13 39 5.82 25 617.4 0.00
2025 11 01 14 58 15 46 5.99 26 617.4 0.00
2025 11 01 14 59 17 46 6.04 28 617.4 0.00
2025 11 01 15 00 16 20 5.96 25 617.4 0.00
2025 11 01 15 01 10 61 5.88 25 617.5 0.00
2025 11 01 15 02 9 74 5.88 26 617.4 0.00
2025 11 01 15 03 11 54 5.87 25 617.4 0.00
2025 11 01 15 04 14 49 5.81 25 617.4 0.00
2025 11 01 15 05 9 53 5.69 26 617.4 0.00
2025 11 01 15 06 12 59 5.69 26 617.4 0.00
2025 11 01 15 07 12 30 5.71 26 617.4 0.00
2025 11 01 15 08 14 8 5.68 24 617.4 0.00
2025 11 01 15 09 15 66 5.67 24 617.4 0.00
2025 11 01 15 10 12 66 5.68 25 617.4 0.00
2025 11 01 15 11 13 87 5.65 25 617.4 0.00
2025 11 01 15 12 9 111 5.58 25 617.4 0.00
2025 11 01 15 13 6 80 5.51 25 617.4 0.00
2025 11 01 15 14 7 47 5.50 26 617.4 0.00
2025 11 01 15 15 13 50 5.56 25 617.4 0.00
2025 11 01 15 16 14 29 5.64 23 617.4 0.00
2025 11 01 15 17 16 46 5.68 23 617.4 0.00
2025 11 01 15 18 14 24 5.66 24 617.4 0.00
2025 11 01 15 19 10 52 5.56 25 617.4 0.00
2025 11 01 15 20 8 77 5.55 26 617.4 0.00
2025 11 01 15 21 11 44 5.69 25 617.4 0.00
2025 11 01 15 22 14 49 5.67 25 617.4 0.00
2025 11 01 15 23 9 64 5.66 27 617.4 0.00
2025 11 01 15 24 9 85 5.64 28 617.4 0.00
2025 11 01 15 25 5 59 5.56 29 617.4 0.00
2025 11 01 15 26 10 44 5.56 31 617.4 0.00
2025 11 01 15 27 13 50 5.55 29 617.4 0.00
2025 11 01 15 28 13 58 5.45 30 617.4 0.00
2025 11 01 15 29 12 45 5.44 30 617.4 0.00
2025 11 01 15 30 11 44 5.31 30 617.4 0.00
2025 11 01 15 31 12 108 5.39 31 617.4 0.00
2025 11 01 15 32 11 48 5.37 31 617.4 0.00
2025 11 01 15 33 10 78 5.34 32 617.4 0.00
2025 11 01 15 34 8 87 5.37 33 617.4 0.00
2025 11 01 15 35 5 74 5.26 32 617.4 0.00
2025 11 01 15 36 6 71 5.30 33 617.4 0.00
2025 11 01 15 37 5 50 5.35 33 617.4 0.00
2025 11 01 15 38 7 86 5.35 32 617.4 0.00
2025 11 01 15 39 5 75 5.27 35 617.4 0.00
2025 11 01 15 40 10 54 5.24 34 617.4 0.00
2025 11 01 15 41 12 61 5.19 35 617.4 0.00
2025 11 01 15 42 10 47 5.13 37 617.4 0.00
2025 11 01 15 43 10 51 5.03 37 617.4 0.00
2025 11 01 15 44 8 47 4.94 38 617.4 0.00
2025 11 01 15 45 8 59 4.87 39 617.4 0.00
2025 11 01 15 46 8 56 4.77 41 617.4 0.00
2025 11 01 15 47 6 42 4.70 42 617.4 0.00
2025 11 01 15 48 8 49 4.59 47 617.4 0.00
2025 11 01 15 49 9 81 4.53 48 617.4 0.00
2025 11 01 15 50 9 74 4.50 50 617.3 0.00
2025 11 01 15 51 10 52 4.52 50 617.3 0.00
2025 11 01 15 52 12 70 4.53 46 617.3 0.00
2025 11 01 15 53 11 35 4.54 38 617.3 0.00
2025 11 01 15 54 13 62 4.57 37 617.3 0.00
2025 11 01 15 55 11 58 4.55 34 617.4 0.00
2025 11 01 15 56 8 71 4.57 36 617.4 0.00
2025 11 01 15 57 8 41 4.56 36 617.4 0.00
2025 11 01 15 58 10 37 4.53 34 617.4 0.00
2025 11 01 15 59 12 64 4.55 34 617.4 0.00
2025 11 01 16 00 12 60 4.55 36 617.4 0.00
2025 11 01 16 01 12 60 4.61 34 617.4 0.00
2025 11 01 16 02 10 59 4.62 34 617.4 0.00
2025 11 01 16 03 9 45 4.60 33 617.4 0.00
2025 11 01 16 04 9 39 4.62 26 617.4 0.00
2025 11 01 16 05 10 37 4.67 23 617.4 0.00
2025 11 01 16 06 9 58 4.67 25 617.4 0.00
2025 11 01 16 07 7 50 4.68 24 617.4 0.00
2025 11 01 16 08 5 66 4.69 26 617.4 0.00
2025 11 01 16 09 7 67 4.71 28 617.4 0.00
2025 11 01 16 10 9 69 4.76 28 617.3 0.00
2025 11 01 16 11 9 66 4.76 27 617.3 0.00
2025 11 01 16 12 9 60 4.77 26 617.3 0.00
2025 11 01 16 13 12 56 4.80 25 617.3 0.00
2025 11 01 16 14 10 61 4.79 25 617.3 0.00
2025 11 01 16 15 10 53 4.76 24 617.3 0.00
2025 11 01 16 16 10 51 4.75 23 617.3 0.00
2025 11 01 16 17 9 67 4.70 21 617.3 0.00
2025 11 01 16 18 7 62 4.70 24 617.3 0.00
2025 11 01 16 19 6 59 4.71 25 617.3 0.00
2025 11 01 16 20 5 81 4.69 26 617.3 0.00
2025 11 01 16 21 3 68 4.68 28 617.3 0.00
2025 11 01 16 22 3 76 4.67 27 617.3 0.00
2025 11 01 16 23 7 55 4.67 23 617.3 0.00
2025 11 01 16 24 7 69 4.65 26 617.3 0.00
2025 11 01 16 25 5 57 4.62 28 617.3 0.00
2025 11 01 16 26 6 69 4.62 28 617.3 0.00
2025 11 01 16 27 10 62 4.66 24 617.3 0.00
2025 11 01 16 28 10 69 4.67 28 617.4 0.00
2025 11 01 16 29 7 51 4.64 26 617.4 0.00
2025 11 01 16 30 6 68 4.62 26 617.3 0.00
2025 11 01 16 31 6 80 4.57 24 617.3 0.00
2025 11 01 16 32 3 88 4.50 25 617.3 0.00
2025 11 01 16 33 1 64 4.45 25 617.3 0.00
2025 11 01 16 34 2 60 4.42 28 617.3 0.00
2025 11 01 16 35 4 71 4.41 28 617.3 0.00
2025 11 01 16 36 6 52 4.37 27 617.3 0.00
2025 11 01 16 37 7 55 4.33 27 617.3 0.00
2025 11 01 16 38 6 65 4.31 26 617.3 0.00
2025 11 01 16 39 6 73 4.27 21 617.3 0.00
2025 11 01 16 40 5 56 4.27 21 617.3 0.00
2025 11 01 16 41 6 53 4.27 23 617.3 0.00
2025 11 01 16 42 8 53 4.26 27 617.3 0.00
2025 11 01 16 43 7 42 4.27 27 617.3 0.00
2025 11 01 16 44 5 64 4.22 26 617.3 0.00
2025 11 01 16 45 6 62 4.21 24 617.3 0.00
2025 11 01 16 46 7 67 4.17 24 617.3 0.00
2025 11 01 16 47 7 64 4.13 22 617.3 0.00
2025 11 01 16 48 7 63 4.10 20 617.3 0.00
2025 11 01 16 49 8 53 4.10 20 617.4 0.00
2025 11 01 16 50 7 52 4.10 22 617.4 0.00
2025 11 01 16 51 7 27 4.09 21 617.4 0.00
2025 11 01 16 52 7 26 4.11 23 617.4 0.00
2025 11 01 16 53 4 27 4.10 22 617.4 0.00
2025 11 01 16 54 2 21 4.17 21 617.4 0.00
2025 11 01 16 55 0 21 4.17 21 617.4 0.00
2025 11 01 16 56 0 22 4.22 21 617.4 0.00
2025 11 01 16 57 0 24 4.29 21 617.4 0.00
2025 11 01 16 58 0 48 4.33 21 617.4 0.00
2025 11 01 16 59 0 46 4.39 22 617.4 0.00
2025 11 01 17 00 0 50 4.40 21 617.4 0.00
2025 11 01 17 01 0 46 4.36 19 617.4 0.00
2025 11 01 17 02 0 40 4.33 18 617.4 0.00
2025 11 01 17 03 1 41 4.33 17 617.4 0.00
2025 11 01 17 04 2 39 4.33 16 617.4 0.00
2025 11 01 17 05 1 39 4.29 16 617.4 0.00
2025 11 01 17 06 0 42 4.27 17 617.4 0.00
2025 11 01 17 07 1 54 4.28 18 617.4 0.00
2025 11 01 17 08 1 55 4.26 17 617.4 0.00
2025 11 01 17 09 1 61 4.23 18 617.4 0.00
2025 11 01 17 10 2 72 4.20 19 617.4 0.00
2025 11 01 17 11 1 138 4.19 28 617.4 0.00
2025 11 01 17 12 0 99 4.23 30 617.4 0.00
2025 11 01 17 13 0 64 4.17 24 617.4 0.00
2025 11 01 17 14 3 49 4.09 21 617.4 0.00
2025 11 01 17 15 5 52 4.00 20 617.4 0.00
2025 11 01 17 16 5 59 3.93 19 617.4 0.00
2025 11 01 17 17 5 47 3.86 19 617.4 0.00
2025 11 01 17 18 4 45 3.76 18 617.4 0.00
2025 11 01 17 19 4 51 3.68 18 617.4 0.00
2025 11 01 17 20 3 45 3.64 19 617.4 0.00
2025 11 01 17 21 7 40 3.58 17 617.4 0.00
2025 11 01 17 22 7 37 3.55 17 617.4 0.00
2025 11 01 17 23 5 47 3.53 17 617.4 0.00
2025 11 01 17 24 6 51 3.51 18 617.4 0.00
2025 11 01 17 25 5 53 3.48 17 617.4 0.00
2025 11 01 17 26 6 43 3.46 18 617.4 0.00
2025 11 01 17 27 8 47 3.43 16 617.4 0.00
2025 11 01 17 28 9 37 3.41 16 617.4 0.00
2025 11 01 17 29 9 32 3.39 16 617.4 0.00
2025 11 01 17 30 10 33 3.37 16 617.4 0.00
2025 11 01 17 31 8 41 3.36 17 617.4 0.00
2025 11 01 17 32 6 44 3.34 18 617.4 0.00
2025 11 01 17 33 8 41 3.29 16 617.4 0.00
2025 11 01 17 34 9 37 3.25 16 617.4 0.00
2025 11 01 17 35 9 54 3.24 15 617.4 0.00
2025 11 01 17 36 10 51 3.20 15 617.4 0.00
2025 11 01 17 37 10 48 3.15 14 617.4 0.00
2025 11 01 17 38 10 59 3.12 14 617.4 0.00
2025 11 01 17 39 9 72 3.11 15 617.4 0.00
2025 11 01 17 40 7 67 3.08 16 617.4 0.00
2025 11 01 17 41 7 56 3.03 16 617.4 0.00
2025 11 01 17 42 7 37 2.98 16 617.4 0.00
2025 11 01 17 43 6 50 2.94 17 617.4 0.00
2025 11 01 17 44 5 54 2.89 18 617.4 0.00
2025 11 01 17 45 6 41 2.84 19 617.4 0.00
2025 11 01 17 46 7 43 2.81 20 617.4 0.00
2025 11 01 17 47 8 43 2.75 19 617.4 0.00
2025 11 01 17 48 9 43 2.72 17 617.4 0.00
2025 11 01 17 49 10 50 2.70 17 617.4 0.00
2025 11 01 17 50 9 50 2.66 18 617.4 0.00
2025 11 01 17 51 9 51 2.63 18 617.4 0.00
2025 11 01 17 52 8 50 2.63 18 617.4 0.00
2025 11 01 17 53 7 53 2.63 16 617.4 0.00
2025 11 01 17 54 8 52 2.63 16 617.4 0.00
2025 11 01 17 55 8 60 2.64 16 617.4 0.00
2025 11 01 17 56 9 57 2.64 17 617.4 0.00
2025 11 01 17 57 9 54 2.63 17 617.4 0.00
2025 11 01 17 58 9 55 2.59 18 617.4 0.00
2025 11 01 17 59 8 56 2.57 17 617.4 0.00
2025 11 01 18 00 8 57 2.55 18 617.4 0.00
2025 11 01 18 01 8 53 2.53 18 617.4 0.00
2025 11 01 18 02 7 51 2.50 17 617.4 0.00
2025 11 01 18 03 8 49 2.48 18 617.4 0.00
2025 11 01 18 04 7 47 2.46 17 617.4 0.00
2025 11 01 18 05 8 50 2.44 17 617.4 0.00
2025 11 01 18 06 8 54 2.40 18 617.4 0.00
2025 11 01 18 07 8 58 2.42 16 617.4 0.00
2025 11 01 18 08 7 54 2.40 17 617.5 0.00
2025 11 01 18 09 6 58 2.37 16 617.5 0.00
2025 11 01 18 10 5 62 2.36 16 617.5 0.00
2025 11 01 18 11 3 66 2.36 16 617.5 0.00
2025 11 01 18 12 2 61 2.34 17 617.5 0.00
2025 11 01 18 13 3 56 2.31 17 617.5 0.00
2025 11 01 18 14 4 56 2.28 16 617.5 0.00
2025 11 01 18 15 5 56 2.29 16 617.5 0.00
2025 11 01 18 16 6 51 2.32 15 617.5 0.00
2025 11 01 18 17 6 49 2.36 15 617.5 0.00
2025 11 01 18 18 6 52 2.39 13 617.4 0.00
2025 11 01 18 19 6 50 2.42 15 617.4 0.00
2025 11 01 18 20 6 52 2.44 16 617.4 0.00
2025 11 01 18 21 4 54 2.44 16 617.5 0.00
2025 11 01 18 22 3 56 2.42 16 617.5 0.00
2025 11 01 18 23 1 64 2.42 15 617.5 0.00
2025 11 01 18 24 0 64 2.42 15 617.5 0.00
2025 11 01 18 25 0 63 2.43 14 617.5 0.00
2025 11 01 18 26 2 60 2.45 14 617.5 0.00
2025 11 01 18 27 4 57 2.45 14 617.5 0.00
2025 11 01 18 28 5 55 2.45 14 617.5 0.00
2025 11 01 18 29 5 53 2.43 14 617.5 0.00
2025 11 01 18 30 4 54 2.40 13 617.5 0.00
2025 11 01 18 31 4 54 2.39 13 617.5 0.00
2025 11 01 18 32 4 45 2.36 13 617.5 0.00
2025 11 01 18 33 3 52 2.38 13 617.6 0.00
2025 11 01 18 34 3 58 2.34 13 617.6 0.00
2025 11 01 18 35 5 61 2.30 13 617.6 0.00
2025 11 01 18 36 7 59 2.32 14 617.6 0.00
2025 11 01 18 37 5 53 2.36 13 617.6 0.00
2025 11 01 18 38 5 66 2.36 13 617.6 0.00
2025 11 01 18 39 5 58 2.38 13 617.6 0.00
2025 11 01 18 40 4 56 2.38 13 617.5 0.00
2025 11 01 18 41 5 57 2.35 13 617.5 0.00
2025 11 01 18 42 5 58 2.30 13 617.6 0.00
2025 11 01 18 43 6 62 2.27 13 617.6 0.00
2025 11 01 18 44 6 61 2.27 13 617.6 0.00
2025 11 01 18 45 5 61 2.22 13 617.6 0.00
2025 11 01 18 46 5 58 2.25 13 617.6 0.00
2025 11 01 18 47 3 61 2.27 13 617.7 0.00
2025 11 01 18 48 1 63 2.26 13 617.7 0.00
2025 11 01 18 49 0 60 2.26 13 617.7 0.00
2025 11 01 18 50 0 58 2.28 12 617.8 0.00
2025 11 01 18 51 0 60 2.29 12 617.8 0.00
2025 11 01 18 52 2 52 2.30 12 617.7 0.00
2025 11 01 18 53 5 55 2.30 12 617.7 0.00
2025 11 01 18 54 7 56 2.32 13 617.7 0.00
2025 11 01 18 55 8 54 2.33 13 617.7 0.00
2025 11 01 18 56 8 56 2.31 13 617.7 0.00
2025 11 01 18 57 7 56 2.28 12 617.8 0.00
2025 11 01 18 58 6 64 2.25 13 617.8 0.00
2025 11 01 18 59 4 68 2.27 13 617.8 0.00
2025 11 01 19 00 3 71 2.32 13 617.8 0.00
2025 11 01 19 01 4 67 2.31 13 617.8 0.00
2025 11 01 19 02 7 63 2.29 13 617.8 0.00
2025 11 01 19 03 7 64 2.25 13 617.8 0.00
2025 11 01 19 04 7 59 2.26 14 617.8 0.00
2025 11 01 19 05 8 51 2.23 14 617.8 0.00
2025 11 01 19 06 7 59 2.22 14 617.8 0.00
2025 11 01 19 07 7 44 2.24 14 617.8 0.00
2025 11 01 19 08 7 54 2.23 14 617.8 0.00
2025 11 01 19 09 8 62 2.22 14 617.8 0.00
2025 11 01 19 10 8 60 2.20 14 617.8 0.00
2025 11 01 19 11 8 68 2.18 14 617.8 0.00
2025 11 01 19 12 9 67 2.15 13 617.8 0.00
2025 11 01 19 13 9 67 2.12 13 617.8 0.00
2025 11 01 19 14 8 72 2.06 13 617.8 0.00
2025 11 01 19 15 7 69 1.99 13 617.8 0.00
2025 11 01 19 16 8 79 1.92 13 617.8 0.00
2025 11 01 19 17 6 72 1.81 13 617.8 0.00
2025 11 01 19 18 6 77 1.72 13 617.8 0.00
2025 11 01 19 19 6 76 1.65 13 617.8 0.00
2025 11 01 19 20 8 59 1.62 13 617.9 0.00
2025 11 01 19 21 8 77 1.65 13 617.9 0.00
2025 11 01 19 22 9 82 1.69 13 617.8 0.00
2025 11 01 19 23 9 82 1.73 12 617.8 0.00
2025 11 01 19 24 7 74 1.69 12 617.8 0.00
2025 11 01 19 25 9 66 1.74 12 617.8 0.00
2025 11 01 19 26 9 85 1.72 12 617.8 0.00
2025 11 01 19 27 8 70 1.68 12 617.9 0.00
2025 11 01 19 28 9 79 1.67 13 617.9 0.00
2025 11 01 19 29 7 82 1.74 13 617.9 0.00
2025 11 01 19 30 6 83 1.73 13 617.9 0.00
2025 11 01 19 31 6 83 1.68 13 617.9 0.00
2025 11 01 19 32 6 79 1.60 13 617.9 0.00
2025 11 01 19 33 6 77 1.57 13 617.9 0.00
2025 11 01 19 34 6 78 1.59 13 617.9 0.00
2025 11 01 19 35 8 67 1.62 13 617.9 0.00
2025 11 01 19 36 8 74 1.62 13 617.9 0.00
2025 11 01 19 37 9 75 1.58 13 618.0 0.00
2025 11 01 19 38 8 87 1.56 14 618.0 0.00
2025 11 01 19 39 8 74 1.55 13 618.0 0.00
2025 11 01 19 40 8 81 1.59 13 618.0 0.00
2025 11 01 19 41 8 87 1.51 14 618.0 0.00
2025 11 01 19 42 8 90 1.46 15 617.9 0.00
2025 11 01 19 43 8 81 1.40 15 617.9 0.00
2025 11 01 19 44 9 85 1.35 14 617.9 0.00
2025 11 01 19 45 8 90 1.33 14 617.9 0.00
2025 11 01 19 46 8 80 1.28 13 617.9 0.00
2025 11 01 19 47 8 91 1.23 14 617.9 0.00
2025 11 01 19 48 7 94 1.20 14 617.9 0.00
2025 11 01 19 49 6 96 1.20 13 618.0 0.00
2025 11 01 19 50 5 83 1.21 13 618.0 0.00
2025 11 01 19 51 4 89 1.24 13 618.0 0.00
2025 11 01 19 52 4 96 1.30 13 618.0 0.00
2025 11 01 19 53 5 91 1.34 13 618.1 0.00
2025 11 01 19 54 6 92 1.40 13 618.1 0.00
2025 11 01 19 55 6 92 1.44 14 618.1 0.00
2025 11 01 19 56 7 89 1.49 14 618.1 0.00
2025 11 01 19 57 8 88 1.49 15 618.0 0.00
2025 11 01 19 58 9 81 1.46 15 618.0 0.00
2025 11 01 19 59 10 84 1.41 16 618.0 0.00
2025 11 01 20 00 10 82 1.36 16 618.0 0.00
2025 11 01 20 01 9 87 1.28 16 618.0 0.00
2025 11 01 20 02 8 76 1.24 15 618.0 0.00
2025 11 01 20 03 8 87 1.20 15 618.0 0.00
2025 11 01 20 04 8 75 1.17 15 618.0 0.00
2025 11 01 20 05 8 88 1.16 15 618.0 0.00
2025 11 01 20 06 7 85 1.17 15 618.0 0.00
2025 11 01 20 07 9 90 1.16 15 618.0 0.00
2025 11 01 20 08 9 87 1.17 15 618.0 0.00
2025 11 01 20 09 9 86 1.21 15 618.0 0.00
2025 11 01 20 10 9 86 1.25 16 618.0 0.00
2025 11 01 20 11 10 86 1.25 16 618.0 0.00
2025 11 01 20 12 10 87 1.26 17 618.0 0.00
2025 11 01 20 13 9 82 1.26 17 618.0 0.00
2025 11 01 20 14 9 78 1.28 17 618.0 0.00
2025 11 01 20 15 9 83 1.34 16 618.0 0.00
2025 11 01 20 16 8 83 1.35 16 618.0 0.00
2025 11 01 20 17 9 92 1.33 17 618.0 0.00
2025 11 01 20 18 8 96 1.32 17 618.0 0.00
2025 11 01 20 19 8 93 1.32 17 618.0 0.00
2025 11 01 20 20 8 95 1.36 17 618.0 0.00
2025 11 01 20 21 8 100 1.37 17 618.0 0.00
2025 11 01 20 22 8 90 1.35 18 618.0 0.00
2025 11 01 20 23 10 88 1.32 17 618.0 0.00
2025 11 01 20 24 10 81 1.30 17 618.0 0.00
2025 11 01 20 25 10 90 1.30 17 618.0 0.00
2025 11 01 20 26 9 85 1.30 17 618.0 0.00
2025 11 01 20 27 8 83 1.27 18 618.0 0.00
2025 11 01 20 28 8 96 1.25 18 618.0 0.00
2025 11 01 20 29 7 94 1.23 18 618.0 0.00
2025 11 01 20 30 7 99 1.23 18 618.0 0.00
2025 11 01 20 31 7 92 1.23 18 618.0 0.00
2025 11 01 20 32 8 95 1.25 18 618.0 0.00
2025 11 01 20 33 8 89 1.27 18 618.0 0.00
2025 11 01 20 34 8 80 1.28 18 618.0 0.00
2025 11 01 20 35 9 78 1.33 18 618.0 0.00
2025 11 01 20 36 9 83 1.37 17 618.0 0.00
2025 11 01 20 37 9 6 1.39 16 618.0 0.00
2025 11 01 20 38 9 90 1.37 16 618.0 0.00
2025 11 01 20 39 8 45 1.38 16 618.0 0.00
2025 11 01 20 40 9 62 1.36 16 618.0 0.00
2025 11 01 20 41 9 88 1.34 16 618.0 0.00
2025 11 01 20 42 9 97 1.28 17 618.1 0.00
2025 11 01 20 43 9 26 1.23 17 618.1 0.00
2025 11 01 20 44 9 85 1.22 17 618.1 0.00
2025 11 01 20 45 9 94 1.24 18 618.1 0.00
2025 11 01 20 46 8 96 1.21 17 618.0 0.00
2025 11 01 20 47 8 92 1.18 17 618.0 0.00
2025 11 01 20 48 8 82 1.17 18 618.0 0.00
2025 11 01 20 49 7 68 1.16 18 618.0 0.00
2025 11 01 20 50 9 95 1.14 18 618.0 0.00
2025 11 01 20 51 8 98 1.13 18 618.0 0.00
2025 11 01 20 52 7 103 1.14 18 618.0 0.00
2025 11 01 20 53 6 100 1.16 19 618.0 0.00
2025 11 01 20 54 7 106 1.19 19 618.0 0.00
2025 11 01 20 55 7 100 1.25 19 618.0 0.00
2025 11 01 20 56 8 96 1.24 19 618.0 0.00
2025 11 01 20 57 8 100 1.23 19 618.0 0.00
2025 11 01 20 58 8 100 1.21 19 618.0 0.00
2025 11 01 20 59 7 101 1.21 19 618.0 0.00
2025 11 01 21 00 7 97 1.22 19 618.1 0.00
2025 11 01 21 01 7 95 1.22 19 618.1 0.00
2025 11 01 21 02 6 87 1.21 19 618.1 0.00
2025 11 01 21 03 8 91 1.18 19 618.1 0.00
2025 11 01 21 04 8 95 1.16 19 618.1 0.00
2025 11 01 21 05 7 28 1.11 19 618.1 0.00
2025 11 01 21 06 7 96 1.11 19 618.1 0.00
2025 11 01 21 07 8 101 1.19 19 618.1 0.00
2025 11 01 21 08 6 98 1.23 19 618.1 0.00
2025 11 01 21 09 7 101 1.24 20 618.1 0.00
2025 11 01 21 10 7 105 1.25 20 618.1 0.00
2025 11 01 21 11 8 99 1.26 20 618.1 0.00
2025 11 01 21 12 9 98 1.25 20 618.1 0.00
2025 11 01 21 13 8 93 1.31 20 618.1 0.00
2025 11 01 21 14 7 93 1.40 20 618.1 0.00
2025 11 01 21 15 6 94 1.49 20 618.1 0.00
2025 11 01 21 16 6 100 1.54 20 618.1 0.00
2025 11 01 21 17 7 106 1.57 20 618.1 0.00
2025 11 01 21 18 7 106 1.62 20 618.1 0.00
2025 11 01 21 19 7 103 1.65 20 618.1 0.00
2025 11 01 21 20 7 106 1.68 20 618.1 0.00
2025 11 01 21 21 6 98 1.70 20 618.1 0.00
2025 11 01 21 22 7 100 1.68 20 618.0 0.00
2025 11 01 21 23 8 98 1.60 20 618.0 0.00
2025 11 01 21 24 9 97 1.53 20 618.0 0.00
2025 11 01 21 25 9 95 1.45 20 618.0 0.00
2025 11 01 21 26 9 107 1.41 20 618.0 0.00
2025 11 01 21 27 7 101 1.37 20 618.1 0.00
2025 11 01 21 28 7 104 1.35 19 618.1 0.00
2025 11 01 21 29 6 121 1.34 19 618.1 0.00
2025 11 01 21 30 5 105 1.34 19 618.1 0.00
2025 11 01 21 31 7 100 1.32 20 618.1 0.00
2025 11 01 21 32 8 94 1.32 21 618.1 0.00
2025 11 01 21 33 9 86 1.35 21 618.1 0.00
2025 11 01 21 34 9 86 1.38 20 618.0 0.00
2025 11 01 21 35 10 90 1.39 20 618.0 0.00
2025 11 01 21 36 9 96 1.39 20 618.0 0.00
2025 11 01 21 37 8 99 1.38 18 618.0 0.00
2025 11 01 21 38 8 97 1.35 18 618.0 0.00
2025 11 01 21 39 8 97 1.33 18 618.0 0.00
2025 11 01 21 40 8 97 1.28 19 618.0 0.00
2025 11 01 21 41 9 96 1.24 21 618.0 0.00
2025 11 01 21 42 8 93 1.23 21 618.0 0.00
2025 11 01 21 43 9 99 1.22 20 618.0 0.00
2025 11 01 21 44 9 75 1.23 18 618.0 0.00
2025 11 01 21 45 9 96 1.23 19 618.0 0.00
2025 11 01 21 46 9 93 1.24 19 618.0 0.00
2025 11 01 21 47 8 72 1.24 19 618.0 0.00
2025 11 01 21 48 8 97 1.20 18 618.0 0.00
2025 11 01 21 49 8 94 1.17 19 617.9 0.00
2025 11 01 21 50 8 99 1.11 18 617.9 0.00
2025 11 01 21 51 9 97 1.07 19 617.9 0.00
2025 11 01 21 52 9 96 1.05 19 617.9 0.00
2025 11 01 21 53 9 99 1.05 20 617.9 0.00
2025 11 01 21 54 9 95 1.05 20 617.9 0.00
2025 11 01 21 55 9 98 1.06 19 617.9 0.00
2025 11 01 21 56 8 100 1.06 19 617.9 0.00
2025 11 01 21 57 8 106 1.07 20 617.9 0.00
2025 11 01 21 58 7 105 1.09 21 617.9 0.00
2025 11 01 21 59 6 100 1.11 21 617.9 0.00
2025 11 01 22 00 6 135 1.13 21 617.9 0.00
2025 11 01 22 01 3 108 1.22 21 618.0 0.00
2025 11 01 22 02 4 106 1.23 21 618.0 0.00
2025 11 01 22 03 5 116 1.25 21 618.0 0.00
2025 11 01 22 04 4 137 1.27 21 617.9 0.00
2025 11 01 22 05 4 105 1.32 21 617.9 0.00
2025 11 01 22 06 6 132 1.33 22 617.9 0.00
2025 11 01 22 07 6 104 1.35 21 617.9 0.00
2025 11 01 22 08 8 100 1.32 21 617.9 0.00
2025 11 01 22 09 8 95 1.30 22 617.9 0.00
2025 11 01 22 10 9 96 1.32 22 617.8 0.00
2025 11 01 22 11 8 98 1.34 21 617.8 0.00
2025 11 01 22 12 8 101 1.32 19 617.8 0.00
2025 11 01 22 13 8 96 1.26 15 617.8 0.00
2025 11 01 22 14 8 97 1.23 14 617.8 0.00
2025 11 01 22 15 8 96 1.20 14 617.8 0.00
2025 11 01 22 16 9 98 1.17 14 617.8 0.00
2025 11 01 22 17 9 104 1.17 14 617.8 0.00
2025 11 01 22 18 7 104 1.22 15 617.8 0.00
2025 11 01 22 19 6 100 1.23 14 617.8 0.00
2025 11 01 22 20 7 97 1.22 14 617.8 0.00
2025 11 01 22 21 7 96 1.22 13 617.8 0.00
2025 11 01 22 22 7 96 1.22 14 617.8 0.00
2025 11 01 22 23 7 100 1.21 13 617.8 0.00
2025 11 01 22 24 6 94 1.20 13 617.9 0.00
2025 11 01 22 25 7 93 1.16 13 617.9 0.00
2025 11 01 22 26 8 93 1.14 14 617.9 0.00
2025 11 01 22 27 8 91 1.15 14 617.9 0.00
2025 11 01 22 28 7 95 1.19 14 617.9 0.00
2025 11 01 22 29 8 96 1.22 14 617.8 0.00
2025 11 01 22 30 9 96 1.21 14 617.8 0.00
2025 11 01 22 31 9 90 1.21 14 617.8 0.00
2025 11 01 22 32 9 94 1.21 14 617.8 0.00
2025 11 01 22 33 9 93 1.18 14 617.8 0.00
2025 11 01 22 34 9 96 1.17 14 617.7 0.00
2025 11 01 22 35 9 97 1.12 14 617.7 0.00
2025 11 01 22 36 10 96 1.07 14 617.7 0.00
2025 11 01 22 37 10 99 1.04 14 617.7 0.00
2025 11 01 22 38 9 96 1.01 15 617.7 0.00
2025 11 01 22 39 10 97 1.04 18 617.7 0.00
2025 11 01 22 40 9 89 1.03 17 617.7 0.00
2025 11 01 22 41 10 94 1.01 18 617.7 0.00
2025 11 01 22 42 10 97 0.98 15 617.7 0.00
2025 11 01 22 43 10 84 0.95 15 617.7 0.00
2025 11 01 22 44 9 58 0.92 15 617.7 0.00
2025 11 01 22 45 10 95 0.89 15 617.7 0.00
2025 11 01 22 46 9 95 0.84 15 617.7 0.00
2025 11 01 22 47 9 95 0.82 15 617.7 0.00
2025 11 01 22 48 9 95 0.88 15 617.7 0.00
2025 11 01 22 49 9 111 0.95 15 617.7 0.00
2025 11 01 22 50 9 84 0.96 15 617.7 0.00
2025 11 01 22 51 9 96 1.01 15 617.7 0.00
2025 11 01 22 52 10 95 1.02 15 617.6 0.00
2025 11 01 22 53 10 85 0.93 15 617.6 0.00
2025 11 01 22 54 11 96 0.83 15 617.6 0.00
2025 11 01 22 55 11 93 0.76 16 617.6 0.00
2025 11 01 22 56 12 98 0.66 16 617.5 0.00
2025 11 01 22 57 11 94 0.58 16 617.5 0.00
2025 11 01 22 58 12 102 0.49 16 617.5 0.00
2025 11 01 22 59 11 56 0.40 16 617.5 0.00
2025 11 01 23 00 10 99 0.35 17 617.5 0.00
2025 11 01 23 01 10 98 0.30 17 617.5 0.00
2025 11 01 23 02 11 97 0.24 17 617.6 0.00
2025 11 01 23 03 11 87 0.19 17 617.5 0.00
2025 11 01 23 04 12 41 0.18 17 617.5 0.00
2025 11 01 23 05 12 90 0.16 17 617.5 0.00
2025 11 01 23 06 11 101 0.12 17 617.5 0.00
2025 11 01 23 07 12 96 0.10 16 617.5 0.00
2025 11 01 23 08 12 99 0.09 16 617.5 0.00
2025 11 01 23 09 12 103 0.07 17 617.4 0.00
2025 11 01 23 10 12 108 0.04 17 617.4 0.00
2025 11 01 23 11 11 97 0.03 17 617.4 0.00
2025 11 01 23 12 11 102 0.01 17 617.4 0.00
2025 11 01 23 13 11 106 0.01 17 617.4 0.00
2025 11 01 23 14 11 125 -0.00 17 617.4 0.00
2025 11 01 23 15 11 103 -0.00 17 617.4 0.00
2025 11 01 23 16 12 98 0.01 17 617.3 0.00
2025 11 01 23 17 13 95 0.01 18 617.3 0.00
2025 11 01 23 18 13 98 0.01 18 617.3 0.00
2025 11 01 23 19 12 97 -0.01 18 617.3 0.00
2025 11 01 23 20 12 96 -0.02 18 617.3 0.00
2025 11 01 23 21 12 91 -0.01 18 617.4 0.00
2025 11 01 23 22 12 96 -0.02 18 617.4 0.00
2025 11 01 23 23 11 119 -0.02 18 617.4 0.00
2025 11 01 23 24 10 96 -0.01 19 617.4 0.00
2025 11 01 23 25 11 87 -0.02 19 617.4 0.00
2025 11 01 23 26 11 98 -0.02 19 617.4 0.00
2025 11 01 23 27 11 97 -0.03 19 617.4 0.00
2025 11 01 23 28 11 97 -0.05 19 617.4 0.00
2025 11 01 23 29 12 99 -0.05 18 617.3 0.00
2025 11 01 23 30 12 99 -0.02 18 617.3 0.00
2025 11 01 23 31 11 103 -0.01 19 617.3 0.00
2025 11 01 23 32 11 99 -0.01 19 617.3 0.00
2025 11 01 23 33 10 98 -0.02 19 617.3 0.00
2025 11 01 23 34 11 109 -0.02 19 617.3 0.00
2025 11 01 23 35 10 123 -0.03 19 617.3 0.00
2025 11 01 23 36 10 99 -0.02 20 617.3 0.00
2025 11 01 23 37 11 102 -0.02 20 617.3 0.00
2025 11 01 23 38 10 97 -0.04 21 617.2 0.00
2025 11 01 23 39 10 106 -0.07 21 617.2 0.00
2025 11 01 23 40 8 1 -0.08 21 617.2 0.00
2025 11 01 23 41 8 116 -0.06 21 617.2 0.00
2025 11 01 23 42 7 121 -0.01 21 617.2 0.00
2025 11 01 23 43 8 121 0.03 20 617.2 0.00
2025 11 01 23 44 7 86 0.08 20 617.2 0.00
2025 11 01 23 45 7 97 0.11 20 617.2 0.00
2025 11 01 23 46 7 93 0.12 19 617.2 0.00
2025 11 01 23 47 7 136 0.12 19 617.2 0.00
2025 11 01 23 48 8 115 0.14 19 617.1 0.00
2025 11 01 23 49 8 178 0.20 17 617.1 0.00
2025 11 01 23 50 7 122 0.26 17 617.1 0.00
2025 11 01 23 51 8 104 0.31 17 617.1 0.00
2025 11 01 23 52 8 102 0.35 17 617.1 0.00
2025 11 01 23 53 9 121 0.38 17 617.1 0.00
2025 11 01 23 54 8 126 0.40 17 617.0 0.00
2025 11 01 23 55 8 9 0.45 16 617.0 0.00
2025 11 01 23 56 9 123 0.46 16 617.0 0.00
2025 11 01 23 57 8 126 0.48 16 617.0 0.00
2025 11 01 23 58 9 115 0.50 16 617.0 0.00
2025 11 01 23 59 7 102 0.53 16 617.0 0.00
2025 11 02 00 00 9 92 0.52 16 617.0 0.00
2025 11 02 00 01 9 86 0.53 16 617.1 0.00
2025 11 02 00 02 10 101 0.55 17 617.1 0.00
2025 11 02 00 03 10 131 0.56 17 617.1 0.00
2025 11 02 00 04 9 107 0.59 19 617.1 0.00
2025 11 02 00 05 11 108 0.59 19 617.1 0.00
2025 11 02 00 06 12 135 0.59 20 617.0 0.00
2025 11 02 00 07 12 102 0.58 20 617.0 0.00
2025 11 02 00 08 12 99 0.59 21 617.0 0.00
2025 11 02 00 09 13 99 0.57 20 617.0 0.00
2025 11 02 00 10 12 95 0.55 20 617.0 0.00
2025 11 02 00 11 13 106 0.53 20 617.0 0.00
2025 11 02 00 12 12 78 0.51 21 617.0 0.00
2025 11 02 00 13 11 106 0.52 22 616.9 0.00
2025 11 02 00 14 12 77 0.53 22 616.9 0.00
2025 11 02 00 15 13 103 0.51 22 616.9 0.00
2025 11 02 00 16 13 93 0.51 23 616.8 0.00
2025 11 02 00 17 12 102 0.50 22 616.9 0.00
2025 11 02 00 18 12 93 0.51 22 616.8 0.00
2025 11 02 00 19 12 113 0.51 22 616.8 0.00
2025 11 02 00 20 13 174 0.53 21 616.8 0.00
2025 11 02 00 21 12 97 0.56 21 616.8 0.00
2025 11 02 00 22 14 27 0.58 19 616.8 0.00
2025 11 02 00 23 13 100 0.59 19 616.8 0.00
2025 11 02 00 24 13 103 0.60 18 616.8 0.00
2025 11 02 00 25 14 96 0.58 18 616.8 0.00
2025 11 02 00 26 13 100 0.56 19 616.8 0.00
2025 11 02 00 27 13 153 0.55 19 616.8 0.00
2025 11 02 00 28 10 85 0.53 19 616.8 0.00
2025 11 02 00 29 9 96 0.54 19 616.8 0.00
2025 11 02 00 30 10 125 0.54 19 616.8 0.00
2025 11 02 00 31 10 123 0.55 20 616.8 0.00
2025 11 02 00 32 11 100 0.57 20 616.8 0.00
2025 11 02 00 33 12 98 0.61 20 616.8 0.00
2025 11 02 00 34 13 108 0.63 20 616.8 0.00
2025 11 02 00 35 13 99 0.63 20 616.7 0.00
2025 11 02 00 36 14 123 0.61 20 616.7 0.00
2025 11 02 00 37 13 41 0.59 20 616.7 0.00
2025 11 02 00 38 13 100 0.57 19 616.7 0.00
2025 11 02 00 39 13 98 0.55 18 616.7 0.00
2025 11 02 00 40 13 81 0.53 18 616.7 0.00
2025 11 02 00 41 12 98 0.53 17 616.7 0.00
2025 11 02 00 42 11 108 0.53 17 616.7 0.00
2025 11 02 00 43 10 116 0.53 17 616.7 0.00
2025 11 02 00 44 10 56 0.49 17 616.7 0.00
2025 11 02 00 45 11 106 0.47 16 616.7 0.00
2025 11 02 00 46 10 106 0.46 16 616.7 0.00
2025 11 02 00 47 10 96 0.46 16 616.7 0.00
2025 11 02 00 48 10 141 0.45 16 616.7 0.00
2025 11 02 00 49 9 103 0.43 15 616.7 0.00
2025 11 02 00 50 10 130 0.41 15 616.7 0.00
2025 11 02 00 51 10 127 0.40 15 616.7 0.00
2025 11 02 00 52 10 136 0.39 15 616.7 0.00
2025 11 02 00 53 11 69 0.36 15 616.7 0.00
2025 11 02 00 54 11 126 0.33 15 617.0 0.00
2025 11 02 00 55 11 106 0.31 15 616.6 0.00
2025 11 02 00 56 13 25 0.29 15 616.6 0.00
2025 11 02 00 57 12 93 0.28 16 616.6 0.00
2025 11 02 00 58 10 119 0.29 16 616.6 0.00
2025 11 02 00 59 9 121 0.32 16 616.6 0.00
2025 11 02 01 00 9 91 0.33 15 616.6 0.00
2025 11 02 01 01 8 148 0.33 15 616.6 0.00
2025 11 02 01 02 8 92 0.36 15 616.6 0.00
2025 11 02 01 03 10 99 0.39 15 616.5 0.00
2025 11 02 01 04 11 95 0.40 15 616.5 0.00
2025 11 02 01 05 10 104 0.43 15 616.5 0.00
2025 11 02 01 06 12 49 0.44 16 616.5 0.00
2025 11 02 01 07 11 97 0.47 16 616.5 0.00
2025 11 02 01 08 10 102 0.50 16 616.5 0.00
2025 11 02 01 09 8 100 0.53 15 616.5 0.00
2025 11 02 01 10 9 80 0.53 15 616.5 0.00
2025 11 02 01 11 9 65 0.55 15 616.5 0.00
2025 11 02 01 12 9 95 0.53 15 616.4 0.00
2025 11 02 01 13 10 132 0.52 15 616.4 0.00
2025 11 02 01 14 10 105 0.51 15 616.4 0.00
2025 11 02 01 15 10 116 0.48 15 616.4 0.00
2025 11 02 01 16 8 116 0.49 15 616.4 0.00
2025 11 02 01 17 9 132 0.47 15 616.4 0.00
2025 11 02 01 18 9 102 0.49 15 616.4 0.00
2025 11 02 01 19 9 100 0.52 15 616.4 0.00
2025 11 02 01 20 9 75 0.55 15 616.3 0.00
2025 11 02 01 21 9 101 0.59 15 616.3 0.00
2025 11 02 01 22 10 115 0.62 16 616.3 0.00
2025 11 02 01 23 9 159 0.66 16 616.3 0.00
2025 11 02 01 24 8 72 0.72 16 616.4 0.00
2025 11 02 01 25 9 117 0.73 16 616.4 0.00
2025 11 02 01 26 8 89 0.77 16 616.4 0.00
2025 11 02 01 27 8 116 0.80 15 616.4 0.00
2025 11 02 01 28 8 64 0.81 15 616.4 0.00
2025 11 02 01 29 9 115 0.80 15 616.3 0.00
2025 11 02 01 30 10 90 0.79 15 616.3 0.00
2025 11 02 01 31 10 97 0.80 15 616.3 0.00
2025 11 02 01 32 11 102 0.79 16 616.3 0.00
2025 11 02 01 33 11 127 0.76 15 616.3 0.00
2025 11 02 01 34 10 103 0.77 16 616.3 0.00
2025 11 02 01 35 11 95 0.78 15 616.2 0.00
2025 11 02 01 36 10 1 0.78 16 616.2 0.00
2025 11 02 01 37 9 149 0.78 16 616.2 0.00
2025 11 02 01 38 10 120 0.82 17 616.2 0.00
2025 11 02 01 39 9 44 0.82 17 616.2 0.00
2025 11 02 01 40 10 95 0.81 17 616.2 0.00
2025 11 02 01 41 9 148 0.81 17 616.2 0.00
2025 11 02 01 42 8 122 0.81 16 616.2 0.00
2025 11 02 01 43 9 153 0.81 16 616.2 0.00
2025 11 02 01 44 7 116 0.86 16 616.2 0.00
2025 11 02 01 45 6 121 0.90 17 616.3 0.00
2025 11 02 01 46 6 126 0.92 17 616.2 0.00
2025 11 02 01 47 7 144 0.94 18 616.2 0.00
2025 11 02 01 48 8 107 0.98 19 616.2 0.00
2025 11 02 01 49 8 143 1.00 19 616.2 0.00
2025 11 02 01 50 7 112 0.99 20 616.2 0.00
2025 11 02 01 51 8 95 0.97 18 616.2 0.00
2025 11 02 01 52 8 87 0.96 16 616.2 0.00
2025 11 02 01 53 8 101 0.95 16 616.2 0.00
2025 11 02 01 54 6 119 0.97 16 616.2 0.00
2025 11 02 01 55 6 106 0.97 15 616.2 0.00
2025 11 02 01 56 6 116 0.97 15 616.2 0.00
2025 11 02 01 57 7 100 0.98 15 616.2 0.00
2025 11 02 01 58 6 168 0.99 15 616.1 0.00
2025 11 02 01 59 7 106 1.00 15 616.1 0.00
2025 11 02 02 00 7 142 1.02 15 616.1 0.00
2025 11 02 02 01 6 124 1.04 15 616.1 0.00
2025 11 02 02 02 7 91 1.02 15 616.1 0.00
2025 11 02 02 03 7 15 1.00 15 616.1 0.00
2025 11 02 02 04 6 128 0.98 15 616.0 0.00
2025 11 02 02 05 6 121 0.95 15 616.0 0.00
2025 11 02 02 06 8 120 0.95 15 616.0 0.00
2025 11 02 02 07 7 108 0.95 15 616.0 0.00
2025 11 02 02 08 6 83 0.96 15 616.0 0.00
2025 11 02 02 09 7 156 0.93 15 616.0 0.00
2025 11 02 02 10 7 103 0.94 15 616.0 0.00
2025 11 02 02 11 6 150 0.95 15 616.0 0.00
2025 11 02 02 12 6 123 0.91 14 616.0 0.00
2025 11 02 02 13 8 121 0.89 14 616.0 0.00
2025 11 02 02 14 8 107 0.89 14 615.9 0.00
2025 11 02 02 15 8 158 0.87 14 615.9 0.00
2025 11 02 02 16 9 131 0.84 15 615.9 0.00
2025 11 02 02 17 10 157 0.82 14 615.9 0.00
2025 11 02 02 18 8 15 0.81 15 615.9 0.00
2025 11 02 02 19 8 93 0.83 15 615.9 0.00
2025 11 02 02 20 7 157 0.84 15 615.9 0.00
2025 11 02 02 21 7 170 0.89 16 615.9 0.00
2025 11 02 02 22 8 59 0.92 16 615.9 0.00
2025 11 02 02 23 9 157 0.94 16 615.8 0.00
2025 11 02 02 24 8 146 0.95 17 615.8 0.00
2025 11 02 02 25 7 94 0.98 17 615.8 0.00
2025 11 02 02 26 9 102 1.01 16 615.8 0.00
2025 11 02 02 27 9 122 1.00 15 615.8 0.00
2025 11 02 02 28 8 191 0.99 15 615.8 0.00
2025 11 02 02 29 5 74 0.99 14 615.8 0.00
2025 11 02 02 30 6 123 1.02 14 615.8 0.00
2025 11 02 02 31 6 105 1.05 14 615.8 0.00
2025 11 02 02 32 7 131 1.04 15 615.8 0.00
2025 11 02 02 33 7 152 1.02 15 615.8 0.00
2025 11 02 02 34 7 107 1.00 14 615.8 0.00
2025 11 02 02 35 7 124 0.96 14 615.8 0.00
2025 11 02 02 36 8 158 0.94 14 615.8 0.00
2025 11 02 02 37 6 107 0.92 14 615.8 0.00
2025 11 02 02 38 7 118 0.92 14 615.8 0.00
2025 11 02 02 39 6 119 0.93 14 615.8 0.00
2025 11 02 02 40 7 72 0.92 14 615.8 0.00
2025 11 02 02 41 7 80 0.91 14 615.8 0.00
2025 11 02 02 42 6 105 0.90 14 615.8 0.00
2025 11 02 02 43 7 99 0.87 14 615.8 0.00
2025 11 02 02 44 5 175 0.86 14 615.9 0.00
2025 11 02 02 45 6 129 0.84 14 615.9 0.00
2025 11 02 02 46 7 119 0.85 14 615.9 0.00
2025 11 02 02 47 7 98 0.84 14 615.9 0.00
2025 11 02 02 48 7 111 0.83 14 615.9 0.00
2025 11 02 02 49 7 85 0.83 14 615.9 0.00
2025 11 02 02 50 7 101 0.82 14 615.8 0.00
2025 11 02 02 51 7 94 0.80 14 615.8 0.00
2025 11 02 02 52 8 104 0.79 14 615.8 0.00
2025 11 02 02 53 8 89 0.80 14 615.8 0.00
2025 11 02 02 54 8 92 0.80 14 615.8 0.00
2025 11 02 02 55 6 155 0.83 14 615.8 0.00
2025 11 02 02 56 6 148 0.89 15 615.8 0.00
2025 11 02 02 57 6 118 0.93 15 615.8 0.00
2025 11 02 02 58 7 152 0.96 14 615.8 0.00
2025 11 02 02 59 7 135 0.99 14 615.8 0.00
2025 11 02 03 00 6 141 1.02 14 615.8 0.00
2025 11 02 03 01 6 123 1.03 14 615.8 0.00
2025 11 02 03 02 6 125 1.00 14 615.8 0.00
2025 11 02 03 03 4 106 0.98 14 615.8 0.00
2025 11 02 03 04 6 106 0.93 14 615.8 0.00
2025 11 02 03 05 5 30 0.92 14 615.8 0.00
2025 11 02 03 06 6 85 0.91 14 615.8 0.00
2025 11 02 03 07 6 145 0.87 14 615.8 0.00
2025 11 02 03 08 4 155 0.84 14 615.8 0.00
2025 11 02 03 09 5 150 0.83 14 615.7 0.00
2025 11 02 03 10 6 117 0.83 14 615.7 0.00
2025 11 02 03 11 5 67 0.80 15 615.7 0.00
2025 11 02 03 12 6 123 0.78 15 615.7 0.00
2025 11 02 03 13 5 76 0.77 15 615.7 0.00
2025 11 02 03 14 4 169 0.75 15 615.7 0.00
2025 11 02 03 15 3 124 0.77 15 615.7 0.00
2025 11 02 03 16 1 82 0.75 15 615.7 0.00
2025 11 02 03 17 3 128 0.73 15 615.7 0.00
2025 11 02 03 18 4 77 0.71 15 615.7 0.00
2025 11 02 03 19 4 153 0.74 15 615.7 0.00
2025 11 02 03 20 3 143 0.75 15 615.7 0.00
2025 11 02 03 21 2 65 0.76 15 615.7 0.00
2025 11 02 03 22 4 88 0.74 15 615.7 0.00
2025 11 02 03 23 3 73 0.74 15 615.7 0.00
2025 11 02 03 24 5 125 0.69 15 615.7 0.00
2025 11 02 03 25 3 104 0.67 15 615.7 0.00
2025 11 02 03 26 3 141 0.63 15 615.7 0.00
2025 11 02 03 27 4 97 0.63 15 615.7 0.00
2025 11 02 03 28 4 178 0.63 15 615.7 0.00
2025 11 02 03 29 4 135 0.64 15 615.7 0.00
2025 11 02 03 30 6 94 0.62 15 615.7 0.00
2025 11 02 03 31 6 107 0.62 15 615.7 0.00
2025 11 02 03 32 5 88 0.62 15 615.6 0.00
2025 11 02 03 33 6 99 0.63 15 615.6 0.00
2025 11 02 03 34 7 114 0.63 15 615.6 0.00
2025 11 02 03 35 6 40 0.66 14 615.6 0.00
2025 11 02 03 36 6 152 0.70 14 615.6 0.00
2025 11 02 03 37 5 76 0.75 14 615.7 0.00
2025 11 02 03 38 6 149 0.80 14 615.7 0.00
2025 11 02 03 39 6 108 0.84 14 615.7 0.00
2025 11 02 03 40 6 122 0.88 14 615.7 0.00
2025 11 02 03 41 7 81 0.90 15 615.7 0.00
2025 11 02 03 42 7 115 0.91 15 615.7 0.00
2025 11 02 03 43 7 109 0.91 15 615.7 0.00
2025 11 02 03 44 6 40 0.90 15 615.7 0.00
2025 11 02 03 45 6 121 0.89 15 615.7 0.00
2025 11 02 03 46 5 106 0.87 15 615.7 0.00
2025 11 02 03 47 6 119 0.86 15 615.7 0.00
2025 11 02 03 48 5 84 0.86 15 615.7 0.00
2025 11 02 03 49 7 96 0.87 15 615.7 0.00
2025 11 02 03 50 7 117 0.87 15 615.7 0.00
2025 11 02 03 51 7 69 0.89 15 615.7 0.00
2025 11 02 03 52 7 168 0.88 15 615.8 0.00
2025 11 02 03 53 5 128 0.86 15 615.8 0.00
2025 11 02 03 54 6 147 0.85 15 615.8 0.00
2025 11 02 03 55 7 120 0.86 15 615.8 0.00
2025 11 02 03 56 4 104 0.83 15 615.8 0.00
2025 11 02 03 57 5 222 0.84 15 615.8 0.00
2025 11 02 03 58 4 56 0.83 15 615.8 0.00
2025 11 02 03 59 3 123 0.85 15 615.8 0.00
2025 11 02 04 00 3 174 0.84 15 615.8 0.00
2025 11 02 04 01 2 154 0.83 15 615.8 0.00
2025 11 02 04 02 4 45 0.80 15 615.8 0.00
2025 11 02 04 03 4 156 0.79 15 615.8 0.00
2025 11 02 04 04 3 123 0.79 15 615.8 0.00
2025 11 02 04 05 3 100 0.78 15 615.8 0.00
2025 11 02 04 06 2 163 0.74 15 615.8 0.00
2025 11 02 04 07 4 119 0.73 15 615.8 0.00
2025 11 02 04 08 4 64 0.72 15 615.8 0.00
2025 11 02 04 09 2 75 0.72 15 615.8 0.00
2025 11 02 04 10 1 212 0.71 15 615.8 0.00
2025 11 02 04 11 1 177 0.72 15 615.8 0.00
2025 11 02 04 12 1 197 0.72 15 615.8 0.00
2025 11 02 04 13 1 225 0.72 15 615.8 0.00
2025 11 02 04 14 1 123 0.72 15 615.8 0.00
2025 11 02 04 15 1 158 0.69 15 615.8 0.00
2025 11 02 04 16 2 175 0.69 15 615.8 0.00
2025 11 02 04 17 2 37 0.68 15 616.1 0.00
2025 11 02 04 18 2 150 0.68 15 615.8 0.00
2025 11 02 04 19 2 113 0.69 15 615.8 0.00
2025 11 02 04 20 4 183 0.71 15 615.8 0.00
2025 11 02 04 21 6 204 0.74 15 615.8 0.00
2025 11 02 04 22 7 142 0.76 15 615.8 0.00
2025 11 02 04 23 7 208 0.79 15 615.8 0.00
2025 11 02 04 24 5 145 0.82 15 615.8 0.00
2025 11 02 04 25 4 195 0.84 15 615.8 0.00
2025 11 02 04 26 3 44 0.85 15 615.8 0.00
2025 11 02 04 27 2 180 0.85 15 615.8 0.00
2025 11 02 04 28 0 177 0.87 15 615.8 0.00
2025 11 02 04 29 0 143 0.86 15 615.8 0.00
2025 11 02 04 30 0 176 0.85 15 615.8 0.00
2025 11 02 04 31 0 23 0.87 15 615.8 0.00
2025 11 02 04 32 0 90 0.88 15 615.8 0.00
2025 11 02 04 33 0 162 0.89 15 615.8 0.00
2025 11 02 04 34 1 221 0.87 15 615.7 0.00
2025 11 02 04 35 0 98 0.88 14 615.7 0.00
2025 11 02 04 36 1 128 0.85 15 615.7 0.00
2025 11 02 04 37 1 101 0.83 15 615.7 0.00
2025 11 02 04 38 0 350 0.82 15 615.7 0.00
2025 11 02 04 39 0 224 0.79 14 615.7 0.00
2025 11 02 04 40 0 199 0.80 14 615.7 0.00
2025 11 02 04 41 0 243 0.80 14 615.7 0.00
2025 11 02 04 42 3 164 0.82 14 615.7 0.00
2025 11 02 04 43 7 106 0.84 14 615.7 0.00
2025 11 02 04 44 9 138 0.91 14 615.7 0.00
2025 11 02 04 45 10 90 0.96 14 615.7 0.00
2025 11 02 04 46 9 168 1.01 13 615.7 0.00
2025 11 02 04 47 8 94 1.04 14 615.7 0.00
2025 11 02 04 48 8 133 1.07 14 615.7 0.00
2025 11 02 04 49 9 203 1.11 13 615.7 0.00
2025 11 02 04 50 7 193 1.13 14 615.7 0.00
2025 11 02 04 51 5 172 1.14 13 615.7 0.00
2025 11 02 04 52 3 73 1.13 14 615.7 0.00
2025 11 02 04 53 1 123 1.09 14 615.7 0.00
2025 11 02 04 54 2 137 1.03 14 615.7 0.00
2025 11 02 04 55 0 97 0.97 14 615.7 0.00
2025 11 02 04 56 0 67 0.95 15 615.7 0.00
2025 11 02 04 57 0 123 0.93 14 615.7 0.00
2025 11 02 04 58 0 123 0.93 14 615.7 0.00
2025 11 02 04 59 2 134 0.90 14 615.7 0.00
2025 11 02 05 00 3 174 0.88 15 615.7 0.00
2025 11 02 05 01 4 51 0.89 14 615.7 0.00
2025 11 02 05 02 4 152 0.87 14 615.7 0.00
2025 11 02 05 03 3 103 0.88 14 615.7 0.00
2025 11 02 05 04 4 153 0.86 14 615.7 0.00
2025 11 02 05 05 3 86 0.84 14 615.7 0.00
2025 11 02 05 06 3 175 0.83 14 615.7 0.00
2025 11 02 05 07 2 91 0.84 14 615.7 0.00
2025 11 02 05 08 1 159 0.86 14 615.7 0.00
2025 11 02 05 09 1 219 0.88 14 615.7 0.00
2025 11 02 05 10 2 201 0.90 14 615.7 0.00
2025 11 02 05 11 4 203 0.91 14 615.7 0.00
2025 11 02 05 12 2 125 0.91 14 615.7 0.00
2025 11 02 05 13 2 150 0.90 14 615.7 0.00
2025 11 02 05 14 2 59 0.90 14 615.7 0.00
2025 11 02 05 15 2 111 0.90 14 615.7 0.00
2025 11 02 05 16 0 122 0.91 14 615.7 0.00
2025 11 02 05 17 2 30 0.91 14 615.7 0.00
2025 11 02 05 18 1 75 0.89 14 615.7 0.00
2025 11 02 05 19 4 33 0.90 15 615.7 0.00
2025 11 02 05 20 6 199 0.92 15 615.7 0.00
2025 11 02 05 21 9 235 0.94 15 615.7 0.00
2025 11 02 05 22 10 187 0.97 15 615.7 0.00
2025 11 02 05 23 8 71 1.02 15 615.7 0.00
2025 11 02 05 24 9 245 1.04 14 615.7 0.00
2025 11 02 05 25 9 196 1.07 14 615.7 0.00
2025 11 02 05 26 10 194 1.09 14 615.7 0.00
2025 11 02 05 27 10 72 1.10 14 615.7 0.00
2025 11 02 05 28 9 158 1.11 14 615.7 0.00
2025 11 02 05 29 8 215 1.11 14 615.7 0.00
2025 11 02 05 30 12 191 1.13 14 615.6 0.00
2025 11 02 05 31 12 79 1.16 14 615.6 0.00
2025 11 02 05 32 13 122 1.17 14 615.6 0.00
2025 11 02 05 33 12 123 1.19 14 615.7 0.00
2025 11 02 05 34 11 91 1.20 14 615.7 0.00
2025 11 02 05 35 13 170 1.22 14 615.7 0.00
2025 11 02 05 36 12 124 1.23 14 615.7 0.00
2025 11 02 05 37 13 168 1.25 14 615.7 0.00
2025 11 02 05 38 11 68 1.27 15 615.7 0.00
2025 11 02 05 39 11 190 1.28 14 615.7 0.00
2025 11 02 05 40 14 175 1.29 14 615.7 0.00
2025 11 02 05 41 13 101 1.31 16 615.7 0.00
2025 11 02 05 42 13 149 1.32 15 615.7 0.00
2025 11 02 05 43 11 83 1.31 15 615.7 0.00
2025 11 02 05 44 11 178 1.30 16 615.7 0.00
2025 11 02 05 45 11 164 1.30 18 615.7 0.00
2025 11 02 05 46 12 17 1.32 21 615.8 0.00
2025 11 02 05 47 11 156 1.32 22 615.8 0.00
2025 11 02 05 48 12 181 1.32 22 615.8 0.00
2025 11 02 05 49 11 74 1.32 23 615.8 0.00
2025 11 02 05 50 9 171 1.30 22 615.8 0.00
2025 11 02 05 51 8 193 1.27 22 615.8 0.00
2025 11 02 05 52 7 58 1.22 22 615.8 0.00
2025 11 02 05 53 8 140 1.21 24 615.8 0.00
2025 11 02 05 54 9 164 1.19 24 615.8 0.00
2025 11 02 05 55 10 183 1.17 25 615.8 0.00
2025 11 02 05 56 11 26 1.15 25 615.9 0.00
2025 11 02 05 57 11 38 1.15 25 615.9 0.00
2025 11 02 05 58 11 201 1.13 26 615.9 0.00
2025 11 02 05 59 10 205 1.12 26 615.9 0.00
2025 11 02 06 00 10 87 1.12 26 615.9 0.00
2025 11 02 06 01 10 199 1.12 27 615.9 0.00
2025 11 02 06 02 10 107 1.11 27 615.9 0.00
2025 11 02 06 03 9 47 1.10 27 615.9 0.00
2025 11 02 06 04 9 166 1.10 27 615.9 0.00
2025 11 02 06 05 9 151 1.11 27 615.9 0.00
2025 11 02 06 06 8 31 1.12 27 615.9 0.00
2025 11 02 06 07 7 192 1.10 27 616.0 0.00
2025 11 02 06 08 9 187 1.12 28 615.9 0.00
2025 11 02 06 09 9 179 1.14 27 615.9 0.00
2025 11 02 06 10 9 4 1.14 27 615.9 0.00
2025 11 02 06 11 11 213 1.14 28 615.9 0.00
2025 11 02 06 12 11 34 1.14 27 615.9 0.00
2025 11 02 06 13 11 115 1.15 26 615.9 0.00
2025 11 02 06 14 11 158 1.15 27 615.9 0.00
2025 11 02 06 15 10 191 1.15 27 615.9 0.00
2025 11 02 06 16 8 84 1.13 27 615.9 0.00
2025 11 02 06 17 8 205 1.15 27 615.9 0.00
2025 11 02 06 18 8 67 1.15 27 615.9 0.00
2025 11 02 06 19 9 207 1.15 27 615.9 0.00
2025 11 02 06 20 10 208 1.14 27 615.9 0.00
2025 11 02 06 21 9 198 1.11 27 615.9 0.00
2025 11 02 06 22 9 72 1.10 28 616.0 0.00
2025 11 02 06 23 9 180 1.13 28 616.0 0.00
2025 11 02 06 24 9 172 1.15 29 616.0 0.00
2025 11 02 06 25 10 184 1.18 29 616.0 0.00
2025 11 02 06 26 11 198 1.22 29 616.0 0.00
2025 11 02 06 27 11 53 1.26 29 616.0 0.00
2025 11 02 06 28 12 50 1.29 28 616.0 0.00
2025 11 02 06 29 12 1 1.33 28 616.0 0.00
2025 11 02 06 30 11 194 1.35 28 616.0 0.00
2025 11 02 06 31 12 193 1.38 28 616.0 0.00
2025 11 02 06 32 11 0 1.41 29 616.0 0.00
2025 11 02 06 33 12 163 1.44 30 616.0 0.00
2025 11 02 06 34 11 146 1.45 29 616.0 0.00
2025 11 02 06 35 9 139 1.45 29 616.1 0.00
2025 11 02 06 36 9 177 1.45 29 616.1 0.00
2025 11 02 06 37 9 192 1.47 29 616.1 0.00
2025 11 02 06 38 9 190 1.48 28 616.1 0.00
2025 11 02 06 39 10 178 1.47 27 616.1 0.00
2025 11 02 06 40 10 16 1.47 26 616.1 0.00
2025 11 02 06 41 11 168 1.47 27 616.1 0.00
2025 11 02 06 42 11 103 1.47 26 616.1 0.00
2025 11 02 06 43 12 99 1.48 26 616.1 0.00
2025 11 02 06 44 13 225 1.50 27 616.1 0.00
2025 11 02 06 45 14 161 1.52 27 616.1 0.00
2025 11 02 06 46 13 80 1.54 27 616.1 0.00
2025 11 02 06 47 13 182 1.56 27 616.1 0.00
2025 11 02 06 48 13 87 1.57 27 616.1 0.00
2025 11 02 06 49 13 166 1.59 27 616.1 0.00
2025 11 02 06 50 14 93 1.60 27 616.1 0.00
2025 11 02 06 51 14 131 1.61 28 616.1 0.00
2025 11 02 06 52 14 170 1.64 27 616.1 0.00
2025 11 02 06 53 16 179 1.66 29 616.0 0.00
2025 11 02 06 54 16 170 1.68 29 616.0 0.00
2025 11 02 06 55 16 56 1.70 28 616.0 0.00
2025 11 02 06 56 16 175 1.73 28 616.1 0.00
2025 11 02 06 57 16 205 1.74 27 616.1 0.00
2025 11 02 06 58 15 202 1.75 27 616.1 0.00
2025 11 02 06 59 16 153 1.75 26 616.1 0.00
2025 11 02 07 00 14 183 1.74 25 616.2 0.00
2025 11 02 07 01 13 226 1.74 24 616.2 0.00
2025 11 02 07 02 13 148 1.73 24 616.2 0.00
2025 11 02 07 03 14 54 1.72 23 616.2 0.00
2025 11 02 07 04 15 194 1.72 23 616.3 0.00
2025 11 02 07 05 14 133 1.72 23 616.3 0.00
2025 11 02 07 06 14 33 1.72 22 616.3 0.00
2025 11 02 07 07 14 78 1.72 22 616.3 0.00
2025 11 02 07 08 14 190 1.72 23 616.2 0.00
2025 11 02 07 09 13 54 1.70 22 616.2 0.00
2025 11 02 07 10 12 170 1.69 22 616.3 0.00
2025 11 02 07 11 12 76 1.69 23 616.3 0.00
2025 11 02 07 12 13 69 1.69 23 616.3 0.00
2025 11 02 07 13 13 158 1.68 23 616.3 0.00
2025 11 02 07 14 12 211 1.69 23 616.3 0.00
2025 11 02 07 15 12 202 1.69 23 616.3 0.00
2025 11 02 07 16 13 18 1.69 24 616.3 0.00
2025 11 02 07 17 12 26 1.68 23 616.3 0.00
2025 11 02 07 18 13 191 1.68 23 616.3 0.00
2025 11 02 07 19 12 14 1.69 23 616.3 0.00
2025 11 02 07 20 13 40 1.69 24 616.3 0.00
2025 11 02 07 21 12 40 1.70 23 616.4 0.00
2025 11 02 07 22 11 25 1.71 24 616.4 0.00
2025 11 02 07 23 12 104 1.72 24 616.4 0.00
2025 11 02 07 24 12 180 1.73 23 616.5 0.00
2025 11 02 07 25 11 184 1.74 22 616.5 0.00
2025 11 02 07 26 11 227 1.75 22 616.5 0.00
2025 11 02 07 27 8 197 1.76 23 616.5 0.00
2025 11 02 07 28 8 80 1.78 22 616.5 0.00
2025 11 02 07 29 9 181 1.79 22 616.5 0.00
2025 11 02 07 30 9 203 1.80 22 616.6 0.00
2025 11 02 07 31 9 84 1.81 22 616.6 0.00
2025 11 02 07 32 7 0 1.83 22 616.6 0.00
2025 11 02 07 33 9 205 1.84 22 616.6 0.00
2025 11 02 07 34 7 0 1.86 21 616.6 0.00
2025 11 02 07 35 6 188 1.89 19 616.6 0.00
2025 11 02 07 36 7 122 1.90 19 616.6 0.00
2025 11 02 07 37 7 178 1.93 19 616.6 0.00
2025 11 02 07 38 10 168 1.93 19 616.6 0.00
2025 11 02 07 39 10 125 1.94 17 616.6 0.00
2025 11 02 07 40 8 101 1.96 17 616.7 0.00
2025 11 02 07 41 8 158 1.96 18 616.7 0.00
2025 11 02 07 42 9 149 1.96 18 616.7 0.00
2025 11 02 07 43 8 141 1.96 18 616.7 0.00
2025 11 02 07 44 9 4 1.99 20 616.7 0.00
2025 11 02 07 45 11 35 2.00 20 616.7 0.00
2025 11 02 07 46 11 78 2.01 21 616.7 0.00
2025 11 02 07 47 10 110 2.02 21 616.7 0.00
2025 11 02 07 48 8 191 2.02 21 616.7 0.00
2025 11 02 07 49 8 152 2.02 20 616.7 0.00
2025 11 02 07 50 9 174 2.04 20 616.7 0.00
2025 11 02 07 51 9 141 2.06 22 616.7 0.00
2025 11 02 07 52 9 122 2.08 21 616.7 0.00
2025 11 02 07 53 8 199 2.10 22 616.7 0.00
2025 11 02 07 54 8 223 2.13 21 616.8 0.00
2025 11 02 07 55 8 199 2.17 21 616.8 0.00
2025 11 02 07 56 8 69 2.19 23 616.8 0.00
2025 11 02 07 57 9 197 2.21 21 616.8 0.00
2025 11 02 07 58 6 79 2.21 21 616.8 0.00
2025 11 02 07 59 6 185 2.23 22 616.8 0.00
2025 11 02 08 00 6 1 2.24 22 616.8 0.00
2025 11 02 08 01 7 67 2.24 21 616.8 0.00
2025 11 02 08 02 8 195 2.24 20 616.8 0.00
2025 11 02 08 03 8 66 2.25 20 616.8 0.00
2025 11 02 08 04 7 86 2.29 21 616.8 0.00
2025 11 02 08 05 4 36 2.35 22 616.8 0.00
2025 11 02 08 06 4 169 2.41 21 616.8 0.00
2025 11 02 08 07 3 239 2.53 22 616.8 0.00
2025 11 02 08 08 4 74 2.55 21 616.8 0.00
2025 11 02 08 09 3 146 2.60 21 616.8 0.00
2025 11 02 08 10 3 215 2.71 22 616.8 0.00
2025 11 02 08 11 2 151 2.74 22 616.9 0.00
2025 11 02 08 12 2 174 2.78 21 616.9 0.00
2025 11 02 08 13 5 204 2.73 20 616.9 0.00
2025 11 02 08 14 5 169 2.71 20 616.9 0.00
2025 11 02 08 15 4 1 2.69 20 616.9 0.00
2025 11 02 08 16 4 189 2.68 19 616.9 0.00
2025 11 02 08 17 0 168 2.70 19 617.0 0.00
2025 11 02 08 18 2 9 2.70 18 617.0 0.00
2025 11 02 08 19 2 199 2.77 19 617.0 0.00
2025 11 02 08 20 1 213 2.85 20 617.0 0.00
2025 11 02 08 21 3 201 2.91 19 617.0 0.00
2025 11 02 08 22 3 207 3.02 20 617.0 0.00
2025 11 02 08 23 1 175 3.08 20 617.0 0.00
2025 11 02 08 24 1 172 3.19 19 617.0 0.00
2025 11 02 08 25 1 8 3.18 20 617.0 0.00
2025 11 02 08 26 1 146 3.16 20 617.0 0.00
2025 11 02 08 27 1 59 3.15 20 617.0 0.00
2025 11 02 08 28 3 117 3.19 20 617.0 0.00
2025 11 02 08 29 3 179 3.21 20 617.0 0.00
2025 11 02 08 30 2 215 3.18 20 617.0 0.00
2025 11 02 08 31 1 220 3.21 21 617.0 0.00
2025 11 02 08 32 2 79 3.15 21 617.0 0.00
2025 11 02 08 33 4 82 3.29 20 617.0 0.00
2025 11 02 08 34 4 90 3.33 20 617.0 0.00
2025 11 02 08 35 4 156 3.42 20 617.0 0.00
2025 11 02 08 36 7 140 3.43 21 617.0 0.00
2025 11 02 08 37 3 115 3.42 20 617.0 0.00
2025 11 02 08 38 3 212 3.48 21 617.0 0.00
2025 11 02 08 39 4 213 3.51 20 617.0 0.00
2025 11 02 08 40 5 245 3.51 22 617.0 0.00
2025 11 02 08 41 2 163 3.45 21 617.0 0.00
2025 11 02 08 42 3 83 3.43 21 617.0 0.00
2025 11 02 08 43 4 181 3.45 21 617.0 0.00
2025 11 02 08 44 5 16 3.37 20 617.1 0.00
2025 11 02 08 45 3 0 3.33 20 617.1 0.00
2025 11 02 08 46 1 195 3.33 18 617.0 0.00
2025 11 02 08 47 2 183 3.40 19 617.1 0.00
2025 11 02 08 48 3 219 3.44 19 617.1 0.00
2025 11 02 08 49 3 219 3.45 19 617.1 0.00
2025 11 02 08 50 1 191 3.45 20 617.1 0.00
2025 11 02 08 51 1 195 3.40 20 617.1 0.00
2025 11 02 08 52 1 121 3.38 23 617.1 0.00
2025 11 02 08 53 0 145 3.45 21 617.1 0.00
2025 11 02 08 54 0 192 3.46 21 617.1 0.00
2025 11 02 08 55 0 157 3.44 21 617.1 0.00
2025 11 02 08 56 0 201 3.44 21 617.1 0.00
2025 11 02 08 57 0 4 3.42 21 617.1 0.00
2025 11 02 08 58 0 123 3.32 22 617.1 0.00
2025 11 02 08 59 0 26 3.36 21 617.1 0.00
2025 11 02 09 00 0 155 3.36 22 617.1 0.00
2025 11 02 09 01 0 20 3.38 21 617.1 0.00
2025 11 02 09 02 0 36 3.37 19 617.1 0.00
2025 11 02 09 03 0 101 3.40 20 617.1 0.00
2025 11 02 09 04 0 160 3.61 22 617.1 0.00
2025 11 02 09 05 1 84 3.74 23 617.1 0.00
2025 11 02 09 06 5 168 3.75 22 617.2 0.00
2025 11 02 09 07 2 96 3.71 21 617.2 0.00
2025 11 02 09 08 0 207 3.70 21 617.2 0.00
2025 11 02 09 09 1 209 3.69 21 617.2 0.00
2025 11 02 09 10 0 155 3.69 22 617.2 0.00
2025 11 02 09 11 0 1 3.76 21 617.2 0.00
2025 11 02 09 12 0 2 3.73 22 617.3 0.00
2025 11 02 09 13 0 128 3.72 21 617.3 0.00
2025 11 02 09 14 4 189 3.74 22 617.3 0.00
2025 11 02 09 15 2 1 3.66 24 617.3 0.00
2025 11 02 09 16 0 53 3.63 22 617.3 0.00
2025 11 02 09 17 1 156 3.63 21 617.3 0.00
2025 11 02 09 18 3 99 3.69 23 617.3 0.00
2025 11 02 09 19 5 209 3.67 24 617.2 0.00
2025 11 02 09 20 1 206 3.61 24 617.3 0.00
2025 11 02 09 21 1 50 3.61 23 617.3 0.00
2025 11 02 09 22 1 12 3.67 23 617.2 0.00
2025 11 02 09 23 1 175 3.76 22 617.3 0.00
2025 11 02 09 24 0 142 3.81 21 617.3 0.00
2025 11 02 09 25 0 141 3.89 21 617.3 0.00
2025 11 02 09 26 3 207 3.98 21 617.3 0.00
2025 11 02 09 27 5 209 4.01 21 617.3 0.00
2025 11 02 09 28 1 92 4.10 22 617.3 0.00
2025 11 02 09 29 2 104 4.40 21 617.3 0.00
2025 11 02 09 30 0 221 4.51 21 617.3 0.00
2025 11 02 09 31 0 226 4.51 21 617.3 0.00
2025 11 02 09 32 3 22 4.51 22 617.3 0.00
2025 11 02 09 33 7 228 4.38 22 617.3 0.00
2025 11 02 09 34 4 262 4.32 22 617.4 0.00
2025 11 02 09 35 2 110 4.45 21 617.4 0.00
2025 11 02 09 36 7 111 4.43 22 617.4 0.00
2025 11 02 09 37 6 100 4.35 21 617.4 0.00
2025 11 02 09 38 5 208 4.30 21 617.4 0.00
2025 11 02 09 39 4 200 4.27 21 617.4 0.00
2025 11 02 09 40 2 92 4.24 21 617.4 0.00
2025 11 02 09 41 5 191 4.19 22 617.4 0.00
2025 11 02 09 42 5 202 4.09 23 617.4 0.00
2025 11 02 09 43 2 183 4.02 22 617.4 0.00
2025 11 02 09 44 1 167 3.98 21 617.4 0.00
2025 11 02 09 45 1 180 4.17 22 617.4 0.00
2025 11 02 09 46 0 154 4.26 22 617.4 0.00
2025 11 02 09 47 2 200 4.49 21 617.4 0.00
2025 11 02 09 48 8 45 4.45 22 617.4 0.00
2025 11 02 09 49 5 3 4.47 22 617.4 0.00
2025 11 02 09 50 1 200 4.51 21 617.4 0.00
2025 11 02 09 51 0 233 4.47 20 617.4 0.00
2025 11 02 09 52 1 68 4.53 21 617.3 0.00
2025 11 02 09 53 4 66 4.64 21 617.3 0.00
2025 11 02 09 54 1 84 4.96 21 617.3 0.00
2025 11 02 09 55 3 85 4.96 22 617.4 0.00
2025 11 02 09 56 3 6 4.88 22 617.4 0.00
2025 11 02 09 57 5 2 4.80 22 617.4 0.00
2025 11 02 09 58 6 81 4.68 22 617.4 0.00
2025 11 02 09 59 4 33 4.68 22 617.4 0.00
2025 11 02 10 00 2 114 4.62 22 617.4 0.00
2025 11 02 10 01 4 155 4.70 22 617.4 0.00
2025 11 02 10 02 4 1 4.62 22 617.3 0.00
2025 11 02 10 03 2 150 4.55 22 617.4 0.00
2025 11 02 10 04 5 79 4.54 22 617.4 0.00
2025 11 02 10 05 7 192 4.55 23 617.3 0.00
2025 11 02 10 06 5 44 4.61 23 617.3 0.00
2025 11 02 10 07 5 133 4.67 24 617.3 0.00
2025 11 02 10 08 5 19 4.68 23 617.3 0.00
2025 11 02 10 09 4 206 4.58 23 617.3 0.00
2025 11 02 10 10 5 10 4.60 25 617.3 0.00
2025 11 02 10 11 7 29 4.68 26 617.3 0.00
2025 11 02 10 12 6 90 4.68 26 617.3 0.00
2025 11 02 10 13 7 1 4.71 25 617.3 0.00
2025 11 02 10 14 5 200 4.69 24 617.3 0.00
2025 11 02 10 15 11 216 4.70 24 617.3 0.00
2025 11 02 10 16 11 213 4.71 25 617.3 0.00
2025 11 02 10 17 7 200 4.63 25 617.3 0.00
2025 11 02 10 18 12 152 4.74 24 617.3 0.00
2025 11 02 10 19 12 173 4.91 24 617.3 0.00
2025 11 02 10 20 7 199 4.94 26 617.3 0.00
2025 11 02 10 21 10 217 5.02 26 617.3 0.00
2025 11 02 10 22 9 162 5.06 27 617.3 0.00
2025 11 02 10 23 7 32 5.04 28 617.2 0.00
2025 11 02 10 24 7 130 4.98 27 617.2 0.00
2025 11 02 10 25 6 149 4.99 27 617.2 0.00
2025 11 02 10 26 6 29 5.02 28 617.2 0.00
2025 11 02 10 27 6 170 5.01 27 617.2 0.00
2025 11 02 10 28 6 203 4.95 26 617.2 0.00
2025 11 02 10 29 7 246 5.05 29 617.2 0.00
2025 11 02 10 30 11 210 5.18 29 617.2 0.00
2025 11 02 10 31 11 99 5.21 27 617.2 0.00
2025 11 02 10 32 12 104 5.20 25 617.2 0.00
2025 11 02 10 33 13 209 5.17 27 617.2 0.00
2025 11 02 10 34 10 193 5.00 26 617.2 0.00
2025 11 02 10 35 6 205 4.87 25 617.2 0.00
2025 11 02 10 36 9 185 4.79 25 617.2 0.00
2025 11 02 10 37 14 248 4.76 24 617.2 0.00
2025 11 02 10 38 10 242 4.74 26 617.2 0.00
2025 11 02 10 39 12 60 4.78 29 617.2 0.00
2025 11 02 10 40 11 69 4.67 28 617.2 0.00
2025 11 02 10 41 11 10 4.58 26 617.2 0.00
2025 11 02 10 42 10 220 4.52 26 617.2 0.00
2025 11 02 10 43 9 159 4.53 27 617.2 0.00
2025 11 02 10 44 10 193 4.51 25 617.2 0.00
2025 11 02 10 45 10 175 4.70 25 617.2 0.00
2025 11 02 10 46 11 222 4.77 27 617.2 0.00
2025 11 02 10 47 11 126 4.74 28 617.2 0.00
2025 11 02 10 48 10 62 4.74 29 617.2 0.00
2025 11 02 10 49 7 236 4.72 33 617.2 0.00
2025 11 02 10 50 7 0 4.78 31 617.2 0.00
2025 11 02 10 51 9 4 4.79 33 617.1 0.00
2025 11 02 10 52 11 173 4.83 36 617.1 0.00
2025 11 02 10 53 11 118 4.84 37 617.1 0.00
2025 11 02 10 54 8 242 4.82 34 617.1 0.00
2025 11 02 10 55 9 220 4.77 34 617.1 0.00
2025 11 02 10 56 9 199 4.78 33 617.1 0.00
2025 11 02 10 57 7 39 4.77 33 617.1 0.00
2025 11 02 10 58 7 224 4.86 34 617.1 0.00
2025 11 02 10 59 11 115 4.90 29 617.1 0.00
2025 11 02 11 00 13 236 4.98 26 617.1 0.00
2025 11 02 11 01 10 36 5.04 31 617.1 0.00
2025 11 02 11 02 9 208 5.02 20 617.1 0.00
2025 11 02 11 03 10 158 5.00 26 617.1 0.00
2025 11 02 11 04 9 129 4.94 28 617.1 0.00
2025 11 02 11 05 6 202 4.82 28 617.1 0.00
2025 11 02 11 06 9 31 4.89 25 617.1 0.00
2025 11 02 11 07 8 233 4.98 24 617.1 0.00
2025 11 02 11 08 13 232 5.03 26 617.1 0.00
2025 11 02 11 09 9 241 4.97 25 617.1 0.00
2025 11 02 11 10 8 220 4.95 26 617.1 0.00
2025 11 02 11 11 13 240 4.97 21 617.1 0.00
2025 11 02 11 12 11 219 4.95 22 617.1 0.00
2025 11 02 11 13 10 180 4.96 21 617.1 0.00
2025 11 02 11 14 5 221 4.87 19 617.1 0.00
2025 11 02 11 15 7 214 4.90 18 617.1 0.00
2025 11 02 11 16 3 220 4.87 24 617.1 0.00
2025 11 02 11 17 0 133 4.87 25 617.1 0.00
2025 11 02 11 18 4 191 4.99 26 617.1 0.00
2025 11 02 11 19 5 212 5.05 31 617.1 0.00
2025 11 02 11 20 3 139 4.94 33 617.1 0.00
2025 11 02 11 21 2 237 4.98 31 617.1 0.00
2025 11 02 11 22 0 248 4.96 34 617.1 0.00
2025 11 02 11 23 0 207 4.97 38 617.1 0.00
2025 11 02 11 24 2 117 5.06 39 617.1 0.00
2025 11 02 11 25 10 239 5.24 34 617.0 0.00
2025 11 02 11 26 11 94 5.27 30 617.0 0.00
2025 11 02 11 27 8 249 5.26 28 617.0 0.00
2025 11 02 11 28 2 174 5.24 29 617.0 0.00
2025 11 02 11 29 11 173 5.57 21 617.0 0.00
2025 11 02 11 30 10 16 5.59 20 617.0 0.00
2025 11 02 11 31 6 243 5.48 19 617.0 0.00
2025 11 02 11 32 5 238 5.44 19 617.0 0.00
2025 11 02 11 33 6 121 5.55 19 617.0 0.00
2025 11 02 11 34 8 269 5.54 21 617.0 0.00
2025 11 02 11 35 4 261 5.61 23 617.0 0.00
2025 11 02 11 36 2 263 5.77 25 616.9 0.00
2025 11 02 11 37 3 15 5.71 25 616.9 0.00
2025 11 02 11 38 1 89 5.66 23 616.9 0.00
2025 11 02 11 39 0 225 5.61 22 616.9 0.00
2025 11 02 11 40 4 2 5.74 18 616.8 0.00
2025 11 02 11 41 11 228 5.79 15 616.8 0.00
2025 11 02 11 42 9 176 5.74 17 616.8 0.00
2025 11 02 11 43 12 1 5.85 20 616.8 0.00
2025 11 02 11 44 8 160 5.81 20 616.8 0.00
2025 11 02 11 45 11 90 5.92 23 616.8 0.00
2025 11 02 11 46 8 189 5.92 22 616.8 0.00
2025 11 02 11 47 9 75 5.85 24 616.7 0.00
2025 11 02 11 48 5 177 5.72 25 616.8 0.00
2025 11 02 11 49 6 222 5.68 25 616.7 0.00
2025 11 02 11 50 9 237 5.70 24 616.7 0.00
2025 11 02 11 51 4 11 5.62 26 616.8 0.00
2025 11 02 11 52 2 251 5.56 28 616.7 0.00
2025 11 02 11 53 4 214 5.69 32 616.8 0.00
2025 11 02 11 54 5 7 5.75 37 616.8 0.00
2025 11 02 11 55 10 189 5.93 40 616.8 0.00
2025 11 02 11 56 15 180 6.16 47 616.8 0.00
2025 11 02 11 57 16 79 6.28 49 616.8 0.00
2025 11 02 11 58 13 253 6.19 52 616.8 0.00
2025 11 02 11 59 6 209 5.95 53 616.8 0.00
2025 11 02 12 00 5 237 5.71 54 616.8 0.00
2025 11 02 12 01 11 150 5.58 52 616.8 0.00
2025 11 02 12 02 13 109 5.62 51 616.7 0.00
2025 11 02 12 03 9 189 5.64 49 616.7 0.00
2025 11 02 12 04 8 5 5.58 49 616.7 0.00
2025 11 02 12 05 10 7 5.58 46 616.7 0.00
2025 11 02 12 06 10 213 5.59 39 616.7 0.00
2025 11 02 12 07 9 239 5.58 38 616.7 0.00
2025 11 02 12 08 8 232 5.58 37 616.7 0.00
2025 11 02 12 09 13 190 5.69 27 616.7 0.00
2025 11 02 12 10 10 260 5.63 20 616.7 0.00
2025 11 02 12 11 10 260 5.60 20 616.7 0.00
2025 11 02 12 12 9 245 5.58 21 616.8 0.00
2025 11 02 12 13 9 240 5.75 26 616.7 0.00
2025 11 02 12 14 12 195 6.05 22 616.7 0.00
2025 11 02 12 15 8 230 6.01 24 616.7 0.00
2025 11 02 12 16 3 1 5.87 25 616.7 0.00
2025 11 02 12 17 0 200 5.99 25 616.7 0.00
2025 11 02 12 18 2 106 6.07 23 616.7 0.00
2025 11 02 12 19 0 198 6.24 24 616.7 0.00
2025 11 02 12 20 0 122 6.37 30 616.7 0.00
2025 11 02 12 21 0 265 6.49 22 616.7 0.00
2025 11 02 12 22 4 224 6.63 23 616.7 0.00
2025 11 02 12 23 3 257 6.70 24 616.6 0.00
2025 11 02 12 24 5 115 6.94 30 616.6 0.00
2025 11 02 12 25 6 52 6.96 29 616.5 0.00
2025 11 02 12 26 5 224 6.95 32 616.5 0.00
2025 11 02 12 27 7 250 6.91 25 616.5 0.00
2025 11 02 12 28 2 119 7.06 29 616.6 0.00
2025 11 02 12 29 5 61 7.19 36 616.6 0.00
2025 11 02 12 30 9 103 7.16 37 616.5 0.00
2025 11 02 12 31 4 54 7.05 38 616.6 0.00
2025 11 02 12 32 7 20 7.13 42 616.6 0.00
2025 11 02 12 33 6 145 7.44 40 616.6 0.00
2025 11 02 12 34 6 228 7.46 36 616.6 0.00
2025 11 02 12 35 1 213 7.37 36 616.6 0.00
2025 11 02 12 36 5 13 7.39 34 616.5 0.00
2025 11 02 12 37 3 194 7.31 32 616.5 0.00
2025 11 02 12 38 3 37 7.26 33 616.5 0.00
2025 11 02 12 39 2 264 7.18 31 616.5 0.00
2025 11 02 12 40 3 107 7.24 28 616.5 0.00
2025 11 02 12 41 3 96 7.30 28 616.5 0.00
2025 11 02 12 42 4 100 7.20 29 616.5 0.00
2025 11 02 12 43 5 51 7.19 32 616.5 0.00
2025 11 02 12 44 2 148 7.06 36 616.5 0.00
2025 11 02 12 45 4 92 7.08 35 616.4 0.00
2025 11 02 12 46 8 200 7.05 36 616.4 0.00
2025 11 02 12 47 4 218 6.75 36 616.4 0.00
2025 11 02 12 48 2 198 6.61 39 616.4 0.00
2025 11 02 12 49 0 221 6.57 38 616.4 0.00
2025 11 02 12 50 2 281 6.49 40 616.4 0.00
2025 11 02 12 51 2 40 6.61 39 616.4 0.00
2025 11 02 12 52 6 91 6.77 40 616.4 0.00
2025 11 02 12 53 4 90 6.92 36 616.4 0.00
2025 11 02 12 54 9 262 6.99 39 616.3 0.00
2025 11 02 12 55 3 118 7.14 35 616.2 0.00
2025 11 02 12 56 2 70 7.18 29 616.4 0.00
2025 11 02 12 57 3 219 7.10 29 616.4 0.00
2025 11 02 12 58 3 20 7.15 30 616.4 0.00
2025 11 02 12 59 2 5 7.17 33 616.4 0.00
2025 11 02 13 00 0 38 7.16 33 616.4 0.00
2025 11 02 13 01 2 61 7.10 32 616.4 0.00
2025 11 02 13 02 2 73 6.96 33 616.3 0.00
2025 11 02 13 03 5 33 7.19 35 616.3 0.00
2025 11 02 13 04 2 207 7.21 36 616.3 0.00
2025 11 02 13 05 4 55 7.13 40 616.3 0.00
2025 11 02 13 06 14 168 7.18 49 616.2 0.00
2025 11 02 13 07 10 238 7.00 49 616.3 0.00
2025 11 02 13 08 13 62 6.95 48 616.2 0.00
2025 11 02 13 09 16 113 6.88 48 616.2 0.00
2025 11 02 13 10 15 241 6.81 49 616.2 0.00
2025 11 02 13 11 12 223 6.63 51 616.3 0.00
2025 11 02 13 12 10 162 6.46 51 616.3 0.00
2025 11 02 13 13 11 251 6.29 54 616.2 0.00
2025 11 02 13 14 14 61 6.17 52 616.2 0.00
2025 11 02 13 15 13 270 6.02 48 616.2 0.00
2025 11 02 13 16 11 271 5.91 51 616.2 0.00
2025 11 02 13 17 13 2 6.03 57 616.2 0.00
2025 11 02 13 18 11 25 5.97 57 616.2 0.00
2025 11 02 13 19 8 246 5.85 56 616.2 0.00
2025 11 02 13 20 8 236 5.80 54 616.2 0.00
2025 11 02 13 21 9 179 5.71 55 616.2 0.00
2025 11 02 13 22 16 107 5.70 55 616.2 0.00
2025 11 02 13 23 18 263 5.72 55 616.2 0.00
2025 11 02 13 24 16 230 5.78 55 616.2 0.00
2025 11 02 13 25 17 246 5.81 61 616.2 0.00
2025 11 02 13 26 15 184 6.04 70 616.2 0.00
2025 11 02 13 27 14 240 5.98 71 616.2 0.00
2025 11 02 13 28 9 53 6.09 67 616.2 0.00
2025 11 02 13 29 11 256 6.32 67 616.3 0.00
2025 11 02 13 30 9 211 6.24 66 616.2 0.00
2025 11 02 13 31 11 280 6.15 64 616.3 0.00
2025 11 02 13 32 6 314 5.86 65 616.3 0.00
2025 11 02 13 33 3 285 5.62 65 616.3 0.00
2025 11 02 13 34 7 252 5.34 60 616.3 0.00
2025 11 02 13 35 3 202 5.13 59 616.3 0.00
2025 11 02 13 36 1 48 5.04 59 616.3 0.00
2025 11 02 13 37 0 56 4.98 60 616.3 0.00
2025 11 02 13 38 0 58 4.96 60 616.3 0.00
2025 11 02 13 39 0 58 4.83 61 616.3 0.00
2025 11 02 13 40 0 180 4.83 60 616.3 0.00
2025 11 02 13 41 1 209 5.14 57 616.3 0.00
2025 11 02 13 42 8 231 5.40 28 616.3 0.00
2025 11 02 13 43 12 193 5.69 37 616.2 0.00
2025 11 02 13 44 11 99 6.03 27 616.3 0.00
2025 11 02 13 45 11 54 6.23 25 616.4 0.00
2025 11 02 13 46 12 238 6.42 25 616.4 0.00
2025 11 02 13 47 11 280 6.51 24 616.4 0.00
2025 11 02 13 48 8 177 6.63 26 616.3 0.00
2025 11 02 13 49 13 80 6.85 39 616.3 0.00
2025 11 02 13 50 7 238 6.91 41 616.2 0.00
2025 11 02 13 51 13 206 6.88 24 616.2 0.00
2025 11 02 13 52 15 100 6.87 23 616.2 0.00
2025 11 02 13 53 14 230 6.76 25 616.1 0.00
2025 11 02 13 54 15 0 6.72 26 616.2 0.00
2025 11 02 13 55 14 66 6.63 33 616.2 0.00
2025 11 02 13 56 12 19 6.43 35 616.2 0.00
2025 11 02 13 57 13 202 6.44 32 616.2 0.00
2025 11 02 13 58 10 144 6.33 31 616.2 0.00
2025 11 02 13 59 12 8 6.20 31 616.2 0.00
2025 11 02 14 00 12 79 6.23 26 616.2 0.00
2025 11 02 14 01 15 20 6.17 27 616.2 0.00
2025 11 02 14 02 10 196 5.95 26 616.2 0.00
2025 11 02 14 03 9 222 5.87 27 616.1 0.00
2025 11 02 14 04 16 120 5.90 26 616.1 0.00
2025 11 02 14 05 13 173 5.87 27 616.1 0.00
2025 11 02 14 06 17 226 5.90 28 616.1 0.00
2025 11 02 14 07 11 216 5.81 29 616.1 0.00
2025 11 02 14 08 12 227 5.94 31 616.2 0.00
2025 11 02 14 09 11 206 6.10 30 616.1 0.00
2025 11 02 14 10 12 2 6.18 31 616.1 0.00
2025 11 02 14 11 5 31 6.24 28 616.1 0.00
2025 11 02 14 12 11 234 6.17 33 616.1 0.00
2025 11 02 14 13 14 121 6.15 29 616.1 0.00
2025 11 02 14 14 17 171 6.12 27 616.1 0.00
2025 11 02 14 15 15 195 6.14 31 616.1 0.00
2025 11 02 14 16 20 128 6.15 33 616.1 0.00
2025 11 02 14 17 17 259 6.06 38 616.1 0.00
2025 11 02 14 18 15 195 5.83 42 616.1 0.00
2025 11 02 14 19 16 245 5.78 42 616.1 0.00
2025 11 02 14 20 18 223 5.62 42 616.1 0.00
2025 11 02 14 21 13 116 5.42 38 616.1 0.00
2025 11 02 14 22 14 199 5.43 39 616.1 0.00
2025 11 02 14 23 12 99 5.38 43 616.1 0.00
2025 11 02 14 24 13 107 5.23 35 616.1 0.00
2025 11 02 14 25 12 218 5.14 36 616.0 0.00
2025 11 02 14 26 14 156 5.06 38 616.0 0.00
2025 11 02 14 27 10 42 4.98 32 616.0 0.00
2025 11 02 14 28 15 174 5.14 32 616.0 0.00
2025 11 02 14 29 17 86 5.32 35 616.0 0.00
2025 11 02 14 30 14 231 5.33 37 616.0 0.00
2025 11 02 14 31 18 205 5.29 32 616.0 0.00
2025 11 02 14 32 14 155 5.22 32 616.0 0.00
2025 11 02 14 33 15 213 5.17 36 616.0 0.00
2025 11 02 14 34 17 28 5.23 36 616.0 0.00
2025 11 02 14 35 16 243 5.20 45 616.0 0.00
2025 11 02 14 36 11 33 5.02 50 616.0 0.00
2025 11 02 14 37 19 246 5.03 51 615.9 0.00
2025 11 02 14 38 17 187 5.13 50 615.9 0.00
2025 11 02 14 39 18 13 5.34 52 615.9 0.00
2025 11 02 14 40 19 64 5.39 52 615.9 0.00
2025 11 02 14 41 24 202 5.47 50 615.9 0.00
2025 11 02 14 42 19 2 5.44 49 615.9 0.00
2025 11 02 14 43 21 216 5.48 48 615.9 0.00
2025 11 02 14 44 11 223 5.31 49 616.0 0.00
2025 11 02 14 45 10 97 5.21 47 616.0 0.00
2025 11 02 14 46 13 111 5.19 47 616.0 0.00
2025 11 02 14 47 17 26 5.19 42 616.0 0.00
2025 11 02 14 48 16 44 5.19 46 615.9 0.00
2025 11 02 14 49 14 208 5.11 45 615.9 0.00
2025 11 02 14 50 14 76 5.08 47 616.0 0.00
2025 11 02 14 51 12 202 4.98 52 616.0 0.00
2025 11 02 14 52 18 153 5.04 55 616.0 0.00
2025 11 02 14 53 19 229 5.13 56 615.9 0.00
2025 11 02 14 54 17 128 5.13 57 616.0 0.00
2025 11 02 14 55 14 217 5.06 57 616.0 0.00
2025 11 02 14 56 13 216 4.94 57 615.9 0.00
2025 11 02 14 57 18 106 5.02 55 615.9 0.00
2025 11 02 14 58 21 217 5.05 58 615.9 0.00
2025 11 02 14 59 9 254 4.82 58 615.9 0.00
2025 11 02 15 00 9 170 4.70 56 615.9 0.00
2025 11 02 15 01 15 60 4.80 54 615.9 0.00
2025 11 02 15 02 16 1 4.87 48 615.9 0.00
2025 11 02 15 03 23 215 4.89 52 615.9 0.00
2025 11 02 15 04 26 145 5.03 60 615.8 0.00
2025 11 02 15 05 25 139 5.06 61 615.8 0.00
2025 11 02 15 06 24 153 5.01 57 615.8 0.00
2025 11 02 15 07 19 200 5.00 57 615.9 0.00
2025 11 02 15 08 20 175 4.99 61 615.9 0.00
2025 11 02 15 09 19 31 4.93 61 615.9 0.00
2025 11 02 15 10 22 198 4.87 61 615.9 0.00
2025 11 02 15 11 23 6 4.83 60 615.9 0.00
2025 11 02 15 12 25 97 4.77 63 615.9 0.00
2025 11 02 15 13 22 80 4.74 65 615.9 0.00
2025 11 02 15 14 21 190 4.76 65 616.0 0.00
2025 11 02 15 15 21 1 4.65 66 616.0 0.00
2025 11 02 15 16 18 2 4.57 63 616.0 0.00
2025 11 02 15 17 22 199 4.62 56 616.0 0.00
2025 11 02 15 18 21 166 4.65 51 616.0 0.00
2025 11 02 15 19 18 164 4.70 39 616.0 0.00
2025 11 02 15 20 16 181 4.74 39 616.0 0.00
2025 11 02 15 21 9 109 4.70 35 616.1 0.00
2025 11 02 15 22 5 215 4.60 37 616.1 0.00
2025 11 02 15 23 1 215 4.49 37 616.1 0.00
2025 11 02 15 24 8 225 4.53 41 616.1 0.00
2025 11 02 15 25 24 11 4.70 50 616.0 0.00
2025 11 02 15 26 17 199 4.80 45 616.0 0.00
2025 11 02 15 27 17 225 4.91 44 616.0 0.00
2025 11 02 15 28 15 4 4.93 41 616.1 0.00
2025 11 02 15 29 15 59 4.96 38 616.1 0.00
2025 11 02 15 30 17 190 5.02 36 616.1 0.00
2025 11 02 15 31 14 214 4.92 43 616.1 0.00
2025 11 02 15 32 13 232 4.96 47 616.1 0.00
2025 11 02 15 33 10 222 4.82 45 616.1 0.00
2025 11 02 15 34 12 213 4.76 43 616.1 0.00
2025 11 02 15 35 16 168 4.90 36 616.1 0.00
2025 11 02 15 36 15 150 4.94 34 616.1 0.00
2025 11 02 15 37 17 101 5.01 33 616.1 0.00
2025 11 02 15 38 15 190 5.07 36 616.1 0.00
2025 11 02 15 39 16 1 5.08 29 616.1 0.00
2025 11 02 15 40 17 168 5.12 27 616.1 0.00
2025 11 02 15 41 16 247 5.18 37 616.1 0.00
2025 11 02 15 42 18 143 5.25 28 616.1 0.00
2025 11 02 15 43 20 217 5.28 27 616.1 0.00
2025 11 02 15 44 19 132 5.32 27 616.1 0.00
2025 11 02 15 45 19 172 5.32 27 616.1 0.00
2025 11 02 15 46 18 175 5.32 26 616.1 0.00
2025 11 02 15 47 19 72 5.28 26 616.1 0.00
2025 11 02 15 48 13 78 5.10 29 616.1 0.00
2025 11 02 15 49 16 122 5.12 30 616.1 0.00
2025 11 02 15 50 18 93 5.18 29 616.1 0.00
2025 11 02 15 51 22 199 5.25 26 616.1 0.00
2025 11 02 15 52 21 220 5.30 28 616.0 0.00
2025 11 02 15 53 19 195 5.27 32 616.0 0.00
2025 11 02 15 54 18 234 5.19 32 616.0 0.00
2025 11 02 15 55 25 237 5.25 33 616.0 0.00
2025 11 02 15 56 26 137 5.26 28 615.9 0.00
2025 11 02 15 57 21 230 5.32 28 616.0 0.00
2025 11 02 15 58 20 74 5.29 32 616.0 0.00
2025 11 02 15 59 19 158 5.26 34 616.0 0.00
2025 11 02 16 00 21 3 5.34 34 616.0 0.00
2025 11 02 16 01 21 99 5.45 32 616.0 0.00
2025 11 02 16 02 22 200 5.45 31 616.0 0.00
2025 11 02 16 03 24 215 5.49 29 616.0 0.00
2025 11 02 16 04 22 135 5.53 23 616.1 0.00
2025 11 02 16 05 21 112 5.52 28 616.1 0.00
2025 11 02 16 06 18 242 5.52 30 616.1 0.00
2025 11 02 16 07 23 152 5.50 23 616.1 0.00
2025 11 02 16 08 24 150 5.53 22 616.1 0.00
2025 11 02 16 09 20 197 5.55 23 616.1 0.00
2025 11 02 16 10 20 138 5.65 24 616.1 0.00
2025 11 02 16 11 20 127 5.62 25 616.2 0.00
2025 11 02 16 12 23 231 5.58 24 616.2 0.00
2025 11 02 16 13 19 221 5.52 23 616.2 0.00
2025 11 02 16 14 17 190 5.46 22 616.2 0.00
2025 11 02 16 15 21 154 5.38 22 616.2 0.00
2025 11 02 16 16 20 239 5.31 22 616.2 0.00
2025 11 02 16 17 21 245 5.29 23 616.2 0.00
2025 11 02 16 18 19 181 5.22 24 616.2 0.00
2025 11 02 16 19 21 143 5.23 27 616.2 0.00
2025 11 02 16 20 22 174 5.20 27 616.2 0.00
2025 11 02 16 21 23 0 5.24 27 616.1 0.00
2025 11 02 16 22 21 195 5.23 23 616.1 0.00
2025 11 02 16 23 21 54 5.21 24 616.1 0.00
2025 11 02 16 24 24 200 5.22 23 616.2 0.00
2025 11 02 16 25 23 217 5.17 24 616.2 0.00
2025 11 02 16 26 25 6 5.15 24 616.2 0.00
2025 11 02 16 27 22 237 5.12 24 616.2 0.00
2025 11 02 16 28 19 210 5.08 26 616.2 0.00
2025 11 02 16 29 21 133 5.13 27 616.2 0.00
2025 11 02 16 30 23 210 5.14 26 616.2 0.00
2025 11 02 16 31 26 229 5.16 25 616.2 0.00
2025 11 02 16 32 21 96 5.08 22 616.2 0.00
2025 11 02 16 33 17 140 4.96 22 616.2 0.00
2025 11 02 16 34 18 207 4.96 23 616.2 0.00
2025 11 02 16 35 19 159 5.04 25 616.2 0.00
2025 11 02 16 36 19 247 5.07 23 616.3 0.00
2025 11 02 16 37 18 142 5.14 24 616.3 0.00
2025 11 02 16 38 22 225 5.22 26 616.3 0.00
2025 11 02 16 39 18 26 5.22 23 616.3 0.00
2025 11 02 16 40 17 144 5.18 25 616.4 0.00
2025 11 02 16 41 17 234 5.14 25 616.4 0.00
2025 11 02 16 42 19 249 5.19 23 616.4 0.00
2025 11 02 16 43 20 232 5.22 23 616.4 0.00
2025 11 02 16 44 19 126 5.26 24 616.4 0.00
2025 11 02 16 45 16 242 5.30 25 616.4 0.00
2025 11 02 16 46 17 199 5.25 29 616.4 0.00
2025 11 02 16 47 16 10 5.22 27 616.4 0.00
2025 11 02 16 48 18 247 5.13 27 616.4 0.00
2025 11 02 16 49 16 181 5.04 24 616.4 0.00
2025 11 02 16 50 16 25 4.94 27 616.4 0.00
2025 11 02 16 51 14 230 4.86 26 616.4 0.00
2025 11 02 16 52 17 216 4.80 25 616.4 0.00
2025 11 02 16 53 20 97 4.79 24 616.4 0.00
2025 11 02 16 54 17 99 4.70 24 616.4 0.00
2025 11 02 16 55 18 214 4.77 24 616.5 0.00
2025 11 02 16 56 17 14 4.89 26 616.5 0.00
2025 11 02 16 57 18 226 4.94 25 616.5 0.00
2025 11 02 16 58 16 78 4.90 24 616.5 0.00
2025 11 02 16 59 17 187 4.90 23 616.5 0.00
2025 11 02 17 00 16 228 4.87 23 616.5 0.00
2025 11 02 17 01 17 41 4.87 24 616.5 0.00
2025 11 02 17 02 18 0 4.87 22 616.5 0.00
2025 11 02 17 03 15 53 4.77 21 616.5 0.00
2025 11 02 17 04 16 88 4.71 21 616.5 0.00
2025 11 02 17 05 17 103 4.70 21 616.5 0.00
2025 11 02 17 06 16 235 4.63 22 616.5 0.00
2025 11 02 17 07 19 218 4.65 22 616.5 0.00
2025 11 02 17 08 15 173 4.62 24 616.5 0.00
2025 11 02 17 09 16 143 4.59 23 616.5 0.00
2025 11 02 17 10 17 220 4.61 23 616.6 0.00
2025 11 02 17 11 17 205 4.62 21 616.6 0.00
2025 11 02 17 12 17 156 4.62 21 616.6 0.00
2025 11 02 17 13 14 202 4.62 22 616.6 0.00
2025 11 02 17 14 14 237 4.62 21 616.6 0.00
2025 11 02 17 15 14 192 4.56 21 616.6 0.00
2025 11 02 17 16 17 88 4.55 21 616.6 0.00
2025 11 02 17 17 16 210 4.59 22 616.6 0.00
2025 11 02 17 18 14 184 4.62 22 616.7 0.00
2025 11 02 17 19 16 218 4.58 22 616.7 0.00
2025 11 02 17 20 16 18 4.56 22 616.6 0.00
2025 11 02 17 21 13 228 4.51 22 616.7 0.00
2025 11 02 17 22 15 192 4.47 22 616.6 0.00
2025 11 02 17 23 13 215 4.47 23 616.6 0.00
2025 11 02 17 24 19 220 4.49 23 616.6 0.00
2025 11 02 17 25 18 142 4.46 23 616.6 0.00
2025 11 02 17 26 18 132 4.39 22 616.6 0.00
2025 11 02 17 27 19 150 4.34 22 616.6 0.00
2025 11 02 17 28 18 4 4.26 22 616.6 0.00
2025 11 02 17 29 20 198 4.17 22 616.6 0.00
2025 11 02 17 30 19 0 4.16 22 616.6 0.00
2025 11 02 17 31 18 236 4.10 22 616.6 0.00
2025 11 02 17 32 21 58 4.07 22 616.6 0.00
2025 11 02 17 33 20 134 4.04 22 616.6 0.00
2025 11 02 17 34 19 65 4.00 22 616.6 0.00
2025 11 02 17 35 19 175 3.96 22 616.6 0.00
2025 11 02 17 36 17 215 3.89 23 616.6 0.00
2025 11 02 17 37 19 0 3.88 22 616.7 0.00
2025 11 02 17 38 15 207 3.83 22 616.7 0.00
2025 11 02 17 39 17 98 3.80 23 616.7 0.00
2025 11 02 17 40 17 112 3.72 24 616.7 0.00
2025 11 02 17 41 18 203 3.69 24 616.7 0.00
2025 11 02 17 42 16 226 3.63 24 616.7 0.00
2025 11 02 17 43 17 119 3.57 24 616.7 0.00
2025 11 02 17 44 14 143 3.53 24 616.7 0.00
2025 11 02 17 45 16 208 3.52 25 616.8 0.00
2025 11 02 17 46 17 216 3.48 25 616.8 0.00
2025 11 02 17 47 15 89 3.42 24 616.8 0.00
2025 11 02 17 48 14 51 3.37 25 616.8 0.00
2025 11 02 17 49 16 233 3.31 25 616.8 0.00
2025 11 02 17 50 18 194 3.24 25 616.8 0.00
2025 11 02 17 51 17 226 3.17 25 616.8 0.00
2025 11 02 17 52 18 219 3.11 26 616.7 0.00
2025 11 02 17 53 16 11 3.03 26 616.7 0.00
2025 11 02 17 54 17 221 2.95 26 616.7 0.00
2025 11 02 17 55 16 88 2.86 27 616.7 0.00
2025 11 02 17 56 15 214 2.78 28 616.8 0.00
2025 11 02 17 57 16 167 2.71 29 616.8 0.00
2025 11 02 17 58 16 132 2.65 29 616.8 0.00
2025 11 02 17 59 14 150 2.58 29 616.8 0.00
2025 11 02 18 00 13 180 2.51 30 616.8 0.00
2025 11 02 18 01 12 222 2.48 27 616.9 0.00
2025 11 02 18 02 12 63 2.43 27 616.9 0.00
2025 11 02 18 03 12 220 2.41 27 616.9 0.00
2025 11 02 18 04 10 223 2.37 27 616.9 0.00
2025 11 02 18 05 10 218 2.33 26 616.9 0.00
2025 11 02 18 06 8 179 2.33 25 616.9 0.00
2025 11 02 18 07 10 18 2.33 25 616.9 0.00
2025 11 02 18 08 10 220 2.28 25 616.9 0.00
2025 11 02 18 09 8 204 2.24 25 617.0 0.00
2025 11 02 18 10 9 0 2.22 25 617.0 0.00
2025 11 02 18 11 8 202 2.20 25 617.0 0.00
2025 11 02 18 12 5 199 2.18 25 617.0 0.00
2025 11 02 18 13 7 207 2.15 24 617.1 0.00
2025 11 02 18 14 9 207 2.14 25 617.1 0.00
2025 11 02 18 15 8 169 2.12 25 617.1 0.00
2025 11 02 18 16 7 141 2.10 25 617.1 0.00
2025 11 02 18 17 9 199 2.07 26 617.1 0.00
2025 11 02 18 18 7 95 2.03 28 617.1 0.00
2025 11 02 18 19 9 205 2.01 27 617.0 0.00
2025 11 02 18 20 10 209 1.99 26 617.0 0.00
2025 11 02 18 21 12 200 1.98 26 617.0 0.00
2025 11 02 18 22 12 0 1.94 26 617.0 0.00
2025 11 02 18 23 12 205 1.91 26 617.0 0.00
2025 11 02 18 24 12 206 1.87 26 617.0 0.00
2025 11 02 18 25 10 207 1.83 26 617.1 0.00
2025 11 02 18 26 11 116 1.79 26 617.1 0.00
2025 11 02 18 27 11 201 1.76 25 617.1 0.00
2025 11 02 18 28 10 111 1.75 26 617.1 0.00
2025 11 02 18 29 8 199 1.74 26 617.1 0.00
2025 11 02 18 30 7 132 1.74 25 617.1 0.00
2025 11 02 18 31 6 175 1.74 25 617.1 0.00
2025 11 02 18 32 8 203 1.73 24 617.2 0.00
2025 11 02 18 33 10 0 1.75 24 617.2 0.00
2025 11 02 18 34 9 213 1.77 24 617.2 0.00
2025 11 02 18 35 10 199 1.76 25 617.2 0.00
2025 11 02 18 36 12 208 1.78 24 617.2 0.00
2025 11 02 18 37 12 201 1.78 24 617.2 0.00
2025 11 02 18 38 11 100 1.80 26 617.2 0.00
2025 11 02 18 39 11 153 1.78 27 617.2 0.00
2025 11 02 18 40 10 141 1.79 24 617.2 0.00
2025 11 02 18 41 10 118 1.81 23 617.2 0.00
2025 11 02 18 42 12 106 1.81 25 617.2 0.00
2025 11 02 18 43 11 209 1.81 26 617.2 0.00
2025 11 02 18 44 12 206 1.79 27 617.2 0.00
2025 11 02 18 45 14 0 1.78 24 617.2 0.00
2025 11 02 18 46 13 162 1.79 23 617.2 0.00
2025 11 02 18 47 13 19 1.78 25 617.2 0.00
2025 11 02 18 48 13 33 1.78 24 617.1 0.00
2025 11 02 18 49 14 211 1.78 24 617.1 0.00
2025 11 02 18 50 15 197 1.80 23 617.1 0.00
2025 11 02 18 51 13 204 1.81 23 617.1 0.00
2025 11 02 18 52 12 1 1.80 23 617.1 0.00
2025 11 02 18 53 14 206 1.79 24 617.2 0.00
2025 11 02 18 54 14 207 1.81 24 617.2 0.00
2025 11 02 18 55 13 207 1.81 23 617.2 0.00
2025 11 02 18 56 13 100 1.80 23 617.2 0.00
2025 11 02 18 57 14 20 1.81 23 617.2 0.00
2025 11 02 18 58 14 6 1.82 24 617.2 0.00
2025 11 02 18 59 14 200 1.82 23 617.2 0.00
2025 11 02 19 00 16 215 1.82 24 617.2 0.00
2025 11 02 19 01 14 1 1.81 24 617.3 0.00
2025 11 02 19 02 13 201 1.79 24 617.3 0.00
2025 11 02 19 03 12 200 1.78 24 617.3 0.00
2025 11 02 19 04 13 197 1.78 23 617.3 0.00
2025 11 02 19 05 13 99 1.80 23 617.3 0.00
2025 11 02 19 06 12 146 1.81 24 617.3 0.00
2025 11 02 19 07 11 206 1.82 23 617.4 0.00
2025 11 02 19 08 10 217 1.83 23 617.4 0.00
2025 11 02 19 09 12 196 1.85 21 617.4 0.00
2025 11 02 19 10 12 23 1.89 22 617.4 0.00
2025 11 02 19 11 11 204 1.90 22 617.4 0.00
2025 11 02 19 12 11 195 1.91 22 617.4 0.00
2025 11 02 19 13 11 200 1.91 22 617.4 0.00
2025 11 02 19 14 11 140 1.93 21 617.4 0.00
2025 11 02 19 15 11 16 1.96 21 617.4 0.00
2025 11 02 19 16 13 209 1.97 21 617.4 0.00
2025 11 02 19 17 12 116 1.99 21 617.4 0.00
2025 11 02 19 18 12 206 2.00 21 617.4 0.00
2025 11 02 19 19 11 203 2.01 22 617.4 0.00
2025 11 02 19 20 13 207 2.01 21 617.4 0.00
2025 11 02 19 21 15 208 2.02 21 617.4 0.00
2025 11 02 19 22 14 209 2.01 22 617.5 0.00
2025 11 02 19 23 13 210 2.00 22 617.5 0.00
2025 11 02 19 24 13 207 2.00 22 617.5 0.00
2025 11 02 19 25 12 210 2.00 22 617.5 0.00
2025 11 02 19 26 12 208 1.99 22 617.5 0.00
2025 11 02 19 27 13 1 1.98 22 617.5 0.00
2025 11 02 19 28 12 30 1.96 23 617.5 0.00
2025 11 02 19 29 11 0 1.95 22 617.5 0.00
2025 11 02 19 30 11 201 1.95 22 617.5 0.00
2025 11 02 19 31 10 206 1.95 23 617.5 0.00
2025 11 02 19 32 11 201 1.96 23 617.6 0.00
2025 11 02 19 33 11 39 1.97 22 617.6 0.00
2025 11 02 19 34 11 5 1.98 21 617.6 0.00
2025 11 02 19 35 10 1 2.00 21 617.6 0.00
2025 11 02 19 36 10 10 2.02 21 617.6 0.00
2025 11 02 19 37 9 203 2.02 21 617.6 0.00
2025 11 02 19 38 10 177 2.02 22 617.7 0.00
2025 11 02 19 39 10 0 2.02 23 617.7 0.00
2025 11 02 19 40 9 204 2.02 23 617.7 0.00
2025 11 02 19 41 10 203 2.02 21 617.7 0.00
2025 11 02 19 42 9 5 2.05 21 617.7 0.00
2025 11 02 19 43 9 205 2.05 21 617.7 0.00
2025 11 02 19 44 8 201 2.05 21 617.7 0.00
2025 11 02 19 45 8 92 2.06 20 617.7 0.00
2025 11 02 19 46 8 195 2.08 20 617.7 0.00
2025 11 02 19 47 8 201 2.10 19 617.7 0.00
2025 11 02 19 48 8 0 2.08 20 617.7 0.00
2025 11 02 19 49 8 76 2.09 21 617.7 0.00
2025 11 02 19 50 6 113 2.08 21 617.7 0.00
2025 11 02 19 51 5 157 2.07 22 617.8 0.00
2025 11 02 19 52 5 7 2.04 23 617.8 0.00
2025 11 02 19 53 5 155 2.00 23 617.8 0.00
2025 11 02 19 54 4 170 2.00 23 617.8 0.00
2025 11 02 19 55 2 176 2.01 23 617.8 0.00
2025 11 02 19 56 3 190 2.02 23 617.8 0.00
2025 11 02 19 57 3 108 2.00 23 617.8 0.00
2025 11 02 19 58 3 74 2.01 23 617.8 0.00
2025 11 02 19 59 3 157 2.00 23 617.8 0.00
2025 11 02 20 00 2 193 1.99 23 617.8 0.00
2025 11 02 20 01 3 198 1.99 23 617.8 0.00
2025 11 02 20 02 1 131 1.97 23 617.8 0.00
2025 11 02 20 03 0 201 1.96 24 617.9 0.00
2025 11 02 20 04 0 160 1.95 24 617.9 0.00
2025 11 02 20 05 0 176 1.94 24 617.9 0.00
2025 11 02 20 06 0 164 1.92 24 617.9 0.00
2025 11 02 20 07 0 174 1.90 24 617.9 0.00
2025 11 02 20 08 0 151 1.87 24 617.9 0.00
2025 11 02 20 09 0 151 1.82 24 617.9 0.00
2025 11 02 20 10 0 178 1.79 25 617.9 0.00
2025 11 02 20 11 0 163 1.76 25 617.9 0.00
2025 11 02 20 12 0 172 1.75 26 617.9 0.00
2025 11 02 20 13 0 179 1.72 27 617.9 0.00
2025 11 02 20 14 0 190 1.69 27 617.9 0.00
2025 11 02 20 15 0 130 1.69 29 617.9 0.00
2025 11 02 20 16 0 164 1.63 34 617.9 0.00
2025 11 02 20 17 0 157 1.58 39 618.0 0.00
2025 11 02 20 18 0 148 1.50 44 618.0 0.00
2025 11 02 20 19 0 155 1.42 43 618.0 0.00
2025 11 02 20 20 0 125 1.36 46 618.0 0.00
2025 11 02 20 21 0 4 1.31 44 618.0 0.00
2025 11 02 20 22 0 69 1.30 36 618.0 0.00
2025 11 02 20 23 0 177 1.32 39 618.0 0.00
2025 11 02 20 24 0 181 1.33 33 618.0 0.00
2025 11 02 20 25 0 171 1.40 30 618.0 0.00
2025 11 02 20 26 1 176 1.46 29 618.0 0.00
2025 11 02 20 27 1 193 1.53 28 618.0 0.00
2025 11 02 20 28 0 202 1.59 26 618.0 0.00
2025 11 02 20 29 0 196 1.65 28 618.0 0.00
2025 11 02 20 30 0 26 1.69 27 618.1 0.00
2025 11 02 20 31 0 168 1.73 28 618.1 0.00
2025 11 02 20 32 0 219 1.76 27 618.1 0.00
2025 11 02 20 33 0 226 1.78 30 618.1 0.00
2025 11 02 20 34 0 179 1.76 30 618.1 0.00
2025 11 02 20 35 0 142 1.74 36 618.1 0.00
2025 11 02 20 36 0 154 1.72 32 618.1 0.00
2025 11 02 20 37 0 116 1.69 35 618.2 0.00
2025 11 02 20 38 0 95 1.67 28 618.2 0.00
2025 11 02 20 39 0 146 1.69 29 618.1 0.00
2025 11 02 20 40 0 135 1.72 27 618.1 0.00
2025 11 02 20 41 0 155 1.74 26 618.1 0.00
2025 11 02 20 42 0 171 1.81 22 618.1 0.00
2025 11 02 20 43 1 150 1.90 19 618.1 0.00
2025 11 02 20 44 2 141 2.01 17 618.2 0.00
2025 11 02 20 45 1 151 2.13 16 618.1 0.00
2025 11 02 20 46 1 152 2.24 15 618.1 0.00
2025 11 02 20 47 0 169 2.32 17 618.1 0.00
2025 11 02 20 48 2 180 2.34 18 618.1 0.00
2025 11 02 20 49 3 174 2.37 18 618.1 0.00
2025 11 02 20 50 3 147 2.45 15 618.2 0.00
2025 11 02 20 51 3 188 2.51 15 618.2 0.00
2025 11 02 20 52 4 79 2.53 17 618.2 0.00
2025 11 02 20 53 3 182 2.58 16 618.2 0.00
2025 11 02 20 54 2 181 2.58 18 618.3 0.00
2025 11 02 20 55 0 176 2.61 16 618.3 0.00
2025 11 02 20 56 0 171 2.63 17 618.3 0.00
2025 11 02 20 57 0 171 2.60 19 618.3 0.00
2025 11 02 20 58 0 173 2.58 20 618.3 0.00
2025 11 02 20 59 0 168 2.56 20 618.3 0.00
2025 11 02 21 00 0 172 2.53 22 618.3 0.00
2025 11 02 21 01 0 170 2.49 22 618.3 0.00
2025 11 02 21 02 0 168 2.49 17 618.3 0.00
2025 11 02 21 03 0 171 2.51 20 618.3 0.00
2025 11 02 21 04 0 175 2.50 20 618.3 0.00
2025 11 02 21 05 0 180 2.53 16 618.3 0.00
2025 11 02 21 06 0 185 2.55 19 618.3 0.00
2025 11 02 21 07 0 186 2.57 17 618.3 0.00
2025 11 02 21 08 0 153 2.61 16 618.3 0.00
2025 11 02 21 09 0 180 2.65 16 618.3 0.00
2025 11 02 21 10 0 178 2.67 15 618.3 0.00
2025 11 02 21 11 0 175 2.69 14 618.3 0.00
2025 11 02 21 12 0 156 2.70 17 618.3 0.00
2025 11 02 21 13 1 165 2.65 22 618.3 0.00
2025 11 02 21 14 3 87 2.57 25 618.3 0.00
2025 11 02 21 15 3 109 2.47 26 618.3 0.00
2025 11 02 21 16 2 104 2.34 36 618.3 0.00
2025 11 02 21 17 4 107 2.10 33 618.3 0.00
2025 11 02 21 18 5 105 1.91 31 618.3 0.00
2025 11 02 21 19 5 101 1.74 32 618.3 0.00
2025 11 02 21 20 6 100 1.59 29 618.3 0.00
2025 11 02 21 21 6 98 1.47 26 618.3 0.00
2025 11 02 21 22 5 100 1.38 28 618.2 0.00
2025 11 02 21 23 5 106 1.30 31 618.2 0.00
2025 11 02 21 24 4 111 1.24 32 618.2 0.00
2025 11 02 21 25 2 113 1.23 32 618.2 0.00
2025 11 02 21 26 2 107 1.21 35 618.2 0.00
2025 11 02 21 27 1 5 1.21 46 618.2 0.00
2025 11 02 21 28 1 101 1.20 49 618.2 0.00
2025 11 02 21 29 1 109 1.18 53 618.2 0.00
2025 11 02 21 30 2 106 1.17 51 618.2 0.00
2025 11 02 21 31 3 106 1.17 51 618.3 0.00
2025 11 02 21 32 3 107 1.17 52 618.3 0.00
2025 11 02 21 33 3 105 1.15 51 618.3 0.00
2025 11 02 21 34 3 109 1.14 55 618.3 0.00
2025 11 02 21 35 2 112 1.14 58 618.3 0.00
2025 11 02 21 36 2 66 1.12 60 618.3 0.00
2025 11 02 21 37 2 116 1.12 62 618.3 0.00
2025 11 02 21 38 2 143 1.11 66 618.2 0.00
2025 11 02 21 39 1 121 1.12 64 618.2 0.00
2025 11 02 21 40 0 141 1.11 58 618.2 0.00
2025 11 02 21 41 2 139 1.15 62 618.2 0.00
2025 11 02 21 42 2 188 1.21 52 618.2 0.00
2025 11 02 21 43 5 163 1.32 41 618.2 0.00
2025 11 02 21 44 5 189 1.45 41 618.2 0.00
2025 11 02 21 45 5 111 1.56 38 618.2 0.00
2025 11 02 21 46 4 169 1.66 33 618.3 0.00
2025 11 02 21 47 4 174 1.76 34 618.3 0.00
2025 11 02 21 48 3 135 1.89 27 618.3 0.00
2025 11 02 21 49 2 169 1.99 30 618.3 0.00
2025 11 02 21 50 2 171 2.09 28 618.3 0.00
2025 11 02 21 51 2 0 2.17 29 618.3 0.00
2025 11 02 21 52 2 159 2.26 26 618.3 0.00
2025 11 02 21 53 2 177 2.32 33 618.3 0.00
2025 11 02 21 54 2 128 2.32 43 618.3 0.00
2025 11 02 21 55 2 47 2.26 56 618.3 0.00
2025 11 02 21 56 2 172 2.16 49 618.3 0.00
2025 11 02 21 57 1 169 2.12 47 618.3 0.00
2025 11 02 21 58 1 160 2.07 50 618.3 0.00
2025 11 02 21 59 1 153 2.00 54 618.3 0.00
2025 11 02 22 00 2 90 1.93 54 618.3 0.00
2025 11 02 22 01 2 102 1.87 49 618.3 0.00
2025 11 02 22 02 2 160 1.86 53 618.3 0.00
2025 11 02 22 03 1 163 1.83 55 618.3 0.00
2025 11 02 22 04 1 163 1.87 34 618.3 0.00
2025 11 02 22 05 0 177 1.99 33 618.3 0.00
2025 11 02 22 06 0 158 2.02 33 618.3 0.00
2025 11 02 22 07 0 152 2.08 31 618.3 0.00
2025 11 02 22 08 0 157 2.16 22 618.3 0.00
2025 11 02 22 09 0 1 2.29 18 618.3 0.00
2025 11 02 22 10 0 161 2.39 20 618.3 0.00
2025 11 02 22 11 0 33 2.50 15 618.3 0.00
2025 11 02 22 12 1 117 2.60 16 618.3 0.00
2025 11 02 22 13 3 65 2.65 22 618.2 0.00
2025 11 02 22 14 3 220 2.61 32 618.2 0.00
2025 11 02 22 15 3 197 2.55 31 618.3 0.00
2025 11 02 22 16 2 230 2.46 34 618.3 0.00
2025 11 02 22 17 2 121 2.32 37 618.3 0.00
2025 11 02 22 18 1 176 2.19 30 618.3 0.00
2025 11 02 22 19 0 182 2.08 27 618.3 0.00
2025 11 02 22 20 0 91 1.97 24 618.3 0.00
2025 11 02 22 21 1 184 1.88 24 618.4 0.00
2025 11 02 22 22 0 151 1.80 24 618.4 0.00
2025 11 02 22 23 1 105 1.73 25 618.4 0.00
2025 11 02 22 24 2 181 1.67 22 618.3 0.00
2025 11 02 22 25 3 150 1.65 29 618.3 0.00
2025 11 02 22 26 3 156 1.65 26 618.3 0.00
2025 11 02 22 27 4 151 1.68 23 618.3 0.00
2025 11 02 22 28 4 150 1.78 21 618.3 0.00
2025 11 02 22 29 3 181 1.77 24 618.3 0.00
2025 11 02 22 30 3 85 1.75 21 618.3 0.00
2025 11 02 22 31 1 107 1.76 23 618.4 0.00
2025 11 02 22 32 2 179 1.80 24 618.3 0.00
2025 11 02 22 33 2 143 1.81 24 618.4 0.00
2025 11 02 22 34 2 35 1.84 24 618.3 0.00
2025 11 02 22 35 3 15 1.83 25 618.3 0.00
2025 11 02 22 36 3 1 1.78 22 618.3 0.00
2025 11 02 22 37 6 22 1.73 21 618.3 0.00
2025 11 02 22 38 3 201 1.70 23 618.3 0.00
2025 11 02 22 39 1 154 1.67 22 618.3 0.00
2025 11 02 22 40 2 130 1.64 23 618.3 0.00
2025 11 02 22 41 1 197 1.65 22 618.4 0.00
2025 11 02 22 42 1 197 1.71 21 618.4 0.00
2025 11 02 22 43 2 25 1.81 18 618.4 0.00
2025 11 02 22 44 4 199 1.89 19 618.4 0.00
2025 11 02 22 45 3 56 1.99 17 618.4 0.00
2025 11 02 22 46 3 141 2.12 15 618.4 0.00
2025 11 02 22 47 3 151 2.24 15 618.4 0.00
2025 11 02 22 48 3 170 2.35 14 618.4 0.00
2025 11 02 22 49 3 176 2.44 14 618.4 0.00
2025 11 02 22 50 2 162 2.54 14 618.4 0.00
2025 11 02 22 51 1 165 2.63 13 618.4 0.00
2025 11 02 22 52 0 145 2.71 13 618.4 0.00
2025 11 02 22 53 0 157 2.79 12 618.4 0.00
2025 11 02 22 54 0 152 2.88 12 618.4 0.00
2025 11 02 22 55 0 148 2.94 12 618.4 0.00
2025 11 02 22 56 0 26 2.98 12 618.4 0.00
2025 11 02 22 57 1 164 3.01 13 618.4 0.00
2025 11 02 22 58 1 175 3.04 12 618.4 0.00
2025 11 02 22 59 1 190 3.06 12 618.4 0.00
2025 11 02 23 00 2 93 3.08 12 618.4 0.00
2025 11 02 23 01 2 154 3.07 13 618.4 0.00
2025 11 02 23 02 1 19 3.05 13 618.4 0.00
2025 11 02 23 03 1 186 3.04 13 618.4 0.00
2025 11 02 23 04 1 124 3.06 12 618.4 0.00
2025 11 02 23 05 0 209 3.05 12 618.4 0.00
2025 11 02 23 06 0 160 3.05 13 618.4 0.00
2025 11 02 23 07 0 180 3.01 13 618.4 0.00
2025 11 02 23 08 0 183 2.95 14 618.4 0.00
2025 11 02 23 09 0 5 2.91 15 618.4 0.00
2025 11 02 23 10 0 3 2.88 15 618.4 0.00
2025 11 02 23 11 0 218 2.84 15 618.5 0.00
2025 11 02 23 12 1 195 2.81 15 618.5 0.00
2025 11 02 23 13 0 168 2.79 15 618.5 0.00
2025 11 02 23 14 1 157 2.77 15 618.5 0.00
2025 11 02 23 15 1 90 2.74 15 618.5 0.00
2025 11 02 23 16 1 72 2.69 16 618.5 0.00
2025 11 02 23 17 1 200 2.67 16 618.4 0.00
2025 11 02 23 18 1 192 2.64 16 618.4 0.00
2025 11 02 23 19 1 202 2.63 16 618.4 0.00
2025 11 02 23 20 2 199 2.63 16 618.4 0.00
2025 11 02 23 21 2 23 2.60 17 618.4 0.00
2025 11 02 23 22 3 222 2.56 17 618.4 0.00
2025 11 02 23 23 4 170 2.53 17 618.4 0.00
2025 11 02 23 24 6 8 2.51 18 618.4 0.00
2025 11 02 23 25 6 202 2.50 18 618.4 0.00
2025 11 02 23 26 7 181 2.48 18 618.4 0.00
2025 11 02 23 27 7 91 2.46 18 618.4 0.00
2025 11 02 23 28 6 96 2.42 19 618.4 0.00
2025 11 02 23 29 6 182 2.40 19 618.4 0.00
2025 11 02 23 30 7 0 2.39 19 618.4 0.00
2025 11 02 23 31 8 183 2.39 18 618.3 0.00
2025 11 02 23 32 8 183 2.40 18 618.3 0.00
2025 11 02 23 33 8 166 2.42 17 618.3 0.00
2025 11 02 23 34 8 31 2.42 18 618.3 0.00
2025 11 02 23 35 8 0 2.42 17 618.3 0.00
2025 11 02 23 36 9 181 2.43 17 618.3 0.00
2025 11 02 23 37 8 2 2.45 17 618.3 0.00
2025 11 02 23 38 8 0 2.45 17 618.3 0.00
2025 11 02 23 39 7 184 2.43 17 618.3 0.00
2025 11 02 23 40 7 1 2.39 17 618.3 0.00
2025 11 02 23 41 5 0 2.36 18 618.3 0.00
2025 11 02 23 42 4 196 2.31 19 618.3 0.00
2025 11 02 23 43 4 55 2.25 19 618.2 0.00
2025 11 02 23 44 6 198 2.20 19 618.2 0.00
2025 11 02 23 45 6 201 2.13 19 618.3 0.00
2025 11 02 23 46 6 0 2.06 20 618.3 0.00
2025 11 02 23 47 7 199 1.99 19 618.3 0.00
2025 11 02 23 48 8 176 1.95 20 618.3 0.00
2025 11 02 23 49 9 1 1.93 19 618.3 0.00
2025 11 02 23 50 9 196 1.94 19 618.3 0.00
2025 11 02 23 51 10 206 1.93 18 618.3 0.00
2025 11 02 23 52 11 157 1.96 17 618.3 0.00
2025 11 02 23 53 11 21 2.00 17 618.3 0.00
2025 11 02 23 54 10 79 2.02 17 618.3 0.00
2025 11 02 23 55 10 202 2.03 17 618.3 0.00
2025 11 02 23 56 10 203 2.05 17 618.3 0.00
2025 11 02 23 57 9 203 2.07 17 618.3 0.00
2025 11 02 23 58 8 203 2.09 17 618.3 0.00
2025 11 02 23 59 8 204 2.11 17 618.3 0.00
2025 11 03 00 00 8 202 2.12 17 618.3 0.00
2025 11 03 00 01 7 201 2.14 17 618.3 0.00
2025 11 03 00 02 7 192 2.16 17 618.3 0.00
2025 11 03 00 03 6 199 2.18 18 618.3 0.00
2025 11 03 00 04 6 196 2.18 18 618.3 0.00
2025 11 03 00 05 6 201 2.19 18 618.3 0.00
2025 11 03 00 06 6 200 2.20 18 618.3 0.00
2025 11 03 00 07 7 203 2.20 18 618.3 0.00
2025 11 03 00 08 7 3 2.20 18 618.3 0.00
2025 11 03 00 09 6 202 2.20 19 618.3 0.00
2025 11 03 00 10 6 195 2.21 19 618.3 0.00
2025 11 03 00 11 5 199 2.21 19 618.3 0.00
2025 11 03 00 12 5 197 2.21 19 618.3 0.00
2025 11 03 00 13 6 176 2.22 19 618.3 0.00
2025 11 03 00 14 5 196 2.21 19 618.3 0.00
2025 11 03 00 15 5 19 2.20 19 618.3 0.00
2025 11 03 00 16 4 4 2.19 19 618.3 0.00
2025 11 03 00 17 4 52 2.20 19 618.3 0.00
2025 11 03 00 18 3 0 2.23 19 618.3 0.00
2025 11 03 00 19 3 188 2.26 18 618.3 0.00
2025 11 03 00 20 2 7 2.27 19 618.3 0.00
2025 11 03 00 21 3 146 2.29 19 618.3 0.00
2025 11 03 00 22 4 205 2.28 19 618.3 0.00
2025 11 03 00 23 4 181 2.28 19 618.3 0.00
2025 11 03 00 24 4 201 2.28 19 618.3 0.00
2025 11 03 00 25 3 0 2.25 19 618.3 0.00
2025 11 03 00 26 3 173 2.26 19 618.3 0.00
2025 11 03 00 27 4 148 2.27 19 618.3 0.00
2025 11 03 00 28 4 188 2.27 19 618.2 0.00
2025 11 03 00 29 5 200 2.27 19 618.2 0.00
2025 11 03 00 30 4 193 2.27 19 618.2 0.00
2025 11 03 00 31 4 1 2.26 19 618.2 0.00
2025 11 03 00 32 3 5 2.25 19 618.2 0.00
2025 11 03 00 33 4 140 2.23 19 618.2 0.00
2025 11 03 00 34 4 189 2.22 19 618.2 0.00
2025 11 03 00 35 3 184 2.21 19 618.3 0.00
2025 11 03 00 36 3 3 2.21 19 618.2 0.00
2025 11 03 00 37 4 117 2.19 19 618.2 0.00
2025 11 03 00 38 4 125 2.16 20 618.2 0.00
2025 11 03 00 39 3 193 2.12 21 618.2 0.00
2025 11 03 00 40 2 41 2.08 21 618.2 0.00
2025 11 03 00 41 2 1 2.05 21 618.2 0.00
2025 11 03 00 42 2 190 2.03 21 618.2 0.00
2025 11 03 00 43 3 190 2.02 22 618.2 0.00
2025 11 03 00 44 4 187 2.01 22 618.2 0.00
2025 11 03 00 45 3 188 2.02 22 618.3 0.00
2025 11 03 00 46 1 180 2.04 22 618.3 0.00
2025 11 03 00 47 1 132 2.02 22 618.3 0.00
2025 11 03 00 48 2 178 2.04 22 618.3 0.00
2025 11 03 00 49 2 152 2.06 21 618.3 0.00
2025 11 03 00 50 2 200 2.05 20 618.3 0.00
2025 11 03 00 51 2 60 1.99 19 618.3 0.00
2025 11 03 00 52 5 7 1.95 19 618.2 0.00
2025 11 03 00 53 7 187 1.91 20 618.2 0.00
2025 11 03 00 54 6 189 1.89 20 618.2 0.00
2025 11 03 00 55 7 160 1.87 20 618.2 0.00
2025 11 03 00 56 6 200 1.86 21 618.2 0.00
2025 11 03 00 57 7 195 1.83 20 618.2 0.00
2025 11 03 00 58 6 161 1.81 20 618.2 0.00
2025 11 03 00 59 5 211 1.78 20 618.2 0.00
2025 11 03 01 00 5 164 1.75 20 618.2 0.00
2025 11 03 01 01 5 199 1.73 20 618.2 0.00
2025 11 03 01 02 4 193 1.71 19 618.2 0.00
2025 11 03 01 03 4 194 1.69 19 618.3 0.00
2025 11 03 01 04 4 173 1.69 19 618.3 0.00
2025 11 03 01 05 5 213 1.69 19 618.3 0.00
2025 11 03 01 06 4 197 1.68 18 618.3 0.00
2025 11 03 01 07 2 202 1.66 19 618.2 0.00
2025 11 03 01 08 0 227 1.66 19 618.2 0.00
2025 11 03 01 09 0 2 1.66 20 618.2 0.00
2025 11 03 01 10 0 113 1.62 20 618.2 0.00
2025 11 03 01 11 1 183 1.61 20 618.1 0.00
2025 11 03 01 12 1 131 1.61 19 618.1 0.00
2025 11 03 01 13 2 149 1.58 20 618.1 0.00
2025 11 03 01 14 1 178 1.56 20 618.1 0.00
2025 11 03 01 15 1 181 1.53 20 618.1 0.00
2025 11 03 01 16 0 222 1.52 20 618.1 0.00
2025 11 03 01 17 0 239 1.51 21 618.1 0.00
2025 11 03 01 18 0 193 1.50 21 618.1 0.00
2025 11 03 01 19 0 169 1.51 22 618.1 0.00
2025 11 03 01 20 0 227 1.52 21 618.1 0.00
2025 11 03 01 21 0 87 1.53 20 618.1 0.00
2025 11 03 01 22 0 110 1.54 20 618.2 0.00
2025 11 03 01 23 0 56 1.52 20 618.1 0.00
2025 11 03 01 24 0 130 1.50 20 618.2 0.00
2025 11 03 01 25 1 141 1.49 20 618.2 0.00
2025 11 03 01 26 1 165 1.47 20 618.1 0.00
2025 11 03 01 27 0 82 1.47 21 618.1 0.00
2025 11 03 01 28 0 228 1.49 21 618.1 0.00
2025 11 03 01 29 0 195 1.48 21 618.1 0.00
2025 11 03 01 30 0 105 1.51 22 618.1 0.00
2025 11 03 01 31 0 219 1.54 23 618.1 0.00
2025 11 03 01 32 0 226 1.57 23 618.1 0.00
2025 11 03 01 33 1 211 1.56 22 618.1 0.00
2025 11 03 01 34 0 202 1.60 22 618.1 0.00
2025 11 03 01 35 0 205 1.59 21 618.1 0.00
2025 11 03 01 36 0 195 1.56 21 618.1 0.00
2025 11 03 01 37 0 67 1.52 19 618.1 0.00
2025 11 03 01 38 1 77 1.47 19 618.1 0.00
2025 11 03 01 39 2 133 1.44 18 618.1 0.00
2025 11 03 01 40 0 211 1.42 18 618.0 0.00
2025 11 03 01 41 1 157 1.41 18 618.0 0.00
2025 11 03 01 42 0 196 1.41 18 618.0 0.00
2025 11 03 01 43 0 132 1.39 18 618.0 0.00
2025 11 03 01 44 1 140 1.40 17 618.0 0.00
2025 11 03 01 45 2 97 1.41 16 618.0 0.00
2025 11 03 01 46 5 218 1.42 17 618.1 0.00
2025 11 03 01 47 4 179 1.44 18 618.1 0.00
2025 11 03 01 48 3 214 1.46 18 618.1 0.00
2025 11 03 01 49 2 207 1.48 19 618.1 0.00
2025 11 03 01 50 0 209 1.50 19 618.1 0.00
2025 11 03 01 51 0 127 1.47 18 618.1 0.00
2025 11 03 01 52 0 127 1.42 16 618.1 0.00
2025 11 03 01 53 1 151 1.39 17 618.0 0.00
2025 11 03 01 54 1 132 1.39 16 618.0 0.00
2025 11 03 01 55 2 109 1.38 16 618.0 0.00
2025 11 03 01 56 3 131 1.33 16 618.0 0.00
2025 11 03 01 57 3 106 1.29 16 618.0 0.00
2025 11 03 01 58 3 109 1.25 16 618.0 0.00
2025 11 03 01 59 2 111 1.24 15 618.0 0.00
2025 11 03 02 00 2 146 1.23 15 618.0 0.00
2025 11 03 02 01 2 39 1.25 15 618.0 0.00
2025 11 03 02 02 2 146 1.26 15 618.0 0.00
2025 11 03 02 03 2 103 1.28 15 618.0 0.00
2025 11 03 02 04 2 104 1.29 15 618.0 0.00
2025 11 03 02 05 2 146 1.26 15 617.9 0.00
2025 11 03 02 06 2 117 1.29 16 617.9 0.00
2025 11 03 02 07 2 53 1.32 17 617.9 0.00
2025 11 03 02 08 1 142 1.34 17 617.9 0.00
2025 11 03 02 09 1 117 1.36 18 617.9 0.00
2025 11 03 02 10 1 99 1.35 16 618.0 0.00
2025 11 03 02 11 4 111 1.27 17 618.0 0.00
2025 11 03 02 12 5 105 1.22 18 618.0 0.00
2025 11 03 02 13 5 97 1.15 18 618.0 0.00
2025 11 03 02 14 4 142 1.16 19 618.0 0.00
2025 11 03 02 15 2 122 1.16 20 617.9 0.00
2025 11 03 02 16 4 71 1.21 21 617.9 0.00
2025 11 03 02 17 4 156 1.23 20 617.9 0.00
2025 11 03 02 18 4 124 1.25 21 617.9 0.00
2025 11 03 02 19 4 100 1.26 22 617.9 0.00
2025 11 03 02 20 4 135 1.27 22 617.9 0.00
2025 11 03 02 21 3 95 1.29 23 617.9 0.00
2025 11 03 02 22 2 158 1.32 23 617.9 0.00
2025 11 03 02 23 2 122 1.33 24 617.9 0.00
2025 11 03 02 24 1 95 1.37 22 617.9 0.00
2025 11 03 02 25 1 120 1.40 20 617.9 0.00
2025 11 03 02 26 2 78 1.41 20 617.9 0.00
2025 11 03 02 27 3 98 1.39 19 617.9 0.00
2025 11 03 02 28 4 12 1.37 19 617.9 0.00
2025 11 03 02 29 1 9 1.36 18 617.9 0.00
2025 11 03 02 30 1 138 1.34 19 617.9 0.00
2025 11 03 02 31 1 148 1.34 21 617.9 0.00
2025 11 03 02 32 1 201 1.38 21 617.9 0.00
2025 11 03 02 33 1 96 1.38 21 617.9 0.00
2025 11 03 02 34 1 186 1.40 22 617.9 0.00
2025 11 03 02 35 1 131 1.40 21 617.9 0.00
2025 11 03 02 36 2 108 1.40 21 617.9 0.00
2025 11 03 02 37 2 91 1.38 18 617.9 0.00
2025 11 03 02 38 0 157 1.39 19 617.9 0.00
2025 11 03 02 39 0 288 1.41 17 617.9 0.00
2025 11 03 02 40 0 208 1.42 19 617.9 0.00
2025 11 03 02 41 0 208 1.38 17 617.8 0.00
2025 11 03 02 42 0 110 1.37 16 617.8 0.00
2025 11 03 02 43 0 82 1.33 17 617.8 0.00
2025 11 03 02 44 1 165 1.31 17 617.8 0.00
2025 11 03 02 45 1 154 1.32 17 617.8 0.00
2025 11 03 02 46 0 131 1.33 17 617.8 0.00
2025 11 03 02 47 0 99 1.32 19 617.8 0.00
2025 11 03 02 48 0 35 1.33 21 617.8 0.00
2025 11 03 02 49 0 203 1.36 22 617.8 0.00
2025 11 03 02 50 0 143 1.39 22 617.9 0.00
2025 11 03 02 51 0 142 1.39 22 617.9 0.00
2025 11 03 02 52 0 102 1.41 23 617.9 0.00
2025 11 03 02 53 0 201 1.41 23 617.9 0.00
2025 11 03 02 54 0 202 1.40 23 617.9 0.00
2025 11 03 02 55 1 115 1.42 20 617.9 0.00
2025 11 03 02 56 1 115 1.41 18 617.9 0.00
2025 11 03 02 57 0 139 1.41 17 617.9 0.00
2025 11 03 02 58 0 103 1.38 18 617.9 0.00
2025 11 03 02 59 0 109 1.35 17 617.9 0.00
2025 11 03 03 00 1 121 1.34 18 617.9 0.00
2025 11 03 03 01 0 215 1.38 21 617.9 0.00
2025 11 03 03 02 0 211 1.42 23 617.8 0.00
2025 11 03 03 03 0 116 1.45 21 617.8 0.00
2025 11 03 03 04 0 95 1.40 15 617.8 0.00
2025 11 03 03 05 2 111 1.34 15 617.8 0.00
2025 11 03 03 06 4 128 1.27 15 617.8 0.00
2025 11 03 03 07 3 130 1.22 14 617.8 0.00
2025 11 03 03 08 3 144 1.20 14 617.8 0.00
2025 11 03 03 09 4 45 1.18 14 617.7 0.00
2025 11 03 03 10 4 124 1.17 15 617.7 0.00
2025 11 03 03 11 6 74 1.10 14 617.7 0.00
2025 11 03 03 12 7 116 1.00 15 617.7 0.00
2025 11 03 03 13 6 27 0.95 15 617.7 0.00
2025 11 03 03 14 6 119 0.93 15 617.7 0.00
2025 11 03 03 15 4 29 0.94 15 617.7 0.00
2025 11 03 03 16 3 160 0.94 15 617.7 0.00
2025 11 03 03 17 6 87 0.92 16 617.7 0.00
2025 11 03 03 18 5 133 0.91 16 617.7 0.00
2025 11 03 03 19 4 154 0.89 16 617.7 0.00
2025 11 03 03 20 5 143 0.86 17 617.7 0.00
2025 11 03 03 21 5 108 0.82 16 617.7 0.00
2025 11 03 03 22 6 118 0.82 16 617.7 0.00
2025 11 03 03 23 6 84 0.83 16 617.6 0.00
2025 11 03 03 24 6 148 0.84 16 617.6 0.00
2025 11 03 03 25 6 142 0.88 16 617.7 0.00
2025 11 03 03 26 5 132 0.89 17 617.7 0.00
2025 11 03 03 27 4 107 0.88 18 617.6 0.00
2025 11 03 03 28 5 144 0.86 20 617.7 0.00
2025 11 03 03 29 4 147 0.82 21 617.7 0.00
2025 11 03 03 30 3 12 0.84 22 617.7 0.00
2025 11 03 03 31 2 125 0.84 22 617.7 0.00
2025 11 03 03 32 4 138 0.88 22 617.7 0.00
2025 11 03 03 33 4 39 0.94 22 617.7 0.00
2025 11 03 03 34 5 168 0.98 22 617.7 0.00
2025 11 03 03 35 4 198 1.01 23 617.7 0.00
2025 11 03 03 36 3 173 1.05 23 617.7 0.00
2025 11 03 03 37 2 172 1.07 23 617.7 0.00
2025 11 03 03 38 1 171 1.05 23 617.7 0.00
2025 11 03 03 39 1 171 1.03 24 617.7 0.00
2025 11 03 03 40 2 140 1.02 24 617.7 0.00
2025 11 03 03 41 1 118 1.01 25 617.6 0.00
2025 11 03 03 42 3 148 0.96 26 617.6 0.00
2025 11 03 03 43 6 141 0.92 26 617.6 0.00
2025 11 03 03 44 6 158 0.88 27 617.6 0.00
2025 11 03 03 45 5 112 0.85 27 617.6 0.00
2025 11 03 03 46 3 89 0.83 27 617.6 0.00
2025 11 03 03 47 5 173 0.83 26 617.6 0.00
2025 11 03 03 48 4 134 0.83 26 617.7 0.00
2025 11 03 03 49 4 216 0.81 26 617.7 0.00
2025 11 03 03 50 2 63 0.80 26 617.7 0.00
2025 11 03 03 51 1 177 0.78 26 617.7 0.00
2025 11 03 03 52 3 160 0.75 26 617.7 0.00
2025 11 03 03 53 5 199 0.73 26 617.7 0.00
2025 11 03 03 54 6 24 0.72 26 617.7 0.00
2025 11 03 03 55 5 11 0.74 26 617.7 0.00
2025 11 03 03 56 4 133 0.73 26 617.7 0.00
2025 11 03 03 57 5 123 0.69 26 617.7 0.00
2025 11 03 03 58 6 109 0.67 26 617.7 0.00
2025 11 03 03 59 4 100 0.67 26 617.7 0.00
2025 11 03 04 00 3 146 0.69 26 617.6 0.00
2025 11 03 04 01 2 149 0.71 26 617.7 0.00
2025 11 03 04 02 6 100 0.68 26 617.7 0.00
2025 11 03 04 03 6 152 0.66 26 617.7 0.00
2025 11 03 04 04 7 125 0.65 26 617.7 0.00
2025 11 03 04 05 7 161 0.65 25 617.7 0.00
2025 11 03 04 06 7 169 0.67 25 617.7 0.00
2025 11 03 04 07 6 150 0.69 25 617.7 0.00
2025 11 03 04 08 6 153 0.73 25 617.7 0.00
2025 11 03 04 09 5 79 0.75 25 617.7 0.00
2025 11 03 04 10 6 97 0.77 25 617.7 0.00
2025 11 03 04 11 7 106 0.77 25 617.7 0.00
2025 11 03 04 12 7 154 0.77 26 617.7 0.00
2025 11 03 04 13 9 151 0.77 26 617.7 0.00
2025 11 03 04 14 7 103 0.75 26 617.7 0.00
2025 11 03 04 15 8 187 0.75 26 617.7 0.00
2025 11 03 04 16 5 128 0.78 26 617.7 0.00
2025 11 03 04 17 7 127 0.78 26 617.7 0.00
2025 11 03 04 18 5 103 0.75 27 617.7 0.00
2025 11 03 04 19 7 125 0.73 28 617.7 0.00
2025 11 03 04 20 6 171 0.73 28 617.7 0.00
2025 11 03 04 21 6 111 0.73 27 617.7 0.00
2025 11 03 04 22 6 146 0.76 27 617.7 0.00
2025 11 03 04 23 6 171 0.78 27 617.7 0.00
2025 11 03 04 24 7 131 0.78 27 617.7 0.00
2025 11 03 04 25 7 143 0.78 26 617.7 0.00
2025 11 03 04 26 7 144 0.81 27 617.7 0.00
2025 11 03 04 27 8 109 0.83 27 617.7 0.00
2025 11 03 04 28 9 91 0.86 28 617.7 0.00
2025 11 03 04 29 10 81 0.89 27 617.7 0.00
2025 11 03 04 30 8 123 0.92 27 617.7 0.00
2025 11 03 04 31 7 173 0.94 27 617.7 0.00
2025 11 03 04 32 7 109 0.99 27 617.7 0.00
2025 11 03 04 33 5 10 1.03 26 617.7 0.00
2025 11 03 04 34 3 105 1.08 27 617.7 0.00
2025 11 03 04 35 5 139 1.11 26 617.7 0.00
2025 11 03 04 36 7 150 1.11 25 617.8 0.00
2025 11 03 04 37 7 146 1.12 26 617.8 0.00
2025 11 03 04 38 6 121 1.12 26 617.8 0.00
2025 11 03 04 39 8 132 1.12 26 617.8 0.00
2025 11 03 04 40 6 0 1.12 26 617.7 0.00
2025 11 03 04 41 5 117 1.10 27 617.8 0.00
2025 11 03 04 42 3 109 1.08 27 617.8 0.00
2025 11 03 04 43 4 224 1.06 27 617.8 0.00
2025 11 03 04 44 4 169 1.08 27 617.8 0.00
2025 11 03 04 45 3 130 1.08 27 617.8 0.00
2025 11 03 04 46 5 162 1.08 27 617.8 0.00
2025 11 03 04 47 4 99 1.11 27 617.8 0.00
2025 11 03 04 48 3 36 1.14 26 617.8 0.00
2025 11 03 04 49 5 181 1.14 27 617.8 0.00
2025 11 03 04 50 5 222 1.14 27 617.8 0.00
2025 11 03 04 51 6 123 1.17 26 617.8 0.00
2025 11 03 04 52 6 166 1.20 26 617.8 0.00
2025 11 03 04 53 5 208 1.22 26 617.8 0.00
2025 11 03 04 54 6 33 1.23 26 617.8 0.00
2025 11 03 04 55 4 190 1.23 26 617.8 0.00
2025 11 03 04 56 5 170 1.23 26 617.8 0.00
2025 11 03 04 57 5 89 1.22 26 617.8 0.00
2025 11 03 04 58 4 221 1.21 27 617.8 0.00
2025 11 03 04 59 3 94 1.19 27 617.8 0.00
2025 11 03 05 00 4 130 1.20 27 617.9 0.00
2025 11 03 05 01 4 86 1.21 27 617.8 0.00
2025 11 03 05 02 4 130 1.19 27 617.8 0.00
2025 11 03 05 03 5 142 1.16 28 617.8 0.00
2025 11 03 05 04 4 140 1.13 28 617.8 0.00
2025 11 03 05 05 2 123 1.14 27 617.8 0.00
2025 11 03 05 06 4 137 1.15 27 617.8 0.00
2025 11 03 05 07 5 142 1.13 27 617.8 0.00
2025 11 03 05 08 6 174 1.13 27 617.8 0.00
2025 11 03 05 09 7 108 1.11 27 617.8 0.00
2025 11 03 05 10 7 112 1.08 27 617.8 0.00
2025 11 03 05 11 8 156 1.06 27 617.8 0.00
2025 11 03 05 12 8 127 1.03 27 617.8 0.00
2025 11 03 05 13 8 95 0.98 27 617.8 0.00
2025 11 03 05 14 8 122 0.93 28 617.8 0.00
2025 11 03 05 15 8 208 0.91 28 617.9 0.00
2025 11 03 05 16 6 100 0.92 28 617.9 0.00
2025 11 03 05 17 9 93 0.93 28 617.8 0.00
2025 11 03 05 18 10 143 0.96 28 617.8 0.00
2025 11 03 05 19 9 26 0.99 28 617.8 0.00
2025 11 03 05 20 8 131 0.98 28 617.9 0.00
2025 11 03 05 21 9 118 0.95 27 617.9 0.00
2025 11 03 05 22 10 30 0.89 27 617.9 0.00
2025 11 03 05 23 11 102 0.86 28 617.9 0.00
2025 11 03 05 24 11 98 0.84 28 617.9 0.00
2025 11 03 05 25 10 84 0.83 28 617.8 0.00
2025 11 03 05 26 9 144 0.84 28 617.8 0.00
2025 11 03 05 27 9 141 0.86 28 617.8 0.00
2025 11 03 05 28 9 107 0.88 28 617.8 0.00
2025 11 03 05 29 8 131 0.88 29 617.8 0.00
2025 11 03 05 30 10 56 0.88 29 617.9 0.00
2025 11 03 05 31 9 151 0.86 30 617.9 0.00
2025 11 03 05 32 9 126 0.85 30 617.9 0.00
2025 11 03 05 33 9 128 0.86 31 617.9 0.00
2025 11 03 05 34 10 126 0.87 31 617.9 0.00
2025 11 03 05 35 10 154 0.89 31 618.0 0.00
2025 11 03 05 36 10 117 0.91 32 618.0 0.00
2025 11 03 05 37 8 148 0.93 33 618.0 0.00
2025 11 03 05 38 9 44 0.95 33 618.0 0.00
2025 11 03 05 39 8 162 0.97 32 618.0 0.00
2025 11 03 05 40 8 123 0.99 31 618.0 0.00
2025 11 03 05 41 9 58 1.01 30 618.0 0.00
2025 11 03 05 42 7 4 1.01 30 618.0 0.00
2025 11 03 05 43 7 6 1.01 29 618.0 0.00
2025 11 03 05 44 7 107 0.99 29 618.0 0.00
2025 11 03 05 45 7 48 0.99 28 618.1 0.00
2025 11 03 05 46 7 150 0.99 27 618.1 0.00
2025 11 03 05 47 8 156 1.00 27 618.1 0.00
2025 11 03 05 48 7 117 1.01 26 618.1 0.00
2025 11 03 05 49 9 132 1.00 26 618.1 0.00
2025 11 03 05 50 9 199 1.01 25 618.0 0.00
2025 11 03 05 51 7 185 1.04 25 618.0 0.00
2025 11 03 05 52 7 21 1.09 25 618.1 0.00
2025 11 03 05 53 8 97 1.10 25 618.1 0.00
2025 11 03 05 54 7 169 1.13 25 618.1 0.00
2025 11 03 05 55 6 85 1.15 26 618.1 0.00
2025 11 03 05 56 6 144 1.15 25 618.1 0.00
2025 11 03 05 57 7 108 1.15 24 618.1 0.00
2025 11 03 05 58 8 131 1.14 24 618.1 0.00
2025 11 03 05 59 7 71 1.13 24 618.1 0.00
2025 11 03 06 00 7 167 1.14 25 618.1 0.00
2025 11 03 06 01 8 118 1.14 25 618.1 0.00
2025 11 03 06 02 8 29 1.13 24 618.1 0.00
2025 11 03 06 03 8 108 1.13 24 618.1 0.00
2025 11 03 06 04 7 153 1.12 25 618.1 0.00
2025 11 03 06 05 7 52 1.12 25 618.2 0.00
2025 11 03 06 06 7 163 1.13 25 618.2 0.00
2025 11 03 06 07 8 208 1.15 25 618.2 0.00
2025 11 03 06 08 8 144 1.16 25 618.2 0.00
2025 11 03 06 09 7 231 1.18 25 618.2 0.00
2025 11 03 06 10 8 173 1.17 25 618.2 0.00
2025 11 03 06 11 8 156 1.16 24 618.2 0.00
2025 11 03 06 12 6 148 1.14 24 618.2 0.00
2025 11 03 06 13 7 160 1.10 24 618.2 0.00
2025 11 03 06 14 10 131 1.06 24 618.2 0.00
2025 11 03 06 15 11 0 1.05 24 618.2 0.00
2025 11 03 06 16 9 159 1.05 25 618.2 0.00
2025 11 03 06 17 9 84 1.04 25 618.2 0.00
2025 11 03 06 18 8 119 1.05 25 618.3 0.00
2025 11 03 06 19 8 224 1.05 25 618.2 0.00
2025 11 03 06 20 8 155 1.05 25 618.3 0.00
2025 11 03 06 21 9 71 1.07 26 618.3 0.00
2025 11 03 06 22 9 68 1.06 25 618.3 0.00
2025 11 03 06 23 10 78 1.06 25 618.3 0.00
2025 11 03 06 24 7 104 1.08 25 618.3 0.00
2025 11 03 06 25 8 157 1.10 25 618.4 0.00
2025 11 03 06 26 6 117 1.09 25 618.4 0.00
2025 11 03 06 27 9 118 1.08 25 618.4 0.00
2025 11 03 06 28 8 34 1.09 25 618.4 0.00
2025 11 03 06 29 7 125 1.11 25 618.4 0.00
2025 11 03 06 30 7 169 1.10 25 618.4 0.00
2025 11 03 06 31 7 98 1.11 25 618.4 0.00
2025 11 03 06 32 7 252 1.15 25 618.4 0.00
2025 11 03 06 33 7 101 1.18 24 618.4 0.00
2025 11 03 06 34 5 85 1.19 24 618.4 0.00
2025 11 03 06 35 6 161 1.19 24 618.5 0.00
2025 11 03 06 36 8 120 1.20 24 618.4 0.00
2025 11 03 06 37 9 124 1.22 24 618.4 0.00
2025 11 03 06 38 7 212 1.23 24 618.5 0.00
2025 11 03 06 39 5 156 1.26 24 618.5 0.00
2025 11 03 06 40 6 0 1.28 24 618.5 0.00
2025 11 03 06 41 6 132 1.29 24 618.5 0.00
2025 11 03 06 42 8 62 1.29 24 618.5 0.00
2025 11 03 06 43 8 68 1.30 24 618.5 0.00
2025 11 03 06 44 7 85 1.31 24 618.5 0.00
2025 11 03 06 45 9 94 1.32 23 618.5 0.00
2025 11 03 06 46 11 159 1.35 23 618.5 0.00
2025 11 03 06 47 10 92 1.38 23 618.5 0.00
2025 11 03 06 48 7 126 1.41 23 618.5 0.00
2025 11 03 06 49 8 107 1.43 23 618.5 0.00
2025 11 03 06 50 11 64 1.44 23 618.5 0.00
2025 11 03 06 51 11 35 1.48 23 618.5 0.00
2025 11 03 06 52 9 106 1.51 23 618.6 0.00
2025 11 03 06 53 10 142 1.56 23 618.6 0.00
2025 11 03 06 54 7 172 1.58 23 618.6 0.00
2025 11 03 06 55 8 158 1.61 23 618.6 0.00
2025 11 03 06 56 9 219 1.64 23 618.6 0.00
2025 11 03 06 57 8 76 1.66 22 618.7 0.00
2025 11 03 06 58 7 22 1.68 22 618.7 0.00
2025 11 03 06 59 9 119 1.69 21 618.7 0.00
2025 11 03 07 00 6 53 1.70 21 618.7 0.00
2025 11 03 07 01 7 97 1.70 21 618.7 0.00
2025 11 03 07 02 8 173 1.69 21 618.7 0.00
2025 11 03 07 03 8 149 1.68 21 618.8 0.00
2025 11 03 07 04 8 124 1.68 21 618.8 0.00
2025 11 03 07 05 10 78 1.67 20 618.8 0.00
2025 11 03 07 06 11 109 1.67 20 618.7 0.00
2025 11 03 07 07 9 116 1.68 20 618.8 0.00
2025 11 03 07 08 10 97 1.69 19 618.8 0.00
2025 11 03 07 09 9 129 1.69 19 618.8 0.00
2025 11 03 07 10 9 11 1.69 19 618.8 0.00
2025 11 03 07 11 9 99 1.68 19 618.8 0.00
2025 11 03 07 12 10 182 1.70 20 618.8 0.00
2025 11 03 07 13 8 64 1.72 20 618.8 0.00
2025 11 03 07 14 10 155 1.78 20 618.8 0.00
2025 11 03 07 15 9 109 1.83 20 618.9 0.00
2025 11 03 07 16 8 168 1.87 19 618.9 0.00
2025 11 03 07 17 7 100 1.89 20 618.9 0.00
2025 11 03 07 18 8 177 1.93 20 618.9 0.00
2025 11 03 07 19 9 148 1.96 21 618.9 0.00
2025 11 03 07 20 6 141 2.00 20 619.0 0.00
2025 11 03 07 21 7 109 2.01 20 619.0 0.00
2025 11 03 07 22 6 97 2.05 20 619.0 0.00
2025 11 03 07 23 8 86 2.07 20 619.0 0.00
2025 11 03 07 24 7 105 2.10 20 619.0 0.00
2025 11 03 07 25 8 127 2.14 20 619.0 0.00
2025 11 03 07 26 8 127 2.21 20 619.0 0.00
2025 11 03 07 27 8 93 2.28 20 619.1 0.00
2025 11 03 07 28 9 179 2.36 20 619.1 0.00
2025 11 03 07 29 9 83 2.43 20 619.1 0.00
2025 11 03 07 30 8 95 2.50 20 619.1 0.00
2025 11 03 07 31 8 122 2.57 20 619.1 0.00
2025 11 03 07 32 9 121 2.61 20 619.1 0.00
2025 11 03 07 33 9 77 2.67 20 619.1 0.00
2025 11 03 07 34 8 124 2.76 20 619.2 0.00
2025 11 03 07 35 6 175 2.78 20 619.2 0.00
2025 11 03 07 36 6 74 2.77 20 619.2 0.00
2025 11 03 07 37 7 173 2.78 20 619.2 0.00
2025 11 03 07 38 8 100 2.74 21 619.2 0.00
2025 11 03 07 39 9 191 2.73 21 619.1 0.00
2025 11 03 07 40 10 118 2.77 22 619.1 0.00
2025 11 03 07 41 9 122 2.81 22 619.2 0.00
2025 11 03 07 42 6 90 2.83 21 619.2 0.00
2025 11 03 07 43 5 120 2.84 20 619.3 0.00
2025 11 03 07 44 3 69 2.83 21 619.4 0.00
2025 11 03 07 45 6 128 2.79 22 619.4 0.00
2025 11 03 07 46 9 117 2.72 22 619.3 0.00
2025 11 03 07 47 8 153 2.71 22 619.3 0.00
2025 11 03 07 48 8 92 2.67 23 619.3 0.00
2025 11 03 07 49 5 147 2.65 23 619.3 0.00
2025 11 03 07 50 6 98 2.60 23 619.3 0.00
2025 11 03 07 51 5 127 2.55 24 619.3 0.00
2025 11 03 07 52 4 38 2.54 25 619.3 0.00
2025 11 03 07 53 1 69 2.50 26 619.4 0.00
2025 11 03 07 54 3 102 2.49 25 619.3 0.00
2025 11 03 07 55 2 110 2.46 26 619.3 0.00
2025 11 03 07 56 4 140 2.47 25 619.3 0.00
2025 11 03 07 57 4 50 2.45 25 619.3 0.00
2025 11 03 07 58 3 108 2.46 24 619.3 0.00
2025 11 03 07 59 4 127 2.50 23 619.3 0.00
2025 11 03 08 00 5 80 2.52 24 619.3 0.00
2025 11 03 08 01 3 110 2.57 25 619.3 0.00
2025 11 03 08 02 5 49 2.60 25 619.4 0.00
2025 11 03 08 03 6 3 2.61 25 619.4 0.00
2025 11 03 08 04 5 73 2.67 25 619.4 0.00
2025 11 03 08 05 5 142 2.74 25 619.4 0.00
2025 11 03 08 06 4 168 2.80 23 619.4 0.00
2025 11 03 08 07 4 0 2.84 22 619.4 0.00
2025 11 03 08 08 6 171 2.81 23 619.4 0.00
2025 11 03 08 09 7 149 2.81 21 619.4 0.00
2025 11 03 08 10 7 148 2.86 22 619.4 0.00
2025 11 03 08 11 6 29 2.89 22 619.4 0.00
2025 11 03 08 12 8 162 2.91 22 619.4 0.00
2025 11 03 08 13 6 162 2.89 22 619.4 0.00
2025 11 03 08 14 7 79 2.95 22 619.4 0.00
2025 11 03 08 15 8 52 2.97 20 619.4 0.00
2025 11 03 08 16 6 134 2.98 21 619.5 0.00
2025 11 03 08 17 5 172 2.98 20 619.5 0.00
2025 11 03 08 18 2 180 2.94 19 619.6 0.00
2025 11 03 08 19 5 156 2.95 20 619.6 0.00
2025 11 03 08 20 7 126 3.04 19 619.5 0.00
2025 11 03 08 21 9 0 3.08 18 619.4 0.00
2025 11 03 08 22 9 107 3.14 18 619.5 0.00
2025 11 03 08 23 8 132 3.29 18 619.6 0.00
2025 11 03 08 24 6 173 3.33 18 619.6 0.00
2025 11 03 08 25 4 261 3.37 18 619.6 0.00
2025 11 03 08 26 2 104 3.45 17 619.6 0.00
2025 11 03 08 27 7 100 3.47 19 619.6 0.00
2025 11 03 08 28 9 188 3.46 20 619.5 0.00
2025 11 03 08 29 8 231 3.50 18 619.5 0.00
2025 11 03 08 30 6 118 3.45 18 619.6 0.00
2025 11 03 08 31 7 158 3.57 18 619.6 0.00
2025 11 03 08 32 9 166 3.68 17 619.6 0.00
2025 11 03 08 33 11 188 3.80 17 619.6 0.00
2025 11 03 08 34 11 174 3.94 17 619.6 0.00
2025 11 03 08 35 12 117 4.07 18 619.6 0.00
2025 11 03 08 36 10 137 4.06 17 619.6 0.00
2025 11 03 08 37 6 86 4.01 18 619.6 0.00
2025 11 03 08 38 6 169 3.94 18 619.6 0.00
2025 11 03 08 39 7 123 3.88 19 619.6 0.00
2025 11 03 08 40 10 83 3.83 19 619.7 0.00
2025 11 03 08 41 10 132 3.83 20 619.7 0.00
2025 11 03 08 42 11 179 3.86 19 619.7 0.00
2025 11 03 08 43 8 100 3.85 19 619.7 0.00
2025 11 03 08 44 11 105 3.93 20 619.7 0.00
2025 11 03 08 45 10 168 4.04 20 619.6 0.00
2025 11 03 08 46 12 98 4.04 18 619.6 0.00
2025 11 03 08 47 14 89 4.18 17 619.6 0.00
2025 11 03 08 48 14 98 4.38 18 619.6 0.00
2025 11 03 08 49 15 99 4.52 17 619.7 0.00
2025 11 03 08 50 16 68 4.65 19 619.7 0.00
2025 11 03 08 51 14 66 4.65 19 619.7 0.00
2025 11 03 08 52 14 91 4.71 19 619.8 0.00
2025 11 03 08 53 15 90 4.76 19 619.7 0.00
2025 11 03 08 54 16 121 4.87 20 619.7 0.00
2025 11 03 08 55 13 120 4.84 21 619.8 0.00
2025 11 03 08 56 15 104 4.93 19 619.7 0.00
2025 11 03 08 57 15 104 4.99 20 619.7 0.00
2025 11 03 08 58 14 31 5.07 19 619.7 0.00
2025 11 03 08 59 11 105 5.06 19 619.7 0.00
2025 11 03 09 00 12 73 5.08 20 619.7 0.00
2025 11 03 09 01 11 113 5.15 20 619.7 0.00
2025 11 03 09 02 10 109 5.08 20 619.7 0.00
2025 11 03 09 03 11 118 5.08 20 619.7 0.00
2025 11 03 09 04 13 149 5.13 20 619.8 0.00
2025 11 03 09 05 13 177 5.22 20 619.7 0.00
2025 11 03 09 06 11 87 5.22 20 619.8 0.00
2025 11 03 09 07 12 127 5.20 20 619.8 0.00
2025 11 03 09 08 9 123 5.08 20 619.8 0.00
2025 11 03 09 09 7 105 4.94 21 619.8 0.00
2025 11 03 09 10 8 90 4.87 22 619.8 0.00
2025 11 03 09 11 7 153 4.78 21 619.8 0.00
2025 11 03 09 12 6 164 4.66 22 619.8 0.00
2025 11 03 09 13 7 120 4.65 22 619.8 0.00
2025 11 03 09 14 8 143 4.67 22 619.8 0.00
2025 11 03 09 15 6 211 4.67 22 619.8 0.00
2025 11 03 09 16 7 155 4.72 21 619.8 0.00
2025 11 03 09 17 9 111 4.72 21 619.9 0.00
2025 11 03 09 18 6 65 4.65 22 619.9 0.00
2025 11 03 09 19 8 156 4.67 23 619.9 0.00
2025 11 03 09 20 5 174 4.65 24 619.9 0.00
2025 11 03 09 21 7 145 4.59 22 619.9 0.00
2025 11 03 09 22 7 144 4.55 22 619.9 0.00
2025 11 03 09 23 9 127 4.63 22 619.9 0.00
2025 11 03 09 24 8 96 4.66 22 619.9 0.00
2025 11 03 09 25 5 180 4.69 23 619.9 0.00
2025 11 03 09 26 5 110 4.66 24 619.9 0.00
2025 11 03 09 27 5 110 4.64 24 619.9 0.00
2025 11 03 09 28 6 84 4.61 22 620.0 0.00
2025 11 03 09 29 5 106 4.52 22 620.0 0.00
2025 11 03 09 30 7 175 4.48 23 620.0 0.00
2025 11 03 09 31 6 61 4.43 23 620.0 0.00
2025 11 03 09 32 5 162 4.47 22 620.0 0.00
2025 11 03 09 33 4 192 4.41 22 620.0 0.00
2025 11 03 09 34 3 5 4.44 23 620.0 0.00
2025 11 03 09 35 5 179 4.45 23 620.0 0.00
2025 11 03 09 36 4 142 4.46 24 620.0 0.00
2025 11 03 09 37 3 118 4.56 24 620.0 0.00
2025 11 03 09 38 4 158 4.60 25 620.0 0.00
2025 11 03 09 39 6 192 4.69 24 620.0 0.00
2025 11 03 09 40 6 55 4.77 23 620.0 0.00
2025 11 03 09 41 6 86 4.99 22 620.0 0.00
2025 11 03 09 42 6 127 5.10 22 620.0 0.00
2025 11 03 09 43 3 57 5.28 22 620.0 0.00
2025 11 03 09 44 4 118 5.35 22 620.0 0.00
2025 11 03 09 45 5 179 5.40 22 620.1 0.00
2025 11 03 09 46 4 102 5.43 24 620.1 0.00
2025 11 03 09 47 4 32 5.46 23 620.1 0.00
2025 11 03 09 48 5 72 5.40 23 620.1 0.00
2025 11 03 09 49 5 191 5.31 23 620.1 0.00
2025 11 03 09 50 4 286 5.22 24 620.1 0.00
2025 11 03 09 51 5 202 5.23 23 620.0 0.00
2025 11 03 09 52 4 130 5.23 22 620.0 0.00
2025 11 03 09 53 4 146 5.24 22 620.0 0.00
2025 11 03 09 54 8 161 5.42 25 620.0 0.00
2025 11 03 09 55 8 98 5.41 25 620.0 0.00
2025 11 03 09 56 8 247 5.50 24 620.1 0.00
2025 11 03 09 57 5 221 5.47 23 620.1 0.00
2025 11 03 09 58 5 31 5.47 23 620.1 0.00
2025 11 03 09 59 5 86 5.40 23 620.1 0.00
2025 11 03 10 00 7 70 5.55 24 620.1 0.00
2025 11 03 10 01 7 97 5.65 24 620.1 0.00
2025 11 03 10 02 9 127 5.72 25 620.2 0.00
2025 11 03 10 03 9 102 5.85 25 620.2 0.00
2025 11 03 10 04 7 82 5.89 23 620.2 0.00
2025 11 03 10 05 4 100 5.84 22 620.2 0.00
2025 11 03 10 06 6 31 5.94 22 620.2 0.00
2025 11 03 10 07 6 226 5.99 25 620.2 0.00
2025 11 03 10 08 5 180 6.01 25 620.2 0.00
2025 11 03 10 09 3 123 6.12 25 620.2 0.00
2025 11 03 10 10 4 217 6.22 27 620.2 0.00
2025 11 03 10 11 5 2 6.28 26 620.3 0.00
2025 11 03 10 12 5 65 6.34 26 620.3 0.00
2025 11 03 10 13 10 54 6.44 24 620.3 0.00
2025 11 03 10 14 8 18 6.43 24 620.3 0.00
2025 11 03 10 15 5 215 6.37 22 620.3 0.00
2025 11 03 10 16 5 223 6.54 23 620.2 0.00
2025 11 03 10 17 6 103 6.55 23 620.2 0.00
2025 11 03 10 18 9 145 6.70 22 620.2 0.00
2025 11 03 10 19 6 98 6.81 22 620.3 0.00
2025 11 03 10 20 7 51 6.86 24 620.3 0.00
2025 11 03 10 21 10 169 6.84 25 620.2 0.00
2025 11 03 10 22 6 62 6.77 24 620.2 0.00
2025 11 03 10 23 5 173 6.76 24 620.2 0.00
2025 11 03 10 24 4 55 6.66 24 620.3 0.00
2025 11 03 10 25 6 173 6.74 24 620.2 0.00
2025 11 03 10 26 5 50 6.80 25 620.3 0.00
2025 11 03 10 27 5 106 6.78 25 620.3 0.00
2025 11 03 10 28 5 204 6.62 23 620.3 0.00
2025 11 03 10 29 7 84 6.55 22 620.3 0.00
2025 11 03 10 30 6 87 6.37 22 620.3 0.00
2025 11 03 10 31 5 169 6.35 24 620.3 0.00
2025 11 03 10 32 7 51 6.27 24 620.3 0.00
2025 11 03 10 33 8 222 6.20 29 620.2 0.00
2025 11 03 10 34 8 169 6.23 29 620.2 0.00
2025 11 03 10 35 11 49 6.34 24 620.2 0.00
2025 11 03 10 36 9 84 6.30 27 620.1 0.00
2025 11 03 10 37 8 148 6.20 30 620.2 0.00
2025 11 03 10 38 6 92 6.23 27 620.2 0.00
2025 11 03 10 39 9 220 6.26 22 620.1 0.00
2025 11 03 10 40 7 113 6.24 23 620.1 0.00
2025 11 03 10 41 7 203 6.18 21 620.1 0.00
2025 11 03 10 42 5 198 6.10 22 620.1 0.00
2025 11 03 10 43 4 343 6.03 23 620.1 0.00
2025 11 03 10 44 5 139 6.17 22 620.1 0.00
2025 11 03 10 45 8 118 6.27 23 620.1 0.00
2025 11 03 10 46 11 123 6.53 23 620.1 0.00
2025 11 03 10 47 9 136 6.69 26 620.1 0.00
2025 11 03 10 48 7 135 6.59 29 620.2 0.00
2025 11 03 10 49 7 85 6.64 29 620.1 0.00
2025 11 03 10 50 10 28 6.75 31 620.1 0.00
2025 11 03 10 51 8 197 6.87 30 620.1 0.00
2025 11 03 10 52 11 65 6.99 29 620.1 0.00
2025 11 03 10 53 12 149 7.11 29 620.1 0.00
2025 11 03 10 54 13 45 7.18 27 620.0 0.00
2025 11 03 10 55 13 142 7.26 27 620.0 0.00
2025 11 03 10 56 11 74 7.29 27 620.0 0.00
2025 11 03 10 57 13 165 7.33 27 620.0 0.00
2025 11 03 10 58 13 131 7.46 24 620.0 0.00
2025 11 03 10 59 13 112 7.53 22 619.9 0.00
2025 11 03 11 00 15 159 7.55 21 619.9 0.00
2025 11 03 11 01 14 100 7.58 16 619.9 0.00
2025 11 03 11 02 14 107 7.66 21 619.9 0.00
2025 11 03 11 03 12 97 7.63 23 619.9 0.00
2025 11 03 11 04 15 127 7.71 18 619.8 0.00
2025 11 03 11 05 16 8 7.83 21 619.8 0.00
2025 11 03 11 06 17 105 7.79 23 619.8 0.00
2025 11 03 11 07 15 144 7.79 25 619.8 0.00
2025 11 03 11 08 13 91 7.80 26 619.8 0.00
2025 11 03 11 09 15 111 7.70 22 619.8 0.00
2025 11 03 11 10 16 87 7.65 22 619.8 0.00
2025 11 03 11 11 15 145 7.70 23 619.8 0.00
2025 11 03 11 12 13 127 7.75 21 619.8 0.00
2025 11 03 11 13 12 96 7.72 21 619.8 0.00
2025 11 03 11 14 15 35 7.78 20 619.8 0.00
2025 11 03 11 15 12 145 7.76 21 619.8 0.00
2025 11 03 11 16 10 130 7.71 22 619.7 0.00
2025 11 03 11 17 8 106 7.71 23 619.7 0.00
2025 11 03 11 18 11 160 7.61 24 619.8 0.00
2025 11 03 11 19 10 118 7.47 25 619.7 0.00
2025 11 03 11 20 11 99 7.39 25 619.7 0.00
2025 11 03 11 21 9 144 7.28 24 619.7 0.00
2025 11 03 11 22 7 97 7.21 26 619.8 0.00
2025 11 03 11 23 6 119 7.14 27 619.8 0.00
2025 11 03 11 24 11 260 7.04 23 619.8 0.00
2025 11 03 11 25 10 153 7.03 21 619.8 0.00
2025 11 03 11 26 10 100 7.21 19 619.8 0.00
2025 11 03 11 27 10 95 7.38 20 619.8 0.00
2025 11 03 11 28 8 151 7.33 22 619.9 0.00
2025 11 03 11 29 7 63 7.24 26 619.9 0.00
2025 11 03 11 30 8 131 7.10 26 619.9 0.00
2025 11 03 11 31 7 70 6.95 26 619.9 0.00
2025 11 03 11 32 9 37 7.05 26 619.9 0.00
2025 11 03 11 33 8 110 7.05 26 620.0 0.00
2025 11 03 11 34 9 54 7.06 27 620.0 0.00
2025 11 03 11 35 8 89 7.16 27 620.0 0.00
2025 11 03 11 36 9 108 7.28 27 620.0 0.00
2025 11 03 11 37 6 103 7.44 28 620.0 0.00
2025 11 03 11 38 9 108 7.45 26 619.9 0.00
2025 11 03 11 39 8 48 7.59 25 620.0 0.00
2025 11 03 11 40 5 172 7.68 24 619.9 0.00
2025 11 03 11 41 5 158 7.63 26 619.9 0.00
2025 11 03 11 42 7 133 7.58 30 619.9 0.00
2025 11 03 11 43 7 97 7.34 31 619.9 0.00
2025 11 03 11 44 4 113 7.20 30 619.9 0.00
2025 11 03 11 45 7 84 7.23 27 619.9 0.00
2025 11 03 11 46 11 90 7.46 26 619.8 0.00
2025 11 03 11 47 13 103 7.48 25 619.8 0.00
2025 11 03 11 48 11 91 7.47 25 619.8 0.00
2025 11 03 11 49 10 100 7.39 25 619.8 0.00
2025 11 03 11 50 9 112 7.44 26 619.8 0.00
2025 11 03 11 51 10 72 7.55 28 619.7 0.00
2025 11 03 11 52 10 63 7.58 30 619.7 0.00
2025 11 03 11 53 12 92 7.54 29 619.7 0.00
2025 11 03 11 54 11 80 7.62 29 619.7 0.00
2025 11 03 11 55 14 106 7.62 30 619.7 0.00
2025 11 03 11 56 11 98 7.51 30 619.7 0.00
2025 11 03 11 57 12 92 7.41 30 619.7 0.00
2025 11 03 11 58 13 122 7.45 31 619.7 0.00
2025 11 03 11 59 11 203 7.43 31 619.7 0.00
2025 11 03 12 00 11 87 7.43 30 619.7 0.00
2025 11 03 12 01 8 129 7.51 30 619.7 0.00
2025 11 03 12 02 7 66 7.55 32 619.7 0.00
2025 11 03 12 03 8 69 7.63 33 619.7 0.00
2025 11 03 12 04 8 145 7.64 37 619.7 0.00
2025 11 03 12 05 9 112 7.67 39 619.7 0.00
2025 11 03 12 06 5 22 7.54 43 619.7 0.00
2025 11 03 12 07 7 78 7.57 44 619.7 0.00
2025 11 03 12 08 10 82 7.67 39 619.7 0.00
2025 11 03 12 09 8 74 7.61 42 619.7 0.00
2025 11 03 12 10 6 157 7.51 46 619.7 0.00
2025 11 03 12 11 9 89 7.57 46 619.7 0.00
2025 11 03 12 12 7 157 7.40 42 619.7 0.00
2025 11 03 12 13 4 142 7.34 41 619.7 0.00
2025 11 03 12 14 5 148 7.18 40 619.7 0.00
2025 11 03 12 15 6 348 7.08 41 619.7 0.00
2025 11 03 12 16 10 68 7.14 41 619.7 0.00
2025 11 03 12 17 6 87 7.28 42 619.7 0.00
2025 11 03 12 18 5 84 7.35 44 619.7 0.00
2025 11 03 12 19 6 153 7.32 47 619.6 0.00
2025 11 03 12 20 6 121 7.34 47 619.6 0.00
2025 11 03 12 21 5 100 7.25 46 619.6 0.00
2025 11 03 12 22 7 88 7.23 43 619.6 0.00
2025 11 03 12 23 9 89 7.21 47 619.6 0.00
2025 11 03 12 24 9 91 7.11 46 619.6 0.00
2025 11 03 12 25 4 61 6.86 44 619.6 0.00
2025 11 03 12 26 1 93 6.77 47 619.6 0.00
2025 11 03 12 27 7 75 6.92 49 619.6 0.00
2025 11 03 12 28 8 100 6.90 48 619.6 0.00
2025 11 03 12 29 5 55 6.66 47 619.6 0.00
2025 11 03 12 30 3 46 6.60 49 619.6 0.00
2025 11 03 12 31 5 61 6.53 53 619.6 0.00
2025 11 03 12 32 4 44 6.50 53 619.6 0.00
2025 11 03 12 33 5 97 6.46 53 619.5 0.00
2025 11 03 12 34 7 173 6.55 51 619.5 0.00
2025 11 03 12 35 8 166 6.63 50 619.5 0.00
2025 11 03 12 36 11 99 6.81 48 619.5 0.00
2025 11 03 12 37 10 86 6.70 46 619.5 0.00
2025 11 03 12 38 12 185 6.76 40 619.5 0.00
2025 11 03 12 39 10 148 6.90 41 619.5 0.00
2025 11 03 12 40 6 87 7.04 45 619.5 0.00
2025 11 03 12 41 7 72 7.11 40 619.5 0.00
2025 11 03 12 42 6 113 7.16 37 619.5 0.00
2025 11 03 12 43 4 121 7.19 37 619.5 0.00
2025 11 03 12 44 3 171 7.49 36 619.5 0.00
2025 11 03 12 45 8 86 7.64 34 619.4 0.00
2025 11 03 12 46 8 171 7.78 37 619.5 0.00
2025 11 03 12 47 7 94 7.75 35 619.4 0.00
2025 11 03 12 48 8 84 7.56 30 619.5 0.00
2025 11 03 12 49 5 340 7.29 31 619.5 0.00
2025 11 03 12 50 8 49 7.28 31 619.5 0.00
2025 11 03 12 51 8 104 7.14 31 619.5 0.00
2025 11 03 12 52 10 172 7.39 32 619.4 0.00
2025 11 03 12 53 9 99 7.61 32 619.4 0.00
2025 11 03 12 54 10 103 7.54 31 619.5 0.00
2025 11 03 12 55 8 79 7.43 33 619.5 0.00
2025 11 03 12 56 6 170 7.43 45 619.5 0.00
2025 11 03 12 57 6 92 7.46 46 619.5 0.00
2025 11 03 12 58 7 66 7.45 37 619.5 0.00
2025 11 03 12 59 5 105 7.36 35 619.5 0.00
2025 11 03 13 00 5 80 7.31 32 619.5 0.00
2025 11 03 13 01 5 177 7.26 36 619.5 0.00
2025 11 03 13 02 9 81 7.37 35 619.4 0.00
2025 11 03 13 03 8 121 7.31 31 619.5 0.00
2025 11 03 13 04 7 97 7.21 29 619.5 0.00
2025 11 03 13 05 6 43 7.01 29 619.5 0.00
2025 11 03 13 06 2 178 6.80 30 619.5 0.00
2025 11 03 13 07 1 81 6.71 33 619.5 0.00
2025 11 03 13 08 3 153 6.91 36 619.4 0.00
2025 11 03 13 09 3 80 7.05 34 619.4 0.00
2025 11 03 13 10 8 85 7.14 37 619.4 0.00
2025 11 03 13 11 8 52 7.22 38 619.4 0.00
2025 11 03 13 12 10 96 7.23 36 619.4 0.00
2025 11 03 13 13 8 70 7.27 39 619.4 0.00
2025 11 03 13 14 9 88 7.15 42 619.4 0.00
2025 11 03 13 15 7 97 7.01 44 619.4 0.00
2025 11 03 13 16 10 123 6.92 53 619.3 0.00
2025 11 03 13 17 9 86 7.06 50 619.3 0.00
2025 11 03 13 18 12 93 7.07 45 619.3 0.00
2025 11 03 13 19 11 83 6.91 41 619.4 0.00
2025 11 03 13 20 10 93 6.84 45 619.4 0.00
2025 11 03 13 21 9 75 7.01 44 619.3 0.00
2025 11 03 13 22 6 28 6.86 44 619.3 0.00
2025 11 03 13 23 7 105 6.86 45 619.3 0.00
2025 11 03 13 24 6 106 6.81 42 619.3 0.00
2025 11 03 13 25 5 90 6.87 37 619.3 0.00
2025 11 03 13 26 6 126 6.85 34 619.2 0.00
2025 11 03 13 27 8 101 6.87 32 619.2 0.00
2025 11 03 13 28 10 72 6.84 32 619.2 0.00
2025 11 03 13 29 9 82 6.71 38 619.2 0.00
2025 11 03 13 30 11 35 6.67 39 619.3 0.00
2025 11 03 13 31 9 65 6.69 35 619.3 0.00
2025 11 03 13 32 9 102 6.63 43 619.3 0.00
2025 11 03 13 33 7 94 6.55 49 619.3 0.00
2025 11 03 13 34 6 70 6.66 46 619.2 0.00
2025 11 03 13 35 8 80 6.58 42 619.2 0.00
2025 11 03 13 36 6 87 6.43 37 619.2 0.00
2025 11 03 13 37 3 116 6.31 33 619.3 0.00
2025 11 03 13 38 1 167 6.34 34 619.3 0.00
2025 11 03 13 39 1 106 6.29 37 619.3 0.00
2025 11 03 13 40 5 40 6.52 37 619.2 0.00
2025 11 03 13 41 9 41 6.69 31 619.2 0.00
2025 11 03 13 42 12 74 6.77 32 619.2 0.00
2025 11 03 13 43 13 60 6.75 33 619.1 0.00
2025 11 03 13 44 11 65 6.67 32 619.1 0.00
2025 11 03 13 45 10 55 6.56 32 619.0 0.00
2025 11 03 13 46 12 26 6.47 30 619.1 0.00
2025 11 03 13 47 13 72 6.48 31 619.1 0.00
2025 11 03 13 48 12 45 6.45 34 619.1 0.00
2025 11 03 13 49 13 59 6.41 32 619.1 0.00
2025 11 03 13 50 9 96 6.50 32 619.2 0.00
2025 11 03 13 51 5 53 6.40 33 619.2 0.00
2025 11 03 13 52 9 83 6.33 30 619.2 0.00
2025 11 03 13 53 5 72 6.36 29 619.2 0.00
2025 11 03 13 54 4 63 6.31 29 619.1 0.00
2025 11 03 13 55 9 90 6.40 32 619.1 0.00
2025 11 03 13 56 6 106 6.31 47 619.1 0.00
2025 11 03 13 57 8 26 6.26 44 619.1 0.00
2025 11 03 13 58 12 37 6.37 40 619.1 0.00
2025 11 03 13 59 14 75 6.44 50 619.1 0.00
2025 11 03 14 00 9 99 6.55 50 619.1 0.00
2025 11 03 14 01 6 34 6.58 47 619.2 0.00
2025 11 03 14 02 11 50 6.60 47 619.1 0.00
2025 11 03 14 03 13 37 6.54 46 619.1 0.00
2025 11 03 14 04 9 48 6.40 46 619.1 0.00
2025 11 03 14 05 6 5 6.22 45 619.1 0.00
2025 11 03 14 06 7 77 6.19 45 619.1 0.00
2025 11 03 14 07 9 51 6.24 44 619.1 0.00
2025 11 03 14 08 7 47 6.22 44 619.1 0.00
2025 11 03 14 09 4 61 6.10 45 619.1 0.00
2025 11 03 14 10 0 70 6.02 44 619.0 0.00
2025 11 03 14 11 6 46 6.08 41 619.1 0.00
2025 11 03 14 12 15 72 6.25 38 619.0 0.00
2025 11 03 14 13 10 45 6.44 41 619.1 0.00
2025 11 03 14 14 6 115 6.43 41 619.1 0.00
2025 11 03 14 15 4 96 6.35 41 619.0 0.00
2025 11 03 14 16 6 67 6.46 43 619.0 0.00
2025 11 03 14 17 6 84 6.49 49 619.0 0.00
2025 11 03 14 18 9 144 6.46 53 618.9 0.00
2025 11 03 14 19 5 6 6.71 53 618.9 0.00
2025 11 03 14 20 4 101 6.87 52 618.9 0.00
2025 11 03 14 21 7 107 7.07 52 618.9 0.00
2025 11 03 14 22 5 103 7.15 60 618.9 0.00
2025 11 03 14 23 3 14 7.08 51 619.0 0.00
2025 11 03 14 24 2 61 7.08 52 619.0 0.00
2025 11 03 14 25 4 122 6.96 45 619.0 0.00
2025 11 03 14 26 1 90 6.87 53 619.0 0.00
2025 11 03 14 27 1 210 6.92 52 619.0 0.00
2025 11 03 14 28 2 53 6.97 50 619.0 0.00
2025 11 03 14 29 6 203 6.93 51 619.0 0.00
2025 11 03 14 30 3 42 7.03 48 619.0 0.00
2025 11 03 14 31 5 52 7.23 42 619.0 0.00
2025 11 03 14 32 9 35 7.31 49 618.9 0.00
2025 11 03 14 33 9 66 7.34 44 618.9 0.00
2025 11 03 14 34 9 76 7.31 39 619.0 0.00
2025 11 03 14 35 6 29 7.14 40 619.0 0.00
2025 11 03 14 36 9 14 7.21 68 618.9 0.00
2025 11 03 14 37 6 44 7.13 68 618.9 0.00
2025 11 03 14 38 16 38 6.97 50 618.9 0.00
2025 11 03 14 39 12 68 6.86 48 619.0 0.00
2025 11 03 14 40 7 42 6.80 47 619.0 0.00
2025 11 03 14 41 5 58 6.54 45 619.0 0.00
2025 11 03 14 42 3 62 6.51 47 619.0 0.00
2025 11 03 14 43 9 64 6.40 45 619.0 0.00
2025 11 03 14 44 7 111 6.30 46 619.0 0.00
2025 11 03 14 45 4 103 6.35 46 619.0 0.00
2025 11 03 14 46 7 52 6.27 63 619.0 0.00
2025 11 03 14 47 8 58 6.28 66 619.0 0.00
2025 11 03 14 48 9 170 6.28 63 618.9 0.00
2025 11 03 14 49 8 97 6.36 65 618.9 0.00
2025 11 03 14 50 11 85 6.25 62 618.9 0.00
2025 11 03 14 51 7 97 6.14 62 619.0 0.00
2025 11 03 14 52 4 70 6.13 63 619.0 0.00
2025 11 03 14 53 6 89 6.04 65 619.0 0.00
2025 11 03 14 54 6 93 5.92 66 619.0 0.00
2025 11 03 14 55 9 66 5.78 66 619.0 0.00
2025 11 03 14 56 7 55 5.51 68 619.0 0.00
2025 11 03 14 57 8 71 5.40 72 619.0 0.00
2025 11 03 14 58 9 103 5.31 72 619.0 0.00
2025 11 03 14 59 9 80 5.23 71 619.0 0.00
2025 11 03 15 00 11 46 5.08 69 619.0 0.00
2025 11 03 15 01 11 74 4.95 69 619.0 0.00
2025 11 03 15 02 10 55 4.80 69 619.0 0.00
2025 11 03 15 03 9 68 4.62 70 619.0 0.00
2025 11 03 15 04 8 55 4.51 71 619.0 0.00
2025 11 03 15 05 9 77 4.51 69 619.0 0.00
2025 11 03 15 06 7 57 4.49 69 619.0 0.00
2025 11 03 15 07 7 55 4.48 70 619.0 0.00
2025 11 03 15 08 13 58 4.53 70 619.0 0.00
2025 11 03 15 09 14 53 4.53 69 619.0 0.00
2025 11 03 15 10 10 52 4.49 67 619.0 0.00
2025 11 03 15 11 8 59 4.47 68 619.0 0.00
2025 11 03 15 12 6 66 4.34 70 619.0 0.00
2025 11 03 15 13 5 55 4.24 72 619.0 0.00
2025 11 03 15 14 10 54 4.31 73 619.0 0.00
2025 11 03 15 15 9 90 4.35 70 619.0 0.00
2025 11 03 15 16 6 69 4.39 69 619.0 0.00
2025 11 03 15 17 6 77 4.41 71 619.0 0.00
2025 11 03 15 18 6 67 4.37 74 619.0 0.00
2025 11 03 15 19 7 53 4.36 76 619.0 0.00
2025 11 03 15 20 7 26 4.35 76 619.0 0.00
2025 11 03 15 21 4 48 4.24 76 619.0 0.00
2025 11 03 15 22 4 52 4.23 77 619.0 0.00
2025 11 03 15 23 8 77 4.27 74 619.0 0.00
2025 11 03 15 24 10 53 4.34 74 619.0 0.00
2025 11 03 15 25 12 64 4.38 78 619.0 0.00
2025 11 03 15 26 10 76 4.35 79 619.0 0.00
2025 11 03 15 27 8 73 4.38 77 618.9 0.00
2025 11 03 15 28 10 76 4.37 76 618.9 0.00
2025 11 03 15 29 11 27 4.33 76 618.9 0.00
2025 11 03 15 30 12 76 4.30 74 618.9 0.00
2025 11 03 15 31 10 59 4.31 75 619.0 0.00
2025 11 03 15 32 10 80 4.28 76 619.0 0.00
2025 11 03 15 33 9 69 4.22 75 619.0 0.00
2025 11 03 15 34 8 61 4.14 74 619.0 0.00
2025 11 03 15 35 10 73 4.11 73 619.0 0.00
2025 11 03 15 36 8 99 4.15 71 619.1 0.00
2025 11 03 15 37 8 58 4.16 72 619.1 0.00
2025 11 03 15 38 10 108 4.16 73 619.1 0.00
2025 11 03 15 39 7 92 4.16 74 619.1 0.00
2025 11 03 15 40 5 60 4.18 73 619.1 0.00
2025 11 03 15 41 3 75 4.24 73 619.1 0.00
2025 11 03 15 42 2 115 4.25 74 619.1 0.00
2025 11 03 15 43 1 135 4.42 75 619.1 0.00
2025 11 03 15 44 1 82 4.37 77 619.1 0.00
2025 11 03 15 45 0 29 4.37 77 619.1 0.00
2025 11 03 15 46 2 177 4.37 77 619.1 0.00
2025 11 03 15 47 5 10 4.31 77 619.1 0.00
2025 11 03 15 48 5 206 4.14 79 619.1 0.00
2025 11 03 15 49 2 144 4.07 80 619.2 0.00
2025 11 03 15 50 4 173 4.04 80 619.1 0.00
2025 11 03 15 51 3 209 3.98 82 619.2 0.00
2025 11 03 15 52 0 174 3.93 82 619.2 0.00
2025 11 03 15 53 1 1 3.90 83 619.2 0.00
2025 11 03 15 54 3 105 3.92 84 619.2 0.00
2025 11 03 15 55 1 65 3.97 84 619.2 0.00
2025 11 03 15 56 1 77 3.96 84 619.2 0.00
2025 11 03 15 57 2 81 3.99 84 619.1 0.00
2025 11 03 15 58 0 9 4.00 84 619.2 0.00
2025 11 03 15 59 0 148 4.12 83 619.2 0.00
2025 11 03 16 00 0 30 4.08 83 619.2 0.00
2025 11 03 16 01 1 87 4.13 83 619.2 0.00
2025 11 03 16 02 1 6 4.11 83 619.2 0.00
2025 11 03 16 03 1 203 3.96 84 619.2 0.00
2025 11 03 16 04 0 95 4.01 85 619.2 0.00
2025 11 03 16 05 0 170 4.09 85 619.1 0.00
2025 11 03 16 06 0 228 4.09 84 619.1 0.00
2025 11 03 16 07 1 148 4.08 84 619.1 0.00
2025 11 03 16 08 2 110 4.17 84 619.2 0.00
2025 11 03 16 09 2 200 4.26 84 619.2 0.00
2025 11 03 16 10 1 77 4.39 84 619.2 0.00
2025 11 03 16 11 4 1 4.41 84 619.2 0.00
2025 11 03 16 12 5 182 4.40 84 619.2 0.00
2025 11 03 16 13 5 157 4.36 84 619.2 0.00
2025 11 03 16 14 3 175 4.32 85 619.2 0.00
2025 11 03 16 15 3 202 4.23 86 619.2 0.00
2025 11 03 16 16 4 192 4.10 87 619.2 0.00
2025 11 03 16 17 4 137 3.99 87 619.2 0.00
2025 11 03 16 18 3 90 3.93 88 619.2 0.00
2025 11 03 16 19 3 169 3.98 89 619.2 0.00
2025 11 03 16 20 3 103 3.98 91 619.2 0.00
2025 11 03 16 21 0 211 3.94 92 619.3 0.00
2025 11 03 16 22 0 111 3.85 92 619.3 0.00
2025 11 03 16 23 1 82 3.92 93 619.3 0.00
2025 11 03 16 24 1 126 3.81 93 619.3 0.00
2025 11 03 16 25 1 188 3.75 93 619.3 0.00
2025 11 03 16 26 4 208 3.60 93 619.3 0.00
2025 11 03 16 27 4 204 3.51 93 619.3 0.00
2025 11 03 16 28 4 173 3.41 92 619.3 0.00
2025 11 03 16 29 0 190 3.43 93 619.3 0.00
2025 11 03 16 30 0 107 3.48 94 619.3 0.00
2025 11 03 16 31 2 5 3.47 94 619.3 0.00
2025 11 03 16 32 3 96 3.45 95 619.3 0.00
2025 11 03 16 33 4 185 3.34 95 619.3 0.00
2025 11 03 16 34 4 166 3.29 94 619.3 0.00
2025 11 03 16 35 5 222 3.35 95 619.3 0.00
2025 11 03 16 36 2 0 3.32 95 619.3 0.00
2025 11 03 16 37 0 217 3.27 95 619.3 0.00
2025 11 03 16 38 1 162 3.33 95 619.3 0.00
2025 11 03 16 39 1 116 3.33 95 619.3 0.00
2025 11 03 16 40 1 182 3.29 95 619.3 0.00
2025 11 03 16 41 0 165 3.30 95 619.3 0.00
2025 11 03 16 42 0 201 3.35 95 619.3 0.00
2025 11 03 16 43 0 181 3.49 96 619.3 0.00
2025 11 03 16 44 0 136 3.48 96 619.3 0.00
2025 11 03 16 45 0 163 3.36 95 619.3 0.00
2025 11 03 16 46 1 179 3.41 95 619.3 0.00
2025 11 03 16 47 0 175 3.38 95 619.3 0.00
2025 11 03 16 48 1 106 3.35 95 619.3 0.00
2025 11 03 16 49 1 222 3.38 95 619.3 0.00
2025 11 03 16 50 0 211 3.49 95 619.3 0.00
2025 11 03 16 51 1 211 3.51 95 619.3 0.00
2025 11 03 16 52 0 208 3.51 96 619.2 0.00
2025 11 03 16 53 0 207 3.51 96 619.3 0.00
2025 11 03 16 54 1 220 3.53 96 619.3 0.00
2025 11 03 16 55 3 202 3.44 96 619.3 0.00
2025 11 03 16 56 4 76 3.42 96 619.3 0.00
2025 11 03 16 57 0 175 3.48 96 619.3 0.00
2025 11 03 16 58 1 204 3.41 96 619.3 0.00
2025 11 03 16 59 8 219 3.37 96 619.3 0.00
2025 11 03 17 00 9 14 3.30 96 619.3 0.00
2025 11 03 17 01 7 168 3.23 96 619.3 0.00
2025 11 03 17 02 6 190 3.03 96 619.3 0.00
2025 11 03 17 03 8 122 2.86 95 619.3 0.00
2025 11 03 17 04 10 203 2.72 95 619.3 0.00
2025 11 03 17 05 7 206 2.60 94 619.4 0.00
2025 11 03 17 06 8 198 2.56 94 619.4 0.00
2025 11 03 17 07 9 202 2.53 94 619.4 0.00
2025 11 03 17 08 8 209 2.49 95 619.4 0.00
2025 11 03 17 09 5 207 2.45 95 619.4 0.00
2025 11 03 17 10 4 10 2.44 95 619.4 0.00
2025 11 03 17 11 3 30 2.38 95 619.4 0.00
2025 11 03 17 12 3 182 2.24 95 619.4 0.00
2025 11 03 17 13 3 170 2.10 95 619.4 0.00
2025 11 03 17 14 2 60 2.05 94 619.4 0.00
2025 11 03 17 15 3 19 2.04 92 619.4 0.00
2025 11 03 17 16 2 169 2.00 90 619.4 0.00
2025 11 03 17 17 1 175 1.95 87 619.4 0.00
2025 11 03 17 18 1 175 2.00 87 619.4 0.00
2025 11 03 17 19 2 160 2.00 86 619.4 0.00
2025 11 03 17 20 1 192 2.00 83 619.4 0.00
2025 11 03 17 21 2 104 2.01 83 619.4 0.00
2025 11 03 17 22 2 219 2.02 83 619.4 0.00
2025 11 03 17 23 0 202 2.04 83 619.4 0.00
2025 11 03 17 24 1 236 2.05 80 619.5 0.00
2025 11 03 17 25 1 213 2.06 77 619.5 0.00
2025 11 03 17 26 0 118 2.13 78 619.5 0.00
2025 11 03 17 27 0 225 2.17 81 619.5 0.00
2025 11 03 17 28 0 208 2.17 82 619.5 0.00
2025 11 03 17 29 6 97 2.13 82 619.5 0.00
2025 11 03 17 30 4 190 2.14 83 619.5 0.00
2025 11 03 17 31 3 3 2.14 80 619.6 0.00
2025 11 03 17 32 1 194 2.15 81 619.6 0.00
2025 11 03 17 33 2 17 2.12 78 619.6 0.00
2025 11 03 17 34 2 150 2.12 72 619.6 0.00
2025 11 03 17 35 2 199 2.14 71 619.6 0.00
2025 11 03 17 36 1 137 2.18 70 619.6 0.00
2025 11 03 17 37 3 172 2.19 64 619.6 0.00
2025 11 03 17 38 2 128 2.22 65 619.7 0.00
2025 11 03 17 39 0 171 2.24 65 619.6 0.00
2025 11 03 17 40 1 118 2.27 64 619.7 0.00
2025 11 03 17 41 0 168 2.28 62 619.7 0.00
2025 11 03 17 42 1 6 2.30 64 619.7 0.00
2025 11 03 17 43 3 207 2.30 66 619.7 0.00
2025 11 03 17 44 5 174 2.30 68 619.7 0.00
2025 11 03 17 45 6 198 2.30 68 619.7 0.00
2025 11 03 17 46 7 182 2.30 66 619.7 0.00
2025 11 03 17 47 8 96 2.30 68 619.6 0.00
2025 11 03 17 48 7 180 2.30 72 619.6 0.00
2025 11 03 17 49 9 132 2.28 72 619.6 0.00
2025 11 03 17 50 9 166 2.27 73 619.6 0.00
2025 11 03 17 51 8 49 2.27 75 619.6 0.00
2025 11 03 17 52 6 102 2.26 77 619.6 0.00
2025 11 03 17 53 5 126 2.24 79 619.6 0.00
2025 11 03 17 54 6 83 2.24 80 619.6 0.00
2025 11 03 17 55 7 126 2.23 80 619.7 0.00
2025 11 03 17 56 9 199 2.23 81 619.7 0.00
2025 11 03 17 57 12 2 2.24 82 619.6 0.00
2025 11 03 17 58 9 201 2.21 83 619.7 0.00
2025 11 03 17 59 9 1 2.18 81 619.7 0.00
2025 11 03 18 00 8 135 2.15 80 619.7 0.00
2025 11 03 18 01 9 53 2.15 78 619.7 0.00
2025 11 03 18 02 8 199 2.16 78 619.8 0.00
2025 11 03 18 03 7 214 2.16 78 619.8 0.00
2025 11 03 18 04 6 8 2.15 78 619.8 0.00
2025 11 03 18 05 9 209 2.16 78 619.8 0.00
2025 11 03 18 06 8 214 2.18 76 619.9 0.00
2025 11 03 18 07 8 54 2.16 75 619.8 0.00
2025 11 03 18 08 9 11 2.17 75 619.8 0.00
2025 11 03 18 09 10 85 2.16 74 619.8 0.00
2025 11 03 18 10 10 94 2.15 74 619.8 0.00
2025 11 03 18 11 10 65 2.16 73 619.8 0.00
2025 11 03 18 12 8 199 2.16 72 619.8 0.00
2025 11 03 18 13 8 198 2.17 67 619.8 0.00
2025 11 03 18 14 8 161 2.21 68 619.8 0.00
2025 11 03 18 15 7 0 2.24 68 619.8 0.00
2025 11 03 18 16 6 198 2.28 70 619.8 0.00
2025 11 03 18 17 5 195 2.30 71 619.8 0.00
2025 11 03 18 18 5 98 2.32 71 619.8 0.00
2025 11 03 18 19 4 192 2.34 69 619.8 0.00
2025 11 03 18 20 4 33 2.36 69 619.8 0.00
2025 11 03 18 21 5 2 2.39 69 619.9 0.00
2025 11 03 18 22 5 172 2.42 69 619.9 0.00
2025 11 03 18 23 6 141 2.44 69 619.9 0.00
2025 11 03 18 24 5 209 2.44 69 619.9 0.00
2025 11 03 18 25 5 207 2.45 70 619.9 0.00
2025 11 03 18 26 3 190 2.45 71 619.9 0.00
2025 11 03 18 27 3 87 2.46 70 619.9 0.00
2025 11 03 18 28 3 195 2.48 71 620.0 0.00
2025 11 03 18 29 4 186 2.49 70 619.9 0.00
2025 11 03 18 30 4 187 2.48 70 620.0 0.00
2025 11 03 18 31 4 128 2.47 71 620.0 0.00
2025 11 03 18 32 4 25 2.46 70 620.0 0.00
2025 11 03 18 33 5 191 2.46 71 620.0 0.00
2025 11 03 18 34 5 191 2.47 73 620.0 0.00
2025 11 03 18 35 5 154 2.46 72 620.0 0.00
2025 11 03 18 36 6 189 2.43 63 620.0 0.00
2025 11 03 18 37 7 7 2.42 58 620.0 0.00
2025 11 03 18 38 7 2 2.42 59 620.0 0.00
2025 11 03 18 39 5 162 2.39 58 620.0 0.00
2025 11 03 18 40 5 185 2.38 55 620.0 0.00
2025 11 03 18 41 6 119 2.37 55 620.1 0.00
2025 11 03 18 42 6 198 2.36 54 620.1 0.00
2025 11 03 18 43 5 0 2.36 54 620.1 0.00
2025 11 03 18 44 7 181 2.37 53 620.1 0.00
2025 11 03 18 45 6 190 2.38 54 620.1 0.00
2025 11 03 18 46 5 54 2.38 54 620.1 0.00
2025 11 03 18 47 6 191 2.39 52 620.2 0.00
2025 11 03 18 48 6 172 2.40 52 620.1 0.00
2025 11 03 18 49 6 13 2.41 55 620.1 0.00
2025 11 03 18 50 8 198 2.43 56 620.1 0.00
2025 11 03 18 51 8 117 2.45 54 620.2 0.00
2025 11 03 18 52 8 163 2.45 52 620.2 0.00
2025 11 03 18 53 9 151 2.46 50 620.2 0.00
2025 11 03 18 54 11 178 2.46 52 620.1 0.00
2025 11 03 18 55 10 18 2.45 54 620.1 0.00
2025 11 03 18 56 10 42 2.45 51 620.1 0.00
2025 11 03 18 57 11 149 2.45 50 620.1 0.00
2025 11 03 18 58 12 1 2.45 51 620.1 0.00
2025 11 03 18 59 12 44 2.44 49 620.1 0.00
2025 11 03 19 00 13 159 2.45 48 620.1 0.00
2025 11 03 19 01 12 188 2.48 47 620.1 0.00
2025 11 03 19 02 12 207 2.50 48 620.1 0.00
2025 11 03 19 03 12 107 2.53 47 620.1 0.00
2025 11 03 19 04 13 98 2.54 47 620.1 0.00
2025 11 03 19 05 13 27 2.57 46 620.1 0.00
2025 11 03 19 06 12 176 2.58 46 620.1 0.00
2025 11 03 19 07 13 159 2.59 47 620.1 0.00
2025 11 03 19 08 11 158 2.58 49 620.2 0.00
2025 11 03 19 09 11 187 2.57 49 620.2 0.00
2025 11 03 19 10 10 169 2.56 50 620.2 0.00
2025 11 03 19 11 10 64 2.56 47 620.2 0.00
2025 11 03 19 12 10 6 2.58 47 620.2 0.00
2025 11 03 19 13 9 12 2.59 48 620.2 0.00
2025 11 03 19 14 7 3 2.58 50 620.3 0.00
2025 11 03 19 15 7 129 2.58 52 620.3 0.00
2025 11 03 19 16 8 76 2.57 52 620.3 0.00
2025 11 03 19 17 8 188 2.56 53 620.4 0.00
2025 11 03 19 18 8 153 2.54 52 620.4 0.00
2025 11 03 19 19 8 190 2.53 51 620.5 0.00
2025 11 03 19 20 6 39 2.50 53 620.5 0.00
2025 11 03 19 21 6 18 2.46 54 620.5 0.00
2025 11 03 19 22 7 2 2.42 53 620.5 0.00
2025 11 03 19 23 9 202 2.40 56 620.5 0.00
2025 11 03 19 24 10 34 2.37 56 620.5 0.00
2025 11 03 19 25 7 1 2.35 55 620.5 0.00
2025 11 03 19 26 6 79 2.32 55 620.5 0.00
2025 11 03 19 27 4 198 2.31 55 620.5 0.00
2025 11 03 19 28 4 201 2.31 55 620.5 0.00
2025 11 03 19 29 6 198 2.31 54 620.6 0.00
2025 11 03 19 30 5 178 2.32 52 620.6 0.00
2025 11 03 19 31 5 108 2.34 52 620.6 0.00
2025 11 03 19 32 7 70 2.37 50 620.6 0.00
2025 11 03 19 33 8 10 2.39 51 620.6 0.00
2025 11 03 19 34 7 1 2.40 52 620.6 0.00
2025 11 03 19 35 5 180 2.40 53 620.7 0.00
2025 11 03 19 36 6 0 2.40 51 620.7 0.00
2025 11 03 19 37 5 124 2.41 51 620.7 0.00
2025 11 03 19 38 6 178 2.43 50 620.7 0.00
2025 11 03 19 39 7 180 2.44 51 620.7 0.00
2025 11 03 19 40 6 175 2.45 50 620.7 0.00
2025 11 03 19 41 5 56 2.46 49 620.7 0.00
2025 11 03 19 42 5 133 2.47 49 620.7 0.00
2025 11 03 19 43 5 196 2.48 50 620.7 0.00
2025 11 03 19 44 4 166 2.47 50 620.7 0.00
2025 11 03 19 45 3 202 2.45 51 620.7 0.00
2025 11 03 19 46 3 153 2.42 51 620.7 0.00
2025 11 03 19 47 2 161 2.40 52 620.7 0.00
2025 11 03 19 48 2 199 2.36 52 620.7 0.00
2025 11 03 19 49 4 36 2.35 53 620.7 0.00
2025 11 03 19 50 7 198 2.33 55 620.7 0.00
2025 11 03 19 51 8 200 2.33 57 620.7 0.00
2025 11 03 19 52 7 2 2.31 58 620.7 0.00
2025 11 03 19 53 5 211 2.30 59 620.7 0.00
2025 11 03 19 54 4 198 2.29 58 620.7 0.00
2025 11 03 19 55 4 203 2.30 57 620.7 0.00
2025 11 03 19 56 6 213 2.31 56 620.7 0.00
2025 11 03 19 57 5 128 2.32 56 620.7 0.00
2025 11 03 19 58 6 199 2.33 57 620.7 0.00
2025 11 03 19 59 7 203 2.33 59 620.7 0.00
2025 11 03 20 00 7 189 2.31 60 620.7 0.00
2025 11 03 20 01 6 1 2.30 61 620.7 0.00
2025 11 03 20 02 6 207 2.29 61 620.7 0.00
2025 11 03 20 03 6 207 2.28 61 620.7 0.00
2025 11 03 20 04 6 207 2.27 59 620.7 0.00
2025 11 03 20 05 6 166 2.24 61 620.7 0.00
2025 11 03 20 06 5 49 2.22 62 620.8 0.00
2025 11 03 20 07 3 101 2.15 63 620.8 0.00
2025 11 03 20 08 2 217 2.07 64 620.8 0.00
2025 11 03 20 09 2 220 2.04 65 620.8 0.00
2025 11 03 20 10 2 124 1.99 65 620.8 0.00
2025 11 03 20 11 3 107 1.97 65 620.8 0.00
2025 11 03 20 12 4 220 1.94 65 620.8 0.00
2025 11 03 20 13 5 219 1.95 66 620.8 0.00
2025 11 03 20 14 5 219 1.97 66 620.8 0.00
2025 11 03 20 15 5 217 1.99 66 620.8 0.00
2025 11 03 20 16 3 217 1.99 66 620.8 0.00
2025 11 03 20 17 3 214 2.02 63 620.8 0.00
2025 11 03 20 18 3 210 2.08 61 620.8 0.00
2025 11 03 20 19 3 0 2.12 62 620.8 0.00
2025 11 03 20 20 3 216 2.11 63 620.8 0.00
2025 11 03 20 21 3 217 2.11 64 620.8 0.00
2025 11 03 20 22 4 211 2.11 65 620.8 0.00
2025 11 03 20 23 6 217 2.12 63 620.8 0.00
2025 11 03 20 24 6 220 2.13 63 620.8 0.00
2025 11 03 20 25 7 198 2.12 64 620.8 0.00
2025 11 03 20 26 7 45 2.10 66 620.8 0.00
2025 11 03 20 27 6 224 2.07 67 620.8 0.00
2025 11 03 20 28 6 224 2.03 68 620.8 0.00
2025 11 03 20 29 6 224 2.00 70 620.8 0.00
2025 11 03 20 30 6 222 1.99 71 620.8 0.00
2025 11 03 20 31 6 216 2.00 72 620.8 0.00
2025 11 03 20 32 6 227 1.98 72 620.8 0.00
2025 11 03 20 33 6 143 1.97 72 620.8 0.00
2025 11 03 20 34 6 222 1.96 73 620.8 0.00
2025 11 03 20 35 6 139 1.96 73 620.9 0.00
2025 11 03 20 36 5 228 1.96 72 620.9 0.00
2025 11 03 20 37 4 230 1.96 72 620.9 0.00
2025 11 03 20 38 3 219 1.97 71 620.9 0.00
2025 11 03 20 39 3 249 2.00 69 621.0 0.00
2025 11 03 20 40 3 253 2.01 68 621.0 0.00
2025 11 03 20 41 4 247 2.00 65 621.0 0.00
2025 11 03 20 42 5 252 2.01 66 621.0 0.00
2025 11 03 20 43 6 249 2.04 69 621.0 0.00
2025 11 03 20 44 6 248 2.06 70 621.0 0.00
2025 11 03 20 45 5 253 2.07 70 621.0 0.00
2025 11 03 20 46 6 250 2.09 69 621.0 0.00
2025 11 03 20 47 6 260 2.10 68 621.0 0.00
2025 11 03 20 48 7 265 2.12 66 621.0 0.00
2025 11 03 20 49 7 262 2.11 67 621.0 0.00
2025 11 03 20 50 7 260 2.10 69 621.0 0.00
2025 11 03 20 51 9 262 2.09 68 621.0 0.00
2025 11 03 20 52 9 258 2.09 68 621.0 0.00
2025 11 03 20 53 9 248 2.09 69 621.0 0.00
2025 11 03 20 54 8 258 2.09 70 621.0 0.00
2025 11 03 20 55 8 261 2.07 64 621.0 0.00
2025 11 03 20 56 7 258 2.10 59 621.0 0.00
2025 11 03 20 57 5 259 2.13 63 621.0 0.00
2025 11 03 20 58 3 259 2.14 64 621.0 0.00
2025 11 03 20 59 1 259 2.13 64 621.0 0.00
2025 11 03 21 00 0 241 2.12 64 621.0 0.00
2025 11 03 21 01 0 236 2.12 64 621.0 0.00
2025 11 03 21 02 1 257 2.11 64 621.0 0.00
2025 11 03 21 03 3 264 2.09 64 621.0 0.00
2025 11 03 21 04 5 262 2.07 64 621.0 0.00
2025 11 03 21 05 6 262 2.04 63 621.0 0.00
2025 11 03 21 06 5 259 2.02 61 621.0 0.00
2025 11 03 21 07 5 256 2.00 60 621.0 0.00
2025 11 03 21 08 5 234 1.96 59 621.0 0.00
2025 11 03 21 09 6 245 1.98 59 621.0 0.00
2025 11 03 21 10 4 245 2.00 58 621.0 0.00
2025 11 03 21 11 2 245 2.01 58 621.0 0.00
2025 11 03 21 12 1 245 1.99 59 621.0 0.00
2025 11 03 21 13 0 245 1.94 59 621.0 0.00
2025 11 03 21 14 0 231 1.92 61 621.0 0.00
2025 11 03 21 15 0 246 1.90 63 621.0 0.00
2025 11 03 21 16 0 225 1.90 63 621.0 0.00
2025 11 03 21 17 0 243 1.89 63 621.1 0.00
2025 11 03 21 18 0 3 1.92 63 621.0 0.00
2025 11 03 21 19 0 240 1.96 62 621.0 0.00
2025 11 03 21 20 0 241 2.01 61 621.0 0.00
2025 11 03 21 21 0 242 2.07 60 621.0 0.00
2025 11 03 21 22 0 243 2.12 59 621.0 0.00
2025 11 03 21 23 1 249 2.16 60 621.0 0.00
2025 11 03 21 24 1 250 2.16 60 621.0 0.00
2025 11 03 21 25 2 223 2.18 60 621.0 0.00
2025 11 03 21 26 1 250 2.17 60 621.0 0.00
2025 11 03 21 27 1 249 2.16 60 621.0 0.00
2025 11 03 21 28 0 248 2.15 60 621.0 0.00
2025 11 03 21 29 0 247 2.16 59 621.0 0.00
2025 11 03 21 30 1 252 2.18 60 621.0 0.00
2025 11 03 21 31 1 253 2.18 61 621.0 0.00
2025 11 03 21 32 2 250 2.18 61 621.0 0.00
2025 11 03 21 33 2 239 2.16 61 621.0 0.00
2025 11 03 21 34 4 234 2.13 62 621.0 0.00
2025 11 03 21 35 2 231 2.09 62 621.0 0.00
2025 11 03 21 36 1 227 2.08 62 621.0 0.00
2025 11 03 21 37 0 226 2.06 62 621.0 0.00
2025 11 03 21 38 0 225 2.07 61 621.0 0.00
2025 11 03 21 39 0 226 2.08 61 621.0 0.00
2025 11 03 21 40 0 226 2.11 60 621.0 0.00
2025 11 03 21 41 0 225 2.12 60 621.0 0.00
2025 11 03 21 42 0 107 2.14 59 621.0 0.00
2025 11 03 21 43 0 225 2.16 60 621.0 0.00
2025 11 03 21 44 0 224 2.18 59 621.0 0.00
2025 11 03 21 45 0 226 2.20 57 621.1 0.00
2025 11 03 21 46 2 227 2.19 57 621.1 0.00
2025 11 03 21 47 3 231 2.18 57 621.1 0.00
2025 11 03 21 48 3 236 2.18 57 621.0 0.00
2025 11 03 21 49 3 237 2.20 58 621.0 0.00
2025 11 03 21 50 2 237 2.21 58 621.0 0.00
2025 11 03 21 51 1 132 2.21 58 621.0 0.00
2025 11 03 21 52 0 237 2.21 58 621.0 0.00
2025 11 03 21 53 0 226 2.21 58 621.0 0.00
2025 11 03 21 54 0 236 2.21 59 621.0 0.00
2025 11 03 21 55 0 236 2.22 59 621.0 0.00
2025 11 03 21 56 0 236 2.22 59 621.0 0.00
2025 11 03 21 57 0 234 2.24 59 621.0 0.00
2025 11 03 21 58 0 237 2.24 59 621.1 0.00
2025 11 03 21 59 0 237 2.25 59 621.1 0.00
2025 11 03 22 00 0 237 2.27 59 621.1 0.00
2025 11 03 22 01 0 237 2.27 59 621.0 0.00
2025 11 03 22 02 0 237 2.29 59 621.0 0.00
2025 11 03 22 03 0 208 2.30 59 621.0 0.00
2025 11 03 22 04 0 237 2.27 59 621.0 0.00
2025 11 03 22 05 0 237 2.24 59 621.0 0.00
2025 11 03 22 06 0 237 2.20 59 621.0 0.00
2025 11 03 22 07 0 237 2.21 59 621.0 0.00
2025 11 03 22 08 0 238 2.23 59 621.0 0.00
2025 11 03 22 09 0 154 2.24 59 621.0 0.00
2025 11 03 22 10 0 237 2.21 59 621.0 0.00
2025 11 03 22 11 0 237 2.21 59 621.0 0.00
2025 11 03 22 12 0 237 2.22 59 621.0 0.00
2025 11 03 22 13 0 236 2.25 59 621.0 0.00
2025 11 03 22 14 0 216 2.28 59 621.0 0.00
2025 11 03 22 15 0 236 2.31 59 621.0 0.00
2025 11 03 22 16 0 227 2.33 59 621.0 0.00
2025 11 03 22 17 0 237 2.36 59 621.0 0.00
2025 11 03 22 18 0 237 2.37 59 621.0 0.00
2025 11 03 22 19 0 227 2.39 59 621.0 0.00
2025 11 03 22 20 0 237 2.39 59 621.0 0.00
2025 11 03 22 21 0 237 2.39 58 621.0 0.00
2025 11 03 22 22 0 237 2.40 58 621.0 0.00
2025 11 03 22 23 0 237 2.42 58 620.9 0.00
2025 11 03 22 24 0 237 2.44 58 620.9 0.00
2025 11 03 22 25 0 237 2.46 58 620.9 0.00
2025 11 03 22 26 0 237 2.48 58 620.9 0.00
2025 11 03 22 27 0 237 2.48 57 620.9 0.00
2025 11 03 22 28 0 237 2.50 57 620.9 0.00
2025 11 03 22 29 0 237 2.51 57 620.8 0.00
2025 11 03 22 30 0 237 2.51 57 620.8 0.00
2025 11 03 22 31 0 236 2.51 55 620.8 0.00
2025 11 03 22 32 0 220 2.55 60 620.8 0.00
2025 11 03 22 33 0 234 2.60 67 620.8 0.00
2025 11 03 22 34 0 233 2.69 62 620.9 0.00
2025 11 03 22 35 0 231 2.81 61 620.9 0.00
2025 11 03 22 36 0 229 2.90 61 620.9 0.00
2025 11 03 22 37 0 232 2.95 60 620.9 0.00
2025 11 03 22 38 0 98 3.00 60 620.9 0.00
2025 11 03 22 39 0 227 3.03 60 620.8 0.00
2025 11 03 22 40 0 223 3.06 60 620.8 0.00
2025 11 03 22 41 0 224 3.09 59 620.8 0.00
2025 11 03 22 42 0 219 3.11 60 620.8 0.00
2025 11 03 22 43 0 219 3.10 61 620.8 0.00
2025 11 03 22 44 0 219 3.09 61 620.8 0.00
2025 11 03 22 45 0 141 3.09 61 620.8 0.00
2025 11 03 22 46 0 217 3.10 62 620.8 0.00
2025 11 03 22 47 0 213 3.12 64 620.8 0.00
2025 11 03 22 48 0 211 3.11 65 620.8 0.00
2025 11 03 22 49 0 204 3.10 67 620.8 0.00
2025 11 03 22 50 0 151 3.08 67 620.8 0.00
2025 11 03 22 51 0 42 3.03 66 620.8 0.00
2025 11 03 22 52 0 210 2.93 63 620.8 0.00
2025 11 03 22 53 1 209 2.86 55 620.8 0.00
2025 11 03 22 54 2 208 2.83 53 620.8 0.00
2025 11 03 22 55 1 198 2.84 64 620.8 0.00
2025 11 03 22 56 2 198 2.86 68 620.7 0.00
2025 11 03 22 57 3 192 2.88 66 620.7 0.00
2025 11 03 22 58 2 184 2.94 61 620.7 0.00
2025 11 03 22 59 2 175 2.99 60 620.7 0.00
2025 11 03 23 00 1 179 3.02 60 620.7 0.00
2025 11 03 23 01 0 66 3.05 65 620.7 0.00
2025 11 03 23 02 0 178 3.05 67 620.7 0.00
2025 11 03 23 03 1 181 3.04 69 620.7 0.00
2025 11 03 23 04 2 61 3.03 69 620.7 0.00
2025 11 03 23 05 2 144 3.00 68 620.7 0.00
2025 11 03 23 06 1 0 2.98 68 620.7 0.00
2025 11 03 23 07 1 188 2.96 69 620.7 0.00
2025 11 03 23 08 2 6 2.94 69 620.7 0.00
2025 11 03 23 09 2 93 2.92 69 620.7 0.00
2025 11 03 23 10 2 187 2.90 69 620.7 0.00
2025 11 03 23 11 2 181 2.88 69 620.7 0.00
2025 11 03 23 12 1 187 2.86 69 620.7 0.00
2025 11 03 23 13 0 4 2.83 68 620.7 0.00
2025 11 03 23 14 0 181 2.81 68 620.8 0.00
2025 11 03 23 15 0 182 2.79 68 620.7 0.00
2025 11 03 23 16 0 176 2.79 67 620.8 0.00
2025 11 03 23 17 0 181 2.79 66 620.7 0.00
2025 11 03 23 18 0 152 2.79 66 620.8 0.00
2025 11 03 23 19 0 182 2.79 66 620.8 0.00
2025 11 03 23 20 0 182 2.82 65 620.7 0.00
2025 11 03 23 21 0 182 2.85 60 620.7 0.00
2025 11 03 23 22 0 179 2.90 53 620.7 0.00
2025 11 03 23 23 0 176 2.96 47 620.7 0.00
2025 11 03 23 24 0 174 3.02 46 620.7 0.00
2025 11 03 23 25 0 174 3.10 45 620.7 0.00
2025 11 03 23 26 0 176 3.18 46 620.7 0.00
2025 11 03 23 27 0 180 3.21 53 620.7 0.00
2025 11 03 23 28 0 9 3.21 55 620.7 0.00
2025 11 03 23 29 0 203 3.18 52 620.7 0.00
2025 11 03 23 30 1 205 3.13 45 620.7 0.00
2025 11 03 23 31 1 158 3.10 42 620.8 0.00
2025 11 03 23 32 0 203 3.08 43 620.8 0.00
2025 11 03 23 33 0 202 3.06 41 620.8 0.00
2025 11 03 23 34 0 191 3.05 44 620.8 0.00
2025 11 03 23 35 0 199 3.03 48 620.7 0.00
2025 11 03 23 36 0 199 3.09 48 620.7 0.00
2025 11 03 23 37 0 199 3.14 46 620.7 0.00
2025 11 03 23 38 0 199 3.19 46 620.7 0.00
2025 11 03 23 39 0 199 3.23 45 620.7 0.00
2025 11 03 23 40 0 199 3.29 45 620.7 0.00
2025 11 03 23 41 0 199 3.27 45 620.7 0.00
2025 11 03 23 42 0 199 3.24 45 620.7 0.00
2025 11 03 23 43 0 151 3.24 45 620.7 0.00
2025 11 03 23 44 0 203 3.26 45 620.7 0.00
2025 11 03 23 45 0 318 3.27 41 620.7 0.00
2025 11 03 23 46 0 318 3.30 39 620.7 0.00
2025 11 03 23 47 0 6 3.28 34 620.7 0.00
2025 11 03 23 48 0 35 3.26 36 620.7 0.00
2025 11 03 23 49 0 35 3.19 35 620.7 0.00
2025 11 03 23 50 0 44 3.12 34 620.7 0.00
2025 11 03 23 51 0 49 3.01 34 620.7 0.00
2025 11 03 23 52 0 49 2.98 34 620.7 0.00
2025 11 03 23 53 0 49 2.95 34 620.7 0.00
2025 11 03 23 54 0 49 2.96 35 620.7 0.00
2025 11 03 23 55 0 49 2.98 35 620.7 0.00
2025 11 03 23 56 0 70 3.00 36 620.6 0.00
2025 11 03 23 57 0 70 3.00 40 620.6 0.00
2025 11 03 23 58 0 71 3.00 41 620.6 0.00
2025 11 03 23 59 0 71 2.97 39 620.6 0.00
2025 11 04 00 00 0 69 2.97 40 620.6 0.00
2025 11 04 00 01 0 66 2.94 39 620.6 0.00
2025 11 04 00 02 0 66 2.90 40 620.6 0.00
2025 11 04 00 03 0 65 2.81 40 620.6 0.00
2025 11 04 00 04 0 65 2.77 42 620.6 0.00
2025 11 04 00 05 0 276 2.76 43 620.6 0.00
2025 11 04 00 06 0 277 2.73 48 620.6 0.00
2025 11 04 00 07 0 275 2.63 53 620.6 0.00
2025 11 04 00 08 0 277 2.56 55 620.6 0.00
2025 11 04 00 09 0 276 2.52 55 620.6 0.00
2025 11 04 00 10 0 277 2.50 54 620.6 0.00
2025 11 04 00 11 0 277 2.51 52 620.6 0.00
2025 11 04 00 12 0 277 2.53 50 620.6 0.00
2025 11 04 00 13 0 277 2.58 46 620.6 0.00
2025 11 04 00 14 0 276 2.63 44 620.6 0.00
2025 11 04 00 15 0 276 2.68 44 620.6 0.00
2025 11 04 00 16 0 276 2.71 42 620.6 0.00
2025 11 04 00 17 0 276 2.76 42 620.6 0.00
2025 11 04 00 18 0 276 2.82 42 620.6 0.00
2025 11 04 00 19 0 276 2.84 51 620.6 0.00
2025 11 04 00 20 0 276 2.78 53 620.6 0.00
2025 11 04 00 21 0 276 2.73 52 620.5 0.00
2025 11 04 00 22 0 265 2.68 52 620.5 0.00
2025 11 04 00 23 0 235 2.62 52 620.5 0.00
2025 11 04 00 24 0 259 2.57 52 620.6 0.00
2025 11 04 00 25 0 273 2.43 52 620.6 0.00
2025 11 04 00 26 0 274 2.38 52 620.6 0.00
2025 11 04 00 27 0 275 2.35 52 620.6 0.00
2025 11 04 00 28 0 327 2.31 52 620.6 0.00
2025 11 04 00 29 0 327 2.28 52 620.6 0.00
2025 11 04 00 30 0 327 2.29 54 620.6 0.00
2025 11 04 00 31 0 327 2.33 57 620.6 0.00
2025 11 04 00 32 0 326 2.36 52 620.6 0.00
2025 11 04 00 33 0 327 2.44 50 620.6 0.00
2025 11 04 00 34 0 325 2.50 50 620.6 0.00
2025 11 04 00 35 0 292 2.55 55 620.6 0.00
2025 11 04 00 36 0 296 2.57 57 620.6 0.00
2025 11 04 00 37 0 295 2.57 55 620.6 0.00
2025 11 04 00 38 0 282 2.57 54 620.6 0.00
2025 11 04 00 39 0 255 2.54 54 620.6 0.00
2025 11 04 00 40 0 217 2.41 54 620.5 0.00
2025 11 04 00 41 0 274 2.36 55 620.5 0.00
2025 11 04 00 42 0 275 2.35 55 620.5 0.00
2025 11 04 00 43 0 274 2.34 56 620.5 0.00
2025 11 04 00 44 0 274 2.33 57 620.5 0.00
2025 11 04 00 45 0 273 2.31 57 620.5 0.00
2025 11 04 00 46 0 271 2.30 57 620.5 0.00
2025 11 04 00 47 0 271 2.24 56 620.5 0.00
2025 11 04 00 48 0 272 2.26 54 620.5 0.00
2025 11 04 00 49 0 272 2.27 56 620.5 0.00
2025 11 04 00 50 0 272 2.30 58 620.5 0.00
2025 11 04 00 51 0 276 2.29 57 620.5 0.00
2025 11 04 00 52 0 275 2.27 55 620.4 0.00
2025 11 04 00 53 0 275 2.26 55 620.4 0.00
2025 11 04 00 54 0 275 2.22 55 620.4 0.00
2025 11 04 00 55 0 275 2.21 56 620.4 0.00
2025 11 04 00 56 0 275 2.21 57 620.4 0.00
2025 11 04 00 57 0 275 2.24 56 620.3 0.00
2025 11 04 00 58 0 275 2.29 54 620.3 0.00
2025 11 04 00 59 0 137 2.32 48 620.3 0.00
2025 11 04 01 00 0 164 2.35 46 620.3 0.00
2025 11 04 01 01 0 219 2.36 45 620.2 0.00
2025 11 04 01 02 0 219 2.37 44 620.2 0.00
2025 11 04 01 03 0 219 2.43 39 620.2 0.00
2025 11 04 01 04 0 129 2.50 36 620.2 0.00
2025 11 04 01 05 0 135 2.62 34 620.2 0.00
2025 11 04 01 06 0 65 2.72 34 620.2 0.00
2025 11 04 01 07 0 106 2.84 35 620.2 0.00
2025 11 04 01 08 0 102 2.94 35 620.2 0.00
2025 11 04 01 09 0 97 3.03 42 620.2 0.00
2025 11 04 01 10 0 216 3.14 51 620.2 0.00
2025 11 04 01 11 0 6 3.21 52 620.2 0.00
2025 11 04 01 12 0 77 3.25 50 620.2 0.00
2025 11 04 01 13 0 131 3.26 48 620.2 0.00
2025 11 04 01 14 0 214 3.28 47 620.2 0.00
2025 11 04 01 15 0 189 3.29 46 620.1 0.00
2025 11 04 01 16 0 215 3.28 42 620.1 0.00
2025 11 04 01 17 0 211 3.28 38 620.1 0.00
2025 11 04 01 18 0 97 3.30 36 620.1 0.00
2025 11 04 01 19 0 179 3.30 35 620.1 0.00
2025 11 04 01 20 2 184 3.32 35 620.1 0.00
2025 11 04 01 21 1 195 3.34 35 620.1 0.00
2025 11 04 01 22 1 13 3.36 37 620.1 0.00
2025 11 04 01 23 0 177 3.41 44 620.1 0.00
2025 11 04 01 24 0 204 3.42 44 620.1 0.00
2025 11 04 01 25 0 84 3.45 45 620.1 0.00
2025 11 04 01 26 0 206 3.44 45 620.1 0.00
2025 11 04 01 27 0 166 3.39 45 620.1 0.00
2025 11 04 01 28 0 137 3.32 44 620.1 0.00
2025 11 04 01 29 0 208 3.23 43 620.1 0.00
2025 11 04 01 30 0 208 3.14 44 620.1 0.00
2025 11 04 01 31 0 208 3.14 43 620.1 0.00
2025 11 04 01 32 0 208 3.17 44 620.1 0.00
2025 11 04 01 33 0 208 3.16 46 620.1 0.00
2025 11 04 01 34 0 208 3.14 39 620.1 0.00
2025 11 04 01 35 0 106 3.14 35 620.0 0.00
2025 11 04 01 36 0 15 3.10 35 620.0 0.00
2025 11 04 01 37 0 207 3.05 35 620.0 0.00
2025 11 04 01 38 1 1 3.02 34 620.0 0.00
2025 11 04 01 39 1 18 3.03 35 620.0 0.00
2025 11 04 01 40 0 215 3.06 35 620.0 0.00
2025 11 04 01 41 0 24 3.15 44 620.0 0.00
2025 11 04 01 42 0 215 3.20 44 620.0 0.00
2025 11 04 01 43 0 109 3.22 44 620.0 0.00
2025 11 04 01 44 0 216 3.26 46 620.0 0.00
2025 11 04 01 45 0 217 3.28 41 620.0 0.00
2025 11 04 01 46 0 236 3.30 44 620.0 0.00
2025 11 04 01 47 0 237 3.31 43 620.0 0.00
2025 11 04 01 48 0 237 3.31 43 620.0 0.00
2025 11 04 01 49 0 237 3.28 41 620.0 0.00
2025 11 04 01 50 0 237 3.17 40 620.0 0.00
2025 11 04 01 51 0 237 3.07 40 620.0 0.00
2025 11 04 01 52 0 302 3.00 43 619.9 0.00
2025 11 04 01 53 1 287 2.88 42 619.9 0.00
2025 11 04 01 54 2 271 2.81 41 619.9 0.00
2025 11 04 01 55 2 283 2.80 41 619.9 0.00
2025 11 04 01 56 0 282 2.79 41 619.9 0.00
2025 11 04 01 57 0 253 2.77 42 619.9 0.00
2025 11 04 01 58 0 271 2.69 42 619.9 0.00
2025 11 04 01 59 0 264 2.54 42 619.9 0.00
2025 11 04 02 00 0 271 2.49 43 619.9 0.00
2025 11 04 02 01 0 254 2.51 42 619.9 0.00
2025 11 04 02 02 0 256 2.60 46 620.0 0.00
2025 11 04 02 03 1 196 2.71 48 619.9 0.00
2025 11 04 02 04 1 248 2.81 49 619.9 0.00
2025 11 04 02 05 0 188 2.90 51 619.9 0.00
2025 11 04 02 06 0 249 2.98 51 619.9 0.00
2025 11 04 02 07 0 249 3.04 51 619.9 0.00
2025 11 04 02 08 0 249 3.09 51 619.9 0.00
2025 11 04 02 09 0 249 3.11 52 619.9 0.00
2025 11 04 02 10 0 249 3.14 54 619.9 0.00
2025 11 04 02 11 0 246 3.15 54 619.9 0.00
2025 11 04 02 12 2 11 3.12 52 619.8 0.00
2025 11 04 02 13 3 90 3.05 49 619.8 0.00
2025 11 04 02 14 4 176 2.99 43 619.8 0.00
2025 11 04 02 15 2 228 2.94 42 619.8 0.00
2025 11 04 02 16 0 228 2.93 39 619.8 0.00
2025 11 04 02 17 0 228 2.92 38 619.8 0.00
2025 11 04 02 18 0 228 2.90 36 619.8 0.00
2025 11 04 02 19 0 228 2.90 35 619.8 0.00
2025 11 04 02 20 0 228 2.91 34 619.8 0.00
2025 11 04 02 21 0 228 2.93 34 619.8 0.00
2025 11 04 02 22 1 228 2.96 35 619.8 0.00
2025 11 04 02 23 2 228 2.99 36 619.8 0.00
2025 11 04 02 24 2 227 3.00 35 619.8 0.00
2025 11 04 02 25 2 227 2.99 35 619.8 0.00
2025 11 04 02 26 1 229 2.94 35 619.8 0.00
2025 11 04 02 27 1 33 2.88 37 619.8 0.00
2025 11 04 02 28 1 229 2.87 37 619.7 0.00
2025 11 04 02 29 0 230 2.84 37 619.7 0.00
2025 11 04 02 30 0 230 2.83 42 619.7 0.00
2025 11 04 02 31 0 228 2.79 39 619.7 0.00
2025 11 04 02 32 0 230 2.74 39 619.7 0.00
2025 11 04 02 33 0 227 2.69 40 619.7 0.00
2025 11 04 02 34 0 133 2.70 40 619.7 0.00
2025 11 04 02 35 0 233 2.71 39 619.7 0.00
2025 11 04 02 36 0 235 2.74 42 619.7 0.00
2025 11 04 02 37 1 242 2.68 47 619.7 0.00
2025 11 04 02 38 2 243 2.67 49 619.7 0.00
2025 11 04 02 39 1 245 2.67 49 619.7 0.00
2025 11 04 02 40 1 243 2.60 49 619.7 0.00
2025 11 04 02 41 0 245 2.53 50 619.7 0.00
2025 11 04 02 42 0 245 2.49 51 619.7 0.00
2025 11 04 02 43 0 219 2.50 49 619.7 0.00
2025 11 04 02 44 0 251 2.52 43 619.7 0.00
2025 11 04 02 45 0 252 2.52 43 619.6 0.00
2025 11 04 02 46 0 250 2.51 41 619.6 0.00
2025 11 04 02 47 0 253 2.50 39 619.6 0.00
2025 11 04 02 48 0 253 2.50 37 619.6 0.00
2025 11 04 02 49 0 253 2.51 36 619.6 0.00
2025 11 04 02 50 0 251 2.51 36 619.6 0.00
2025 11 04 02 51 0 253 2.51 36 619.6 0.00
2025 11 04 02 52 0 253 2.51 37 619.6 0.00
2025 11 04 02 53 0 251 2.48 36 619.6 0.00
2025 11 04 02 54 0 253 2.53 38 619.6 0.00
2025 11 04 02 55 0 253 2.60 42 619.6 0.00
2025 11 04 02 56 0 253 2.65 44 619.6 0.00
2025 11 04 02 57 0 253 2.71 49 619.5 0.00
2025 11 04 02 58 0 253 2.75 51 619.5 0.00
2025 11 04 02 59 0 253 2.72 45 619.5 0.00
2025 11 04 03 00 0 253 2.65 44 619.5 0.00
2025 11 04 03 01 0 251 2.61 40 619.5 0.00
2025 11 04 03 02 0 249 2.61 38 619.5 0.00
2025 11 04 03 03 0 251 2.63 40 619.5 0.00
2025 11 04 03 04 0 252 2.68 48 619.5 0.00
2025 11 04 03 05 0 252 2.75 52 619.5 0.00
2025 11 04 03 06 0 253 2.75 52 619.5 0.00
2025 11 04 03 07 0 253 2.75 53 619.5 0.00
2025 11 04 03 08 0 253 2.75 51 619.5 0.00
2025 11 04 03 09 0 253 2.77 54 619.5 0.00
2025 11 04 03 10 0 252 2.79 56 619.5 0.00
2025 11 04 03 11 0 253 2.79 50 619.5 0.00
2025 11 04 03 12 0 253 2.73 42 619.5 0.00
2025 11 04 03 13 0 252 2.68 42 619.5 0.00
2025 11 04 03 14 0 252 2.64 42 619.5 0.00
2025 11 04 03 15 0 252 2.62 44 619.5 0.00
2025 11 04 03 16 0 252 2.56 46 619.5 0.00
2025 11 04 03 17 0 253 2.57 51 619.5 0.00
2025 11 04 03 18 0 186 2.53 56 619.5 0.00
2025 11 04 03 19 0 260 2.51 57 619.5 0.00
2025 11 04 03 20 0 260 2.52 55 619.5 0.00
2025 11 04 03 21 0 261 2.55 56 619.5 0.00
2025 11 04 03 22 0 262 2.59 59 619.4 0.00
2025 11 04 03 23 0 262 2.62 58 619.4 0.00
2025 11 04 03 24 0 262 2.63 58 619.4 0.00
2025 11 04 03 25 0 262 2.60 56 619.4 0.00
2025 11 04 03 26 0 262 2.60 55 619.5 0.00
2025 11 04 03 27 0 262 2.60 55 619.5 0.00
2025 11 04 03 28 0 262 2.59 48 619.5 0.00
2025 11 04 03 29 0 262 2.60 50 619.5 0.00
2025 11 04 03 30 0 263 2.61 51 619.5 0.00
2025 11 04 03 31 0 262 2.63 52 619.5 0.00
2025 11 04 03 32 0 67 2.61 61 619.5 0.00
2025 11 04 03 33 0 287 2.60 61 619.4 0.00
2025 11 04 03 34 0 9 2.59 62 619.5 0.00
2025 11 04 03 35 0 66 2.58 63 619.4 0.00
2025 11 04 03 36 0 291 2.60 65 619.4 0.00
2025 11 04 03 37 0 297 2.60 64 619.4 0.00
2025 11 04 03 38 0 287 2.62 64 619.4 0.00
2025 11 04 03 39 0 282 2.63 61 619.5 0.00
2025 11 04 03 40 0 282 2.64 60 619.5 0.00
2025 11 04 03 41 0 282 2.65 57 619.5 0.00
2025 11 04 03 42 0 283 2.66 60 619.5 0.00
2025 11 04 03 43 0 332 2.64 60 619.5 0.00
2025 11 04 03 44 0 349 2.64 60 619.4 0.00
2025 11 04 03 45 0 0 2.64 58 619.4 0.00
2025 11 04 03 46 0 0 2.65 57 619.4 0.00
2025 11 04 03 47 0 19 2.65 58 619.4 0.00
2025 11 04 03 48 0 16 2.66 58 619.4 0.00
2025 11 04 03 49 0 13 2.66 58 619.4 0.00
2025 11 04 03 50 0 3 2.64 59 619.4 0.00
2025 11 04 03 51 0 3 2.63 58 619.4 0.00
2025 11 04 03 52 0 319 2.64 61 619.4 0.00
2025 11 04 03 53 0 294 2.60 61 619.4 0.00
2025 11 04 03 54 0 350 2.60 62 619.4 0.00
2025 11 04 03 55 0 333 2.57 62 619.4 0.00
2025 11 04 03 56 0 149 2.54 63 619.4 0.00
2025 11 04 03 57 0 350 2.51 64 619.4 0.00
2025 11 04 03 58 0 291 2.49 65 619.4 0.00
2025 11 04 03 59 0 300 2.41 64 619.4 0.00
2025 11 04 04 00 0 265 2.42 65 619.4 0.00
2025 11 04 04 01 0 275 2.43 61 619.4 0.00
2025 11 04 04 02 0 289 2.45 61 619.4 0.00
2025 11 04 04 03 0 289 2.50 59 619.4 0.00
2025 11 04 04 04 0 320 2.51 56 619.4 0.00
2025 11 04 04 05 0 307 2.54 55 619.4 0.00
2025 11 04 04 06 0 298 2.57 51 619.4 0.00
2025 11 04 04 07 0 287 2.61 51 619.4 0.00
2025 11 04 04 08 0 287 2.67 53 619.4 0.00
2025 11 04 04 09 0 287 2.69 54 619.4 0.00
2025 11 04 04 10 0 284 2.72 53 619.4 0.00
2025 11 04 04 11 0 272 2.74 52 619.4 0.00
2025 11 04 04 12 0 284 2.75 51 619.4 0.00
2025 11 04 04 13 0 278 2.78 49 619.4 0.00
2025 11 04 04 14 0 277 2.81 50 619.4 0.00
2025 11 04 04 15 0 265 2.83 50 619.4 0.00
2025 11 04 04 16 0 260 2.81 47 619.4 0.00
2025 11 04 04 17 0 104 2.82 47 619.4 0.00
2025 11 04 04 18 0 2 2.80 46 619.4 0.00
2025 11 04 04 19 0 193 2.82 47 619.4 0.00
2025 11 04 04 20 0 151 2.87 47 619.4 0.00
2025 11 04 04 21 0 201 2.89 45 619.4 0.00
2025 11 04 04 22 0 0 2.88 45 619.4 0.00
2025 11 04 04 23 0 202 2.89 45 619.4 0.00
2025 11 04 04 24 0 168 2.94 44 619.4 0.00
2025 11 04 04 25 0 213 2.94 44 619.4 0.00
2025 11 04 04 26 0 118 2.99 44 619.4 0.00
2025 11 04 04 27 0 231 3.02 43 619.4 0.00
2025 11 04 04 28 0 243 3.03 43 619.4 0.00
2025 11 04 04 29 0 260 3.07 43 619.4 0.00
2025 11 04 04 30 0 244 3.09 41 619.5 0.00
2025 11 04 04 31 0 174 3.07 40 619.4 0.00
2025 11 04 04 32 0 154 3.09 40 619.5 0.00
2025 11 04 04 33 0 215 3.11 40 619.4 0.00
2025 11 04 04 34 0 233 3.13 40 619.5 0.00
2025 11 04 04 35 0 200 3.14 40 619.5 0.00
2025 11 04 04 36 0 230 3.15 39 619.5 0.00
2025 11 04 04 37 0 248 3.15 39 619.5 0.00
2025 11 04 04 38 0 278 3.16 39 619.5 0.00
2025 11 04 04 39 0 254 3.15 39 619.5 0.00
2025 11 04 04 40 0 267 3.12 39 619.5 0.00
2025 11 04 04 41 0 268 3.10 40 619.5 0.00
2025 11 04 04 42 0 287 3.10 39 619.5 0.00
2025 11 04 04 43 0 269 3.06 39 619.5 0.00
2025 11 04 04 44 0 139 3.05 40 619.5 0.00
2025 11 04 04 45 0 190 3.01 42 619.5 0.00
2025 11 04 04 46 0 27 2.99 43 619.5 0.00
2025 11 04 04 47 0 204 2.94 44 619.5 0.00
2025 11 04 04 48 0 93 2.91 42 619.5 0.00
2025 11 04 04 49 0 219 2.94 41 619.5 0.00
2025 11 04 04 50 0 224 2.96 41 619.5 0.00
2025 11 04 04 51 0 216 2.98 40 619.5 0.00
2025 11 04 04 52 0 166 2.99 41 619.5 0.00
2025 11 04 04 53 0 235 3.01 40 619.5 0.00
2025 11 04 04 54 0 159 3.02 41 619.4 0.00
2025 11 04 04 55 0 250 3.01 41 619.4 0.00
2025 11 04 04 56 0 266 3.01 43 619.4 0.00
2025 11 04 04 57 0 272 2.99 45 619.4 0.00
2025 11 04 04 58 0 282 2.96 46 619.4 0.00
2025 11 04 04 59 0 292 2.94 45 619.5 0.00
2025 11 04 05 00 0 253 2.91 45 619.5 0.00
2025 11 04 05 01 0 287 2.91 45 619.5 0.00
2025 11 04 05 02 0 240 2.90 45 619.5 0.00
2025 11 04 05 03 0 209 2.89 43 619.5 0.00
2025 11 04 05 04 0 221 2.89 41 619.5 0.00
2025 11 04 05 05 0 221 2.92 40 619.5 0.00
2025 11 04 05 06 0 229 2.95 40 619.5 0.00
2025 11 04 05 07 0 212 2.95 40 619.5 0.00
2025 11 04 05 08 0 227 2.96 41 619.5 0.00
2025 11 04 05 09 0 254 2.96 39 619.5 0.00
2025 11 04 05 10 0 198 2.97 38 619.5 0.00
2025 11 04 05 11 0 282 3.00 36 619.5 0.00
2025 11 04 05 12 0 134 3.02 37 619.5 0.00
2025 11 04 05 13 0 280 3.00 38 619.5 0.00
2025 11 04 05 14 0 274 3.00 40 619.5 0.00
2025 11 04 05 15 0 267 2.99 40 619.5 0.00
2025 11 04 05 16 0 268 2.97 38 619.5 0.00
2025 11 04 05 17 0 243 2.98 33 619.5 0.00
2025 11 04 05 18 0 281 3.02 31 619.5 0.00
2025 11 04 05 19 0 184 3.06 31 619.5 0.00
2025 11 04 05 20 0 224 3.09 30 619.5 0.00
2025 11 04 05 21 0 215 3.13 30 619.5 0.00
2025 11 04 05 22 0 215 3.15 29 619.5 0.00
2025 11 04 05 23 0 165 3.14 31 619.6 0.00
2025 11 04 05 24 0 9 3.13 33 619.6 0.00
2025 11 04 05 25 0 2 3.12 36 619.6 0.00
2025 11 04 05 26 0 245 3.10 34 619.6 0.00
2025 11 04 05 27 0 240 3.10 31 619.6 0.00
2025 11 04 05 28 0 242 3.11 30 619.6 0.00
2025 11 04 05 29 0 134 3.10 30 619.6 0.00
2025 11 04 05 30 0 264 3.12 32 619.6 0.00
2025 11 04 05 31 0 225 3.12 31 619.6 0.00
2025 11 04 05 32 0 287 3.12 31 619.6 0.00
2025 11 04 05 33 0 281 3.09 31 619.6 0.00
2025 11 04 05 34 0 275 3.08 31 619.6 0.00
2025 11 04 05 35 0 258 3.08 30 619.6 0.00
2025 11 04 05 36 0 0 3.11 29 619.7 0.00
2025 11 04 05 37 0 164 3.17 31 619.7 0.00
2025 11 04 05 38 0 187 3.22 31 619.7 0.00
2025 11 04 05 39 0 187 3.24 32 619.7 0.00
2025 11 04 05 40 0 200 3.26 32 619.7 0.00
2025 11 04 05 41 1 105 3.28 33 619.7 0.00
2025 11 04 05 42 0 179 3.35 33 619.7 0.00
2025 11 04 05 43 0 144 3.38 33 619.7 0.00
2025 11 04 05 44 0 194 3.39 33 619.7 0.00
2025 11 04 05 45 0 182 3.40 34 619.7 0.00
2025 11 04 05 46 0 174 3.40 34 619.7 0.00
2025 11 04 05 47 1 119 3.42 35 619.7 0.00
2025 11 04 05 48 0 189 3.43 34 619.7 0.00
2025 11 04 05 49 0 88 3.46 32 619.7 0.00
2025 11 04 05 50 0 108 3.49 31 619.7 0.00
2025 11 04 05 51 1 162 3.50 29 619.7 0.00
2025 11 04 05 52 0 144 3.53 28 619.8 0.00
2025 11 04 05 53 2 149 3.53 27 619.8 0.00
2025 11 04 05 54 1 178 3.57 26 619.8 0.00
2025 11 04 05 55 1 247 3.60 24 619.8 0.00
2025 11 04 05 56 0 231 3.64 22 619.8 0.00
2025 11 04 05 57 1 244 3.67 22 619.7 0.00
2025 11 04 05 58 2 203 3.68 22 619.7 0.00
2025 11 04 05 59 1 249 3.69 21 619.7 0.00
2025 11 04 06 00 0 77 3.70 21 619.8 0.00
2025 11 04 06 01 0 56 3.73 19 619.8 0.00
2025 11 04 06 02 0 245 3.73 20 619.8 0.00
2025 11 04 06 03 1 94 3.73 20 619.8 0.00
2025 11 04 06 04 0 276 3.73 19 619.8 0.00
2025 11 04 06 05 0 250 3.73 19 619.8 0.00
2025 11 04 06 06 0 7 3.74 19 619.8 0.00
2025 11 04 06 07 0 139 3.76 20 619.8 0.00
2025 11 04 06 08 0 248 3.77 20 619.8 0.00
2025 11 04 06 09 0 233 3.78 20 619.8 0.00
2025 11 04 06 10 0 83 3.79 20 619.8 0.00
2025 11 04 06 11 0 283 3.81 20 619.8 0.00
2025 11 04 06 12 1 323 3.80 21 619.8 0.00
2025 11 04 06 13 1 271 3.82 21 619.8 0.00
2025 11 04 06 14 1 261 3.83 22 619.8 0.00
2025 11 04 06 15 1 252 3.82 22 619.8 0.00
2025 11 04 06 16 0 262 3.79 23 619.9 0.00
2025 11 04 06 17 0 195 3.79 23 619.9 0.00
2025 11 04 06 18 0 230 3.80 22 619.9 0.00
2025 11 04 06 19 0 233 3.82 22 619.9 0.00
2025 11 04 06 20 0 1 3.80 21 619.9 0.00
2025 11 04 06 21 0 82 3.80 21 619.9 0.00
2025 11 04 06 22 0 153 3.83 22 619.9 0.00
2025 11 04 06 23 0 42 3.82 22 619.9 0.00
2025 11 04 06 24 0 231 3.83 22 619.9 0.00
2025 11 04 06 25 0 156 3.83 22 619.9 0.00
2025 11 04 06 26 0 126 3.84 22 619.9 0.00
2025 11 04 06 27 0 220 3.85 22 619.9 0.00
2025 11 04 06 28 0 126 3.85 22 619.9 0.00
2025 11 04 06 29 0 132 3.84 22 619.9 0.00
2025 11 04 06 30 1 196 3.84 22 619.9 0.00
2025 11 04 06 31 2 210 3.82 23 619.9 0.00
2025 11 04 06 32 0 199 3.83 23 619.9 0.00
2025 11 04 06 33 0 96 3.83 23 619.9 0.00
2025 11 04 06 34 0 58 3.80 23 619.9 0.00
2025 11 04 06 35 0 47 3.79 24 619.9 0.00
2025 11 04 06 36 1 39 3.76 24 619.9 0.00
2025 11 04 06 37 1 28 3.75 23 619.9 0.00
2025 11 04 06 38 1 18 3.75 24 619.9 0.00
2025 11 04 06 39 0 66 3.70 24 619.9 0.00
2025 11 04 06 40 2 197 3.69 24 619.9 0.00
2025 11 04 06 41 1 18 3.67 24 619.9 0.00
2025 11 04 06 42 0 8 3.67 24 619.9 0.00
2025 11 04 06 43 3 22 3.65 24 619.9 0.00
2025 11 04 06 44 2 13 3.62 25 619.9 0.00
2025 11 04 06 45 3 1 3.60 24 619.9 0.00
2025 11 04 06 46 5 13 3.60 23 620.0 0.00
2025 11 04 06 47 3 348 3.61 24 620.0 0.00
2025 11 04 06 48 4 0 3.61 24 620.0 0.00
2025 11 04 06 49 4 9 3.61 24 620.0 0.00
2025 11 04 06 50 5 350 3.62 23 620.0 0.00
2025 11 04 06 51 6 12 3.64 23 620.0 0.00
2025 11 04 06 52 5 13 3.67 22 620.0 0.00
2025 11 04 06 53 5 6 3.71 23 620.0 0.00
2025 11 04 06 54 5 7 3.75 23 620.0 0.00
2025 11 04 06 55 5 0 3.78 24 620.0 0.00
2025 11 04 06 56 5 20 3.78 25 620.0 0.00
2025 11 04 06 57 7 13 3.76 27 620.0 0.00
2025 11 04 06 58 7 16 3.74 27 620.0 0.00
2025 11 04 06 59 7 15 3.72 26 620.0 0.00
2025 11 04 07 00 10 20 3.71 27 620.0 0.00
2025 11 04 07 01 11 19 3.72 27 620.0 0.00
2025 11 04 07 02 11 18 3.73 27 620.0 0.00
2025 11 04 07 03 10 24 3.74 27 620.0 0.00
2025 11 04 07 04 10 16 3.76 25 620.0 0.00
2025 11 04 07 05 10 23 3.77 24 620.0 0.00
2025 11 04 07 06 12 23 3.79 25 620.0 0.00
2025 11 04 07 07 12 22 3.79 25 620.0 0.00
2025 11 04 07 08 11 26 3.79 25 620.0 0.00
2025 11 04 07 09 11 23 3.79 24 620.0 0.00
2025 11 04 07 10 11 42 3.80 23 620.0 0.00
2025 11 04 07 11 10 36 3.82 22 620.0 0.00
2025 11 04 07 12 9 24 3.82 23 620.1 0.00
2025 11 04 07 13 11 24 3.83 23 620.1 0.00
2025 11 04 07 14 11 31 3.83 23 620.1 0.00
2025 11 04 07 15 11 25 3.83 23 620.1 0.00
2025 11 04 07 16 11 10 3.84 22 620.1 0.00
2025 11 04 07 17 11 26 3.85 23 620.1 0.00
2025 11 04 07 18 11 24 3.86 24 620.1 0.00
2025 11 04 07 19 11 25 3.88 24 620.1 0.00
2025 11 04 07 20 12 28 3.89 24 620.1 0.00
2025 11 04 07 21 12 28 3.91 23 620.1 0.00
2025 11 04 07 22 13 30 3.95 22 620.1 0.00
2025 11 04 07 23 13 36 4.00 22 620.1 0.00
2025 11 04 07 24 13 30 4.05 21 620.1 0.00
2025 11 04 07 25 12 35 4.10 21 620.1 0.00
2025 11 04 07 26 11 35 4.14 21 620.1 0.00
2025 11 04 07 27 11 32 4.18 20 620.1 0.00
2025 11 04 07 28 12 29 4.24 20 620.1 0.00
2025 11 04 07 29 13 31 4.29 19 620.1 0.00
2025 11 04 07 30 13 29 4.33 21 620.1 0.00
2025 11 04 07 31 14 32 4.35 22 620.1 0.00
2025 11 04 07 32 15 22 4.40 21 620.1 0.00
2025 11 04 07 33 15 29 4.43 20 620.1 0.00
2025 11 04 07 34 14 28 4.44 20 620.1 0.00
2025 11 04 07 35 13 30 4.47 23 620.1 0.00
2025 11 04 07 36 13 30 4.47 21 620.1 0.00
2025 11 04 07 37 13 37 4.48 21 620.2 0.00
2025 11 04 07 38 13 35 4.49 21 620.2 0.00
2025 11 04 07 39 11 32 4.47 19 620.2 0.00
2025 11 04 07 40 12 35 4.47 19 620.2 0.00
2025 11 04 07 41 12 34 4.48 18 620.2 0.00
2025 11 04 07 42 13 33 4.50 18 620.2 0.00
2025 11 04 07 43 13 42 4.53 18 620.2 0.00
2025 11 04 07 44 14 34 4.55 18 620.2 0.00
2025 11 04 07 45 14 32 4.57 18 620.2 0.00
2025 11 04 07 46 15 38 4.59 19 620.2 0.00
2025 11 04 07 47 15 36 4.60 20 620.2 0.00
2025 11 04 07 48 14 30 4.59 21 620.2 0.00
2025 11 04 07 49 14 35 4.57 20 620.2 0.00
2025 11 04 07 50 13 44 4.55 19 620.2 0.00
2025 11 04 07 51 10 40 4.53 19 620.2 0.00
2025 11 04 07 52 12 36 4.52 18 620.2 0.00
2025 11 04 07 53 12 37 4.50 18 620.2 0.00
2025 11 04 07 54 13 42 4.50 18 620.2 0.00
2025 11 04 07 55 13 31 4.50 17 620.2 0.00
2025 11 04 07 56 13 35 4.47 17 620.2 0.00
2025 11 04 07 57 12 35 4.46 18 620.2 0.00
2025 11 04 07 58 12 35 4.45 18 620.2 0.00
2025 11 04 07 59 13 35 4.46 17 620.2 0.00
2025 11 04 08 00 12 38 4.45 18 620.2 0.00
2025 11 04 08 01 12 42 4.46 18 620.2 0.00
2025 11 04 08 02 12 41 4.48 18 620.3 0.00
2025 11 04 08 03 13 31 4.49 19 620.3 0.00
2025 11 04 08 04 13 32 4.53 20 620.3 0.00
2025 11 04 08 05 13 41 4.55 19 620.3 0.00
2025 11 04 08 06 11 31 4.53 19 620.3 0.00
2025 11 04 08 07 12 33 4.53 19 620.3 0.00
2025 11 04 08 08 12 37 4.54 19 620.3 0.00
2025 11 04 08 09 12 36 4.56 18 620.3 0.00
2025 11 04 08 10 13 40 4.58 18 620.3 0.00
2025 11 04 08 11 12 37 4.58 17 620.3 0.00
2025 11 04 08 12 12 37 4.57 18 620.3 0.00
2025 11 04 08 13 11 28 4.57 18 620.3 0.00
2025 11 04 08 14 11 41 4.61 18 620.3 0.00
2025 11 04 08 15 11 41 4.63 17 620.3 0.00
2025 11 04 08 16 11 41 4.65 18 620.4 0.00
2025 11 04 08 17 12 36 4.69 19 620.4 0.00
2025 11 04 08 18 12 32 4.76 18 620.4 0.00
2025 11 04 08 19 13 33 4.82 19 620.3 0.00
2025 11 04 08 20 13 37 4.93 20 620.3 0.00
2025 11 04 08 21 14 35 5.04 20 620.3 0.00
2025 11 04 08 22 14 37 5.13 19 620.3 0.00
2025 11 04 08 23 14 41 5.20 19 620.3 0.00
2025 11 04 08 24 13 38 5.31 19 620.4 0.00
2025 11 04 08 25 12 35 5.35 18 620.4 0.00
2025 11 04 08 26 13 28 5.50 19 620.4 0.00
2025 11 04 08 27 13 39 5.60 18 620.4 0.00
2025 11 04 08 28 14 36 5.63 18 620.4 0.00
2025 11 04 08 29 13 38 5.62 19 620.4 0.00
2025 11 04 08 30 15 37 5.65 19 620.4 0.00
2025 11 04 08 31 14 49 5.63 19 620.4 0.00
2025 11 04 08 32 12 32 5.56 19 620.4 0.00
2025 11 04 08 33 14 27 5.57 19 620.4 0.00
2025 11 04 08 34 13 44 5.56 19 620.4 0.00
2025 11 04 08 35 13 40 5.52 19 620.5 0.00
2025 11 04 08 36 12 42 5.50 19 620.4 0.00
2025 11 04 08 37 13 43 5.61 19 620.4 0.00
2025 11 04 08 38 12 41 5.62 18 620.5 0.00
2025 11 04 08 39 11 42 5.59 18 620.5 0.00
2025 11 04 08 40 11 48 5.57 19 620.5 0.00
2025 11 04 08 41 14 48 5.67 18 620.5 0.00
2025 11 04 08 42 14 54 5.72 17 620.5 0.00
2025 11 04 08 43 17 26 5.86 18 620.5 0.00
2025 11 04 08 44 16 35 6.01 17 620.5 0.00
2025 11 04 08 45 17 60 6.07 16 620.5 0.00
2025 11 04 08 46 15 41 6.16 16 620.5 0.00
2025 11 04 08 47 15 33 6.16 17 620.5 0.00
2025 11 04 08 48 16 41 6.20 18 620.5 0.00
2025 11 04 08 49 14 43 6.30 19 620.6 0.00
2025 11 04 08 50 13 44 6.21 18 620.6 0.00
2025 11 04 08 51 12 42 6.16 19 620.5 0.00
2025 11 04 08 52 13 45 6.12 19 620.6 0.00
2025 11 04 08 53 12 45 6.11 19 620.6 0.00
2025 11 04 08 54 13 25 6.13 19 620.6 0.00
2025 11 04 08 55 12 29 6.14 17 620.6 0.00
2025 11 04 08 56 11 39 6.25 19 620.6 0.00
2025 11 04 08 57 13 35 6.35 17 620.6 0.00
2025 11 04 08 58 13 40 6.46 16 620.6 0.00
2025 11 04 08 59 13 32 6.52 16 620.7 0.00
2025 11 04 09 00 15 31 6.62 16 620.7 0.00
2025 11 04 09 01 15 33 6.70 16 620.7 0.00
2025 11 04 09 02 14 53 6.87 15 620.7 0.00
2025 11 04 09 03 11 24 6.81 16 620.7 0.00
2025 11 04 09 04 12 51 6.79 17 620.7 0.00
2025 11 04 09 05 12 55 6.78 16 620.7 0.00
2025 11 04 09 06 12 33 6.69 16 620.7 0.00
2025 11 04 09 07 11 42 6.56 17 620.7 0.00
2025 11 04 09 08 12 32 6.62 16 620.7 0.00
2025 11 04 09 09 12 46 6.78 19 620.7 0.00
2025 11 04 09 10 14 35 6.82 17 620.7 0.00
2025 11 04 09 11 14 30 6.80 16 620.7 0.00
2025 11 04 09 12 14 52 6.76 17 620.7 0.00
2025 11 04 09 13 13 46 6.76 17 620.7 0.00
2025 11 04 09 14 11 37 6.63 17 620.7 0.00
2025 11 04 09 15 10 55 6.62 19 620.7 0.00
2025 11 04 09 16 9 59 6.54 20 620.7 0.00
2025 11 04 09 17 11 50 6.46 20 620.7 0.00
2025 11 04 09 18 11 30 6.49 21 620.7 0.00
2025 11 04 09 19 12 15 6.55 21 620.7 0.00
2025 11 04 09 20 13 21 6.51 20 620.7 0.00
2025 11 04 09 21 13 38 6.64 21 620.8 0.00
2025 11 04 09 22 13 38 6.67 23 620.8 0.00
2025 11 04 09 23 12 46 6.68 24 620.8 0.00
2025 11 04 09 24 11 30 6.58 25 620.8 0.00
2025 11 04 09 25 11 28 6.58 23 620.8 0.00
2025 11 04 09 26 12 40 6.63 16 620.8 0.00
2025 11 04 09 27 14 35 6.74 20 620.8 0.00
2025 11 04 09 28 15 34 6.90 22 620.8 0.00
2025 11 04 09 29 17 30 7.09 14 620.8 0.00
2025 11 04 09 30 13 31 7.16 17 620.8 0.00
2025 11 04 09 31 12 54 7.25 20 620.8 0.00
2025 11 04 09 32 12 24 7.30 22 620.8 0.00
2025 11 04 09 33 12 41 7.29 24 620.8 0.00
2025 11 04 09 34 13 62 7.42 20 620.8 0.00
2025 11 04 09 35 10 23 7.35 20 620.8 0.00
2025 11 04 09 36 13 33 7.49 20 620.8 0.00
2025 11 04 09 37 8 25 7.39 20 620.8 0.00
2025 11 04 09 38 10 36 7.54 24 620.8 0.00
2025 11 04 09 39 13 42 7.78 19 620.8 0.00
2025 11 04 09 40 13 32 7.74 15 620.8 0.00
2025 11 04 09 41 11 40 7.64 18 620.8 0.00
2025 11 04 09 42 9 63 7.60 20 620.8 0.00
2025 11 04 09 43 8 31 7.59 23 620.8 0.00
2025 11 04 09 44 9 56 7.77 25 620.8 0.00
2025 11 04 09 45 11 16 7.93 22 620.8 0.00
2025 11 04 09 46 14 18 8.15 16 620.9 0.00
2025 11 04 09 47 12 24 8.36 15 620.9 0.00
2025 11 04 09 48 12 54 8.38 20 620.9 0.00
2025 11 04 09 49 13 26 8.46 19 620.9 0.00
2025 11 04 09 50 12 16 8.47 22 620.9 0.00
2025 11 04 09 51 9 7 8.30 23 620.9 0.00
2025 11 04 09 52 9 38 8.14 26 620.9 0.00
2025 11 04 09 53 10 39 8.25 25 620.9 0.00
2025 11 04 09 54 10 57 8.13 26 620.9 0.00
2025 11 04 09 55 8 6 7.97 25 620.9 0.00
2025 11 04 09 56 7 36 7.92 26 620.9 0.00
2025 11 04 09 57 8 19 7.85 29 620.9 0.00
2025 11 04 09 58 13 25 7.90 22 620.8 0.00
2025 11 04 09 59 13 39 8.00 21 620.8 0.00
2025 11 04 10 00 12 33 7.99 25 620.8 0.00
2025 11 04 10 01 10 28 7.96 29 620.8 0.00
2025 11 04 10 02 11 47 8.07 32 620.8 0.00
2025 11 04 10 03 10 36 8.14 32 620.8 0.00
2025 11 04 10 04 11 46 8.04 31 620.8 0.00
2025 11 04 10 05 9 40 8.03 25 620.9 0.00
2025 11 04 10 06 8 48 8.04 27 620.9 0.00
2025 11 04 10 07 7 41 7.97 32 620.9 0.00
2025 11 04 10 08 11 53 8.04 35 620.9 0.00
2025 11 04 10 09 7 5 7.91 33 620.9 0.00
2025 11 04 10 10 13 53 8.09 34 620.9 0.00
2025 11 04 10 11 13 26 8.15 37 620.9 0.00
2025 11 04 10 12 12 38 8.03 37 620.9 0.00
2025 11 04 10 13 10 57 7.89 37 620.9 0.00
2025 11 04 10 14 8 52 7.78 36 620.9 0.00
2025 11 04 10 15 8 64 7.73 36 620.9 0.00
2025 11 04 10 16 6 47 7.71 36 620.9 0.00
2025 11 04 10 17 10 32 7.83 29 620.8 0.00
2025 11 04 10 18 11 39 8.01 24 620.8 0.00
2025 11 04 10 19 10 65 8.03 23 620.8 0.00
2025 11 04 10 20 10 56 8.04 19 620.8 0.00
2025 11 04 10 21 11 24 8.16 23 620.8 0.00
2025 11 04 10 22 12 10 8.09 19 620.8 0.00
2025 11 04 10 23 11 42 8.03 21 620.8 0.00
2025 11 04 10 24 11 23 7.99 18 620.8 0.00
2025 11 04 10 25 11 47 8.01 17 620.8 0.00
2025 11 04 10 26 12 40 8.02 18 620.8 0.00
2025 11 04 10 27 12 38 8.04 19 620.8 0.00
2025 11 04 10 28 10 37 7.97 19 620.8 0.00
2025 11 04 10 29 9 61 7.87 23 620.8 0.00
2025 11 04 10 30 8 21 7.86 24 620.8 0.00
2025 11 04 10 31 10 31 7.99 23 620.8 0.00
2025 11 04 10 32 13 18 8.10 23 620.8 0.00
2025 11 04 10 33 13 38 8.06 23 620.8 0.00
2025 11 04 10 34 13 46 8.08 21 620.8 0.00
2025 11 04 10 35 15 71 8.09 22 620.7 0.00
2025 11 04 10 36 14 50 8.21 24 620.7 0.00
2025 11 04 10 37 15 45 8.23 24 620.7 0.00
2025 11 04 10 38 11 56 8.14 24 620.7 0.00
2025 11 04 10 39 10 87 8.15 29 620.7 0.00
2025 11 04 10 40 13 52 8.13 37 620.7 0.00
2025 11 04 10 41 13 75 7.98 36 620.7 0.00
2025 11 04 10 42 9 73 7.93 37 620.7 0.00
2025 11 04 10 43 11 37 7.98 37 620.7 0.00
2025 11 04 10 44 16 47 8.05 36 620.6 0.00
2025 11 04 10 45 11 57 8.00 36 620.6 0.00
2025 11 04 10 46 14 23 8.13 32 620.6 0.00
2025 11 04 10 47 13 40 8.15 33 620.6 0.00
2025 11 04 10 48 15 45 8.34 33 620.6 0.00
2025 11 04 10 49 11 57 8.30 33 620.5 0.00
2025 11 04 10 50 13 21 8.45 31 620.5 0.00
2025 11 04 10 51 12 51 8.36 30 620.6 0.00
2025 11 04 10 52 14 37 8.38 33 620.6 0.00
2025 11 04 10 53 14 45 8.36 33 620.6 0.00
2025 11 04 10 54 13 32 8.34 33 620.6 0.00
2025 11 04 10 55 10 34 8.34 33 620.6 0.00
2025 11 04 10 56 14 20 8.52 33 620.6 0.00
2025 11 04 10 57 12 32 8.59 32 620.6 0.00
2025 11 04 10 58 11 46 8.64 33 620.6 0.00
2025 11 04 10 59 8 56 8.54 33 620.6 0.00
2025 11 04 11 00 5 59 8.44 34 620.6 0.00
2025 11 04 11 01 10 58 8.36 35 620.6 0.00
2025 11 04 11 02 8 49 8.11 32 620.6 0.00
2025 11 04 11 03 9 42 8.02 35 620.6 0.00
2025 11 04 11 04 14 48 8.04 35 620.6 0.00
2025 11 04 11 05 16 60 8.17 34 620.5 0.00
2025 11 04 11 06 13 23 8.12 35 620.5 0.00
2025 11 04 11 07 13 53 8.12 36 620.5 0.00
2025 11 04 11 08 13 57 8.17 35 620.5 0.00
2025 11 04 11 09 12 58 8.28 34 620.5 0.00
2025 11 04 11 10 12 50 8.25 34 620.5 0.00
2025 11 04 11 11 13 49 8.25 36 620.4 0.00
2025 11 04 11 12 16 48 8.42 34 620.4 0.00
2025 11 04 11 13 12 50 8.36 33 620.4 0.00
2025 11 04 11 14 11 30 8.30 34 620.4 0.00
2025 11 04 11 15 10 70 8.32 32 620.4 0.00
2025 11 04 11 16 7 50 8.38 29 620.4 0.00
2025 11 04 11 17 7 63 8.27 29 620.4 0.00
2025 11 04 11 18 10 61 8.29 28 620.4 0.00
2025 11 04 11 19 6 50 8.22 29 620.5 0.00
2025 11 04 11 20 5 61 8.20 32 620.4 0.00
2025 11 04 11 21 9 55 8.30 28 620.4 0.00
2025 11 04 11 22 12 45 8.38 26 620.4 0.00
2025 11 04 11 23 11 33 8.47 24 620.4 0.00
2025 11 04 11 24 10 58 8.51 21 620.4 0.00
2025 11 04 11 25 9 51 8.62 25 620.4 0.00
2025 11 04 11 26 14 37 8.76 26 620.4 0.00
2025 11 04 11 27 13 50 8.67 28 620.4 0.00
2025 11 04 11 28 13 38 8.66 30 620.3 0.00
2025 11 04 11 29 12 51 8.69 29 620.3 0.00
2025 11 04 11 30 7 49 8.55 26 620.3 0.00
2025 11 04 11 31 8 41 8.48 30 620.3 0.00
2025 11 04 11 32 12 57 8.53 30 620.2 0.00
2025 11 04 11 33 8 59 8.52 26 620.2 0.00
2025 11 04 11 34 7 44 8.37 27 620.2 0.00
2025 11 04 11 35 10 32 8.37 27 620.2 0.00
2025 11 04 11 36 9 60 8.34 25 620.2 0.00
2025 11 04 11 37 8 9 8.37 27 620.2 0.00
2025 11 04 11 38 12 0 8.49 27 620.2 0.00
2025 11 04 11 39 10 51 8.34 25 620.2 0.00
2025 11 04 11 40 6 39 8.28 27 620.2 0.00
2025 11 04 11 41 11 14 8.37 29 620.1 0.00
2025 11 04 11 42 8 45 8.54 28 620.2 0.00
2025 11 04 11 43 4 40 8.38 26 620.1 0.00
2025 11 04 11 44 3 38 8.31 25 620.1 0.00
2025 11 04 11 45 5 33 8.25 25 620.1 0.00
2025 11 04 11 46 7 29 8.37 24 620.1 0.00
2025 11 04 11 47 5 77 8.32 16 620.0 0.00
2025 11 04 11 48 6 40 8.47 20 620.0 0.00
2025 11 04 11 49 10 37 8.66 25 620.0 0.00
2025 11 04 11 50 10 41 8.65 22 620.0 0.00
2025 11 04 11 51 8 52 8.60 27 620.0 0.00
2025 11 04 11 52 7 60 8.64 22 620.0 0.00
2025 11 04 11 53 7 52 8.63 25 620.0 0.00
2025 11 04 11 54 9 55 8.66 24 620.0 0.00
2025 11 04 11 55 10 52 8.67 26 619.9 0.00
2025 11 04 11 56 12 35 8.74 29 619.9 0.00
2025 11 04 11 57 11 56 8.73 26 619.9 0.00
2025 11 04 11 58 8 40 8.81 27 619.9 0.00
2025 11 04 11 59 12 49 8.78 29 619.9 0.00
2025 11 04 12 00 14 40 8.72 30 619.9 0.00
2025 11 04 12 01 11 21 8.52 29 619.9 0.00
2025 11 04 12 02 11 69 8.43 27 619.9 0.00
2025 11 04 12 03 15 40 8.50 33 619.9 0.00
2025 11 04 12 04 17 38 8.59 32 619.9 0.00
2025 11 04 12 05 14 39 8.51 31 619.8 0.00
2025 11 04 12 06 18 28 8.55 34 619.8 0.00
2025 11 04 12 07 15 31 8.48 32 619.8 0.00
2025 11 04 12 08 11 32 8.46 32 619.8 0.00
2025 11 04 12 09 11 65 8.50 34 619.8 0.00
2025 11 04 12 10 14 25 8.79 35 619.8 0.00
2025 11 04 12 11 15 50 8.97 34 619.7 0.00
2025 11 04 12 12 18 48 9.06 34 619.7 0.00
2025 11 04 12 13 15 54 9.04 34 619.8 0.00
2025 11 04 12 14 13 50 9.03 34 619.8 0.00
2025 11 04 12 15 15 38 9.09 33 619.8 0.00
2025 11 04 12 16 12 50 9.04 32 619.8 0.00
2025 11 04 12 17 9 23 8.80 31 619.8 0.00
2025 11 04 12 18 15 60 8.85 34 619.7 0.00
2025 11 04 12 19 14 40 8.89 32 619.7 0.00
2025 11 04 12 20 11 13 8.78 33 619.7 0.00
2025 11 04 12 21 10 32 8.68 30 619.7 0.00
2025 11 04 12 22 11 52 8.66 32 619.7 0.00
2025 11 04 12 23 8 56 8.61 27 619.7 0.00
2025 11 04 12 24 8 30 8.48 28 619.7 0.00
2025 11 04 12 25 12 23 8.47 28 619.7 0.00
2025 11 04 12 26 9 40 8.52 29 619.6 0.00
2025 11 04 12 27 9 44 8.53 30 619.6 0.00
2025 11 04 12 28 10 58 8.59 33 619.6 0.00
2025 11 04 12 29 13 58 8.78 32 619.6 0.00
2025 11 04 12 30 15 39 8.81 34 619.6 0.00
2025 11 04 12 31 17 60 8.80 33 619.6 0.00
2025 11 04 12 32 13 61 8.69 35 619.6 0.00
2025 11 04 12 33 17 43 8.65 33 619.6 0.00
2025 11 04 12 34 14 36 8.50 34 619.6 0.00
2025 11 04 12 35 17 37 8.57 35 619.6 0.00
2025 11 04 12 36 19 55 8.55 34 619.5 0.00
2025 11 04 12 37 23 51 8.53 33 619.5 0.00
2025 11 04 12 38 20 46 8.51 31 619.5 0.00
2025 11 04 12 39 15 64 8.42 31 619.5 0.00
2025 11 04 12 40 16 38 8.44 32 619.5 0.00
2025 11 04 12 41 19 71 8.45 31 619.5 0.00
2025 11 04 12 42 17 52 8.34 34 619.5 0.00
2025 11 04 12 43 17 54 8.26 35 619.5 0.00
2025 11 04 12 44 16 55 8.12 35 619.5 0.00
2025 11 04 12 45 14 62 8.00 35 619.5 0.00
2025 11 04 12 46 14 42 7.91 35 619.5 0.00
2025 11 04 12 47 16 65 7.79 34 619.5 0.00
2025 11 04 12 48 10 46 7.66 34 619.5 0.00
2025 11 04 12 49 14 49 7.59 34 619.5 0.00
2025 11 04 12 50 12 69 7.48 34 619.5 0.00
2025 11 04 12 51 9 66 7.42 34 619.5 0.00
2025 11 04 12 52 14 62 7.52 34 619.4 0.00
2025 11 04 12 53 12 44 7.40 35 619.5 0.00
2025 11 04 12 54 14 46 7.30 34 619.5 0.00
2025 11 04 12 55 15 36 7.23 33 619.5 0.00
2025 11 04 12 56 12 50 7.20 33 619.4 0.00
2025 11 04 12 57 13 46 7.20 33 619.4 0.00
2025 11 04 12 58 15 45 7.27 33 619.4 0.00
2025 11 04 12 59 16 50 7.44 31 619.4 0.00
2025 11 04 13 00 13 50 7.40 30 619.4 0.00
2025 11 04 13 01 10 56 7.31 30 619.4 0.00
2025 11 04 13 02 16 52 7.35 31 619.3 0.00
2025 11 04 13 03 13 41 7.36 31 619.3 0.00
2025 11 04 13 04 12 50 7.38 30 619.3 0.00
2025 11 04 13 05 14 48 7.39 29 619.3 0.00
2025 11 04 13 06 11 60 7.30 29 619.2 0.00
2025 11 04 13 07 13 39 7.44 28 619.2 0.00
2025 11 04 13 08 13 42 7.43 28 619.2 0.00
2025 11 04 13 09 11 48 7.38 28 619.3 0.00
2025 11 04 13 10 11 37 7.40 28 619.3 0.00
2025 11 04 13 11 10 48 7.49 27 619.3 0.00
2025 11 04 13 12 7 52 7.39 26 619.3 0.00
2025 11 04 13 13 7 66 7.39 27 619.3 0.00
2025 11 04 13 14 6 45 7.39 26 619.2 0.00
2025 11 04 13 15 10 42 7.45 24 619.2 0.00
2025 11 04 13 16 11 54 7.52 24 619.2 0.00
2025 11 04 13 17 10 39 7.57 28 619.2 0.00
2025 11 04 13 18 11 48 7.63 28 619.2 0.00
2025 11 04 13 19 10 82 7.59 30 619.2 0.00
2025 11 04 13 20 8 58 7.75 29 619.2 0.00
2025 11 04 13 21 8 53 7.76 29 619.2 0.00
2025 11 04 13 22 8 70 7.78 27 619.1 0.00
2025 11 04 13 23 9 45 7.87 26 619.1 0.00
2025 11 04 13 24 9 49 7.93 21 619.1 0.00
2025 11 04 13 25 13 40 8.19 22 619.1 0.00
2025 11 04 13 26 9 62 8.18 17 619.1 0.00
2025 11 04 13 27 12 46 8.35 25 619.1 0.00
2025 11 04 13 28 14 18 8.44 28 619.1 0.00
2025 11 04 13 29 13 40 8.50 26 619.1 0.00
2025 11 04 13 30 11 22 8.42 25 619.1 0.00
2025 11 04 13 31 9 59 8.34 21 619.0 0.00
2025 11 04 13 32 11 37 8.36 15 619.0 0.00
2025 11 04 13 33 8 46 8.40 18 619.0 0.00
2025 11 04 13 34 9 62 8.46 16 619.0 0.00
2025 11 04 13 35 9 68 8.46 19 619.0 0.00
2025 11 04 13 36 7 42 8.41 24 619.0 0.00
2025 11 04 13 37 10 55 8.34 22 619.0 0.00
2025 11 04 13 38 8 61 8.33 21 619.0 0.00
2025 11 04 13 39 11 44 8.42 20 619.0 0.00
2025 11 04 13 40 10 44 8.38 16 619.0 0.00
2025 11 04 13 41 8 44 8.31 17 619.0 0.00
2025 11 04 13 42 8 54 8.33 20 619.0 0.00
2025 11 04 13 43 6 42 8.44 21 619.0 0.00
2025 11 04 13 44 10 67 8.57 23 619.0 0.00
2025 11 04 13 45 10 54 8.64 19 619.0 0.00
2025 11 04 13 46 10 47 8.67 19 619.0 0.00
2025 11 04 13 47 9 53 8.59 17 619.0 0.00
2025 11 04 13 48 13 43 8.56 23 619.0 0.00
2025 11 04 13 49 9 77 8.50 23 619.0 0.00
2025 11 04 13 50 7 42 8.47 23 618.9 0.00
2025 11 04 13 51 11 52 8.48 28 618.9 0.00
2025 11 04 13 52 7 80 8.45 27 619.0 0.00
2025 11 04 13 53 7 54 8.54 23 618.9 0.00
2025 11 04 13 54 5 42 8.51 24 619.0 0.00
2025 11 04 13 55 12 45 8.61 25 618.9 0.00
2025 11 04 13 56 11 41 8.53 26 619.0 0.00
2025 11 04 13 57 7 56 8.46 24 619.0 0.00
2025 11 04 13 58 8 57 8.59 24 618.9 0.00
2025 11 04 13 59 8 51 8.59 21 618.9 0.00
2025 11 04 14 00 8 54 8.59 19 618.9 0.00
2025 11 04 14 01 7 53 8.58 21 618.9 0.00
2025 11 04 14 02 8 50 8.56 21 618.9 0.00
2025 11 04 14 03 10 37 8.59 23 618.9 0.00
2025 11 04 14 04 8 62 8.54 19 618.9 0.00
2025 11 04 14 05 6 38 8.53 22 618.9 0.00
2025 11 04 14 06 3 67 8.45 22 618.9 0.00
2025 11 04 14 07 6 39 8.52 22 618.9 0.00
2025 11 04 14 08 4 90 8.50 23 618.9 0.00
2025 11 04 14 09 1 100 8.51 25 618.9 0.00
2025 11 04 14 10 2 46 8.61 26 618.9 0.00
2025 11 04 14 11 5 50 8.70 26 618.9 0.00
2025 11 04 14 12 7 58 8.82 28 618.9 0.00
2025 11 04 14 13 7 53 8.80 26 618.8 0.00
2025 11 04 14 14 4 65 8.71 27 618.8 0.00
2025 11 04 14 15 3 30 8.67 26 618.8 0.00
2025 11 04 14 16 2 50 8.58 24 618.8 0.00
2025 11 04 14 17 1 96 8.60 24 618.8 0.00
2025 11 04 14 18 3 46 8.68 23 618.8 0.00
2025 11 04 14 19 7 70 8.76 26 618.8 0.00
2025 11 04 14 20 6 69 8.97 26 618.8 0.00
2025 11 04 14 21 6 67 8.97 25 618.8 0.00
2025 11 04 14 22 7 48 8.95 29 618.8 0.00
2025 11 04 14 23 12 38 9.10 25 618.8 0.00
2025 11 04 14 24 10 38 9.04 26 618.8 0.00
2025 11 04 14 25 9 56 8.91 24 618.8 0.00
2025 11 04 14 26 8 62 8.87 20 618.8 0.00
2025 11 04 14 27 7 55 8.75 20 618.8 0.00
2025 11 04 14 28 9 62 8.69 21 618.8 0.00
2025 11 04 14 29 6 39 8.58 20 618.8 0.00
2025 11 04 14 30 10 48 8.49 22 618.7 0.00
2025 11 04 14 31 7 40 8.37 25 618.8 0.00
2025 11 04 14 32 6 57 8.32 25 618.7 0.00
2025 11 04 14 33 6 46 8.29 23 618.7 0.00
2025 11 04 14 34 4 37 8.26 21 618.8 0.00
2025 11 04 14 35 5 46 8.24 21 618.7 0.00
2025 11 04 14 36 7 57 8.29 21 618.7 0.00
2025 11 04 14 37 7 66 8.35 19 618.8 0.00
2025 11 04 14 38 5 61 8.32 18 618.8 0.00
2025 11 04 14 39 6 73 8.32 18 618.8 0.00
2025 11 04 14 40 9 57 8.28 18 618.7 0.00
2025 11 04 14 41 10 59 8.32 18 618.7 0.00
2025 11 04 14 42 9 50 8.34 18 618.8 0.00
2025 11 04 14 43 7 46 8.32 18 618.8 0.00
2025 11 04 14 44 5 54 8.32 19 618.7 0.00
2025 11 04 14 45 10 32 8.42 21 618.7 0.00
2025 11 04 14 46 7 54 8.44 21 618.8 0.00
2025 11 04 14 47 7 57 8.49 20 618.8 0.00
2025 11 04 14 48 9 52 8.41 21 618.8 0.00
2025 11 04 14 49 9 67 8.36 24 618.8 0.00
2025 11 04 14 50 7 48 8.32 23 618.8 0.00
2025 11 04 14 51 8 53 8.37 27 618.8 0.00
2025 11 04 14 52 6 36 8.35 26 618.8 0.00
2025 11 04 14 53 5 37 8.26 28 618.8 0.00
2025 11 04 14 54 6 74 8.34 27 618.8 0.00
2025 11 04 14 55 5 76 8.34 22 618.8 0.00
2025 11 04 14 56 5 53 8.44 24 618.8 0.00
2025 11 04 14 57 7 45 8.47 22 618.8 0.00
2025 11 04 14 58 8 67 8.57 21 618.8 0.00
2025 11 04 14 59 7 35 8.62 18 618.8 0.00
2025 11 04 15 00 8 44 8.55 22 618.8 0.00
2025 11 04 15 01 9 49 8.60 20 618.8 0.00
2025 11 04 15 02 8 41 8.65 18 618.8 0.00
2025 11 04 15 03 10 52 8.70 18 618.8 0.00
2025 11 04 15 04 12 44 8.71 15 618.8 0.00
2025 11 04 15 05 11 53 8.66 14 618.7 0.00
2025 11 04 15 06 11 42 8.71 15 618.7 0.00
2025 11 04 15 07 11 54 8.73 14 618.7 0.00
2025 11 04 15 08 8 73 8.73 19 618.7 0.00
2025 11 04 15 09 9 36 8.82 20 618.7 0.00
2025 11 04 15 10 12 45 8.98 14 618.7 0.00
2025 11 04 15 11 12 69 9.09 15 618.7 0.00
2025 11 04 15 12 10 55 9.12 19 618.7 0.00
2025 11 04 15 13 9 29 9.21 22 618.7 0.00
2025 11 04 15 14 11 38 9.34 23 618.7 0.00
2025 11 04 15 15 11 55 9.35 19 618.7 0.00
2025 11 04 15 16 11 34 9.34 13 618.7 0.00
2025 11 04 15 17 10 55 9.29 16 618.7 0.00
2025 11 04 15 18 13 60 9.36 17 618.7 0.00
2025 11 04 15 19 9 69 9.31 16 618.8 0.00
2025 11 04 15 20 8 33 9.42 18 618.7 0.00
2025 11 04 15 21 10 39 9.48 15 618.8 0.00
2025 11 04 15 22 7 70 9.51 17 618.7 0.00
2025 11 04 15 23 7 63 9.63 21 618.7 0.00
2025 11 04 15 24 6 331 9.52 22 618.7 0.00
2025 11 04 15 25 13 41 9.58 23 618.7 0.00
2025 11 04 15 26 11 74 9.60 24 618.7 0.00
2025 11 04 15 27 7 54 9.56 21 618.7 0.00
2025 11 04 15 28 6 63 9.57 21 618.7 0.00
2025 11 04 15 29 7 57 9.58 18 618.7 0.00
2025 11 04 15 30 6 84 9.46 18 618.7 0.00
2025 11 04 15 31 4 80 9.36 18 618.7 0.00
2025 11 04 15 32 4 55 9.26 21 618.7 0.00
2025 11 04 15 33 8 68 9.24 24 618.7 0.00
2025 11 04 15 34 8 52 9.26 24 618.7 0.00
2025 11 04 15 35 9 45 9.20 23 618.8 0.00
2025 11 04 15 36 8 48 9.08 22 618.8 0.00
2025 11 04 15 37 5 73 8.97 23 618.8 0.00
2025 11 04 15 38 7 58 8.98 33 618.7 0.00
2025 11 04 15 39 7 32 8.98 33 618.7 0.00
2025 11 04 15 40 9 45 8.94 34 618.7 0.00
2025 11 04 15 41 9 39 8.94 29 618.7 0.00
2025 11 04 15 42 6 42 8.79 29 618.7 0.00
2025 11 04 15 43 6 43 8.68 34 618.7 0.00
2025 11 04 15 44 11 54 8.55 32 618.7 0.00
2025 11 04 15 45 11 49 8.43 22 618.7 0.00
2025 11 04 15 46 10 59 8.34 23 618.7 0.00
2025 11 04 15 47 9 59 8.26 19 618.7 0.00
2025 11 04 15 48 9 46 8.16 21 618.7 0.00
2025 11 04 15 49 7 55 8.03 25 618.7 0.00
2025 11 04 15 50 8 89 8.04 32 618.7 0.00
2025 11 04 15 51 5 85 7.92 32 618.7 0.00
2025 11 04 15 52 6 46 7.84 31 618.7 0.00
2025 11 04 15 53 5 60 7.76 31 618.7 0.00
2025 11 04 15 54 2 50 7.73 30 618.7 0.00
2025 11 04 15 55 5 66 7.70 29 618.7 0.00
2025 11 04 15 56 6 56 7.62 26 618.7 0.00
2025 11 04 15 57 5 51 7.60 23 618.7 0.00
2025 11 04 15 58 6 58 7.59 18 618.7 0.00
2025 11 04 15 59 8 41 7.61 19 618.7 0.00
2025 11 04 16 00 9 51 7.59 20 618.7 0.00
2025 11 04 16 01 7 35 7.52 19 618.7 0.00
2025 11 04 16 02 6 45 7.48 20 618.7 0.00
2025 11 04 16 03 5 50 7.48 21 618.7 0.00
2025 11 04 16 04 4 45 7.46 20 618.7 0.00
2025 11 04 16 05 5 54 7.44 21 618.7 0.00
2025 11 04 16 06 6 42 7.42 18 618.7 0.00
2025 11 04 16 07 6 49 7.37 16 618.7 0.00
2025 11 04 16 08 5 54 7.35 17 618.7 0.00
2025 11 04 16 09 3 42 7.31 19 618.7 0.00
2025 11 04 16 10 4 46 7.28 20 618.7 0.00
2025 11 04 16 11 4 56 7.24 20 618.7 0.00
2025 11 04 16 12 3 52 7.21 20 618.7 0.00
2025 11 04 16 13 5 51 7.25 17 618.7 0.00
2025 11 04 16 14 5 55 7.23 17 618.7 0.00
2025 11 04 16 15 5 57 7.21 21 618.7 0.00
2025 11 04 16 16 6 58 7.18 24 618.7 0.00
2025 11 04 16 17 5 67 7.11 26 618.7 0.00
2025 11 04 16 18 4 58 7.03 25 618.7 0.00
2025 11 04 16 19 3 65 7.03 25 618.7 0.00
2025 11 04 16 20 3 55 7.02 25 618.7 0.00
2025 11 04 16 21 5 58 7.04 22 618.7 0.00
2025 11 04 16 22 5 60 7.07 20 618.7 0.00
2025 11 04 16 23 4 54 7.12 19 618.7 0.00
2025 11 04 16 24 3 64 7.16 19 618.7 0.00
2025 11 04 16 25 1 81 7.21 19 618.7 0.00
2025 11 04 16 26 0 74 7.25 20 618.7 0.00
2025 11 04 16 27 0 75 7.27 21 618.7 0.00
2025 11 04 16 28 0 70 7.30 21 618.7 0.00
2025 11 04 16 29 0 101 7.32 19 618.7 0.00
2025 11 04 16 30 1 78 7.36 21 618.7 0.00
2025 11 04 16 31 1 74 7.35 18 618.7 0.00
2025 11 04 16 32 3 55 7.38 17 618.7 0.00
2025 11 04 16 33 2 74 7.40 19 618.7 0.00
2025 11 04 16 34 3 56 7.44 21 618.7 0.00
2025 11 04 16 35 7 53 7.44 24 618.8 0.00
2025 11 04 16 36 8 66 7.40 25 618.8 0.00
2025 11 04 16 37 5 64 7.35 24 618.8 0.00
2025 11 04 16 38 4 66 7.30 23 618.8 0.00
2025 11 04 16 39 3 66 7.27 25 618.7 0.00
2025 11 04 16 40 2 77 7.23 22 618.7 0.00
2025 11 04 16 41 1 78 7.19 22 618.7 0.00
2025 11 04 16 42 2 79 7.18 23 618.8 0.00
2025 11 04 16 43 2 81 7.16 22 618.8 0.00
2025 11 04 16 44 1 65 7.13 19 618.8 0.00
2025 11 04 16 45 2 80 7.15 17 618.8 0.00
2025 11 04 16 46 2 75 7.16 16 618.8 0.00
2025 11 04 16 47 3 73 7.19 17 618.8 0.00
2025 11 04 16 48 2 76 7.19 15 618.8 0.00
2025 11 04 16 49 2 74 7.21 17 618.8 0.00
2025 11 04 16 50 3 55 7.21 16 618.8 0.00
2025 11 04 16 51 4 67 7.24 13 618.8 0.00
2025 11 04 16 52 5 69 7.24 12 618.8 0.00
2025 11 04 16 53 5 66 7.24 14 618.8 0.00
2025 11 04 16 54 5 76 7.23 15 618.8 0.00
2025 11 04 16 55 5 48 7.22 12 619.2 0.00
2025 11 04 16 56 5 67 7.21 12 618.9 0.00
2025 11 04 16 57 4 76 7.19 14 618.9 0.00
2025 11 04 16 58 5 51 7.17 12 618.9 0.00
2025 11 04 16 59 8 72 7.15 12 618.9 0.00
2025 11 04 17 00 6 63 7.13 14 618.9 0.00
2025 11 04 17 01 5 77 7.09 16 618.9 0.00
2025 11 04 17 02 4 58 7.02 17 618.9 0.00
2025 11 04 17 03 7 61 6.95 17 618.9 0.00
2025 11 04 17 04 6 60 6.86 17 618.9 0.00
2025 11 04 17 05 6 49 6.77 16 618.9 0.00
2025 11 04 17 06 6 58 6.69 17 618.9 0.00
2025 11 04 17 07 5 62 6.60 15 618.9 0.00
2025 11 04 17 08 5 58 6.53 15 618.9 0.00
2025 11 04 17 09 4 68 6.47 15 618.9 0.00
2025 11 04 17 10 4 61 6.43 15 618.9 0.00
2025 11 04 17 11 4 47 6.41 18 618.9 0.00
2025 11 04 17 12 5 61 6.39 19 618.9 0.00
2025 11 04 17 13 5 68 6.37 19 618.9 0.00
2025 11 04 17 14 6 68 6.34 19 618.9 0.00
2025 11 04 17 15 6 60 6.32 16 618.9 0.00
2025 11 04 17 16 6 60 6.29 15 618.9 0.00
2025 11 04 17 17 7 60 6.29 13 618.9 0.00
2025 11 04 17 18 9 55 6.34 10 618.9 0.00
2025 11 04 17 19 10 52 6.40 9 618.9 0.00
2025 11 04 17 20 11 47 6.46 9 618.9 0.00
2025 11 04 17 21 11 61 6.51 10 619.0 0.00
2025 11 04 17 22 10 50 6.55 10 619.0 0.00
2025 11 04 17 23 11 52 6.59 10 619.0 0.00
2025 11 04 17 24 10 49 6.61 12 619.0 0.00
2025 11 04 17 25 10 50 6.63 11 619.0 0.00
2025 11 04 17 26 10 55 6.65 12 619.0 0.00
2025 11 04 17 27 9 63 6.67 10 619.0 0.00
2025 11 04 17 28 8 57 6.69 10 619.0 0.00
2025 11 04 17 29 9 63 6.71 11 619.0 0.00
2025 11 04 17 30 9 58 6.71 10 619.0 0.00
2025 11 04 17 31 9 50 6.70 11 619.0 0.00
2025 11 04 17 32 9 56 6.68 12 619.0 0.00
2025 11 04 17 33 10 63 6.66 10 619.0 0.00
2025 11 04 17 34 10 58 6.64 10 619.0 0.00
2025 11 04 17 35 9 53 6.63 9 619.1 0.00
2025 11 04 17 36 9 57 6.63 9 619.1 0.00
2025 11 04 17 37 7 56 6.61 10 619.1 0.00
2025 11 04 17 38 8 52 6.60 10 619.1 0.00
2025 11 04 17 39 9 47 6.57 11 619.1 0.00
2025 11 04 17 40 10 50 6.55 9 619.1 0.00
2025 11 04 17 41 11 49 6.55 8 619.1 0.00
2025 11 04 17 42 11 44 6.56 8 619.1 0.00
2025 11 04 17 43 11 46 6.57 8 619.1 0.00
2025 11 04 17 44 11 36 6.57 9 619.1 0.00
2025 11 04 17 45 11 45 6.56 8 619.1 0.00
2025 11 04 17 46 11 54 6.55 7 619.1 0.00
2025 11 04 17 47 12 52 6.55 7 619.1 0.00
2025 11 04 17 48 12 53 6.57 7 619.1 0.00
2025 11 04 17 49 11 56 6.57 8 619.1 0.00
2025 11 04 17 50 10 54 6.57 9 619.1 0.00
2025 11 04 17 51 11 55 6.56 8 619.1 0.00
2025 11 04 17 52 10 56 6.56 8 619.1 0.00
2025 11 04 17 53 10 67 6.56 9 619.1 0.00
2025 11 04 17 54 10 42 6.56 9 619.1 0.00
2025 11 04 17 55 10 53 6.54 9 619.1 0.00
2025 11 04 17 56 10 53 6.53 8 619.1 0.00
2025 11 04 17 57 11 54 6.54 8 619.1 0.00
2025 11 04 17 58 10 47 6.54 8 619.1 0.00
2025 11 04 17 59 9 43 6.56 8 619.1 0.00
2025 11 04 18 00 9 47 6.57 8 619.1 0.00
2025 11 04 18 01 9 50 6.57 8 619.1 0.00
2025 11 04 18 02 10 40 6.56 8 619.1 0.00
2025 11 04 18 03 11 38 6.56 8 619.1 0.00
2025 11 04 18 04 13 44 6.60 7 619.2 0.00
2025 11 04 18 05 12 48 6.63 7 619.2 0.00
2025 11 04 18 06 10 53 6.65 7 619.2 0.00
2025 11 04 18 07 10 42 6.62 8 619.2 0.00
2025 11 04 18 08 10 59 6.58 8 619.2 0.00
2025 11 04 18 09 10 48 6.56 8 619.2 0.00
2025 11 04 18 10 11 62 6.55 8 619.1 0.00
2025 11 04 18 11 11 48 6.55 8 619.2 0.00
2025 11 04 18 12 10 45 6.54 8 619.2 0.00
2025 11 04 18 13 10 61 6.54 8 619.2 0.00
2025 11 04 18 14 11 50 6.54 8 619.2 0.00
2025 11 04 18 15 11 47 6.56 8 619.2 0.00
2025 11 04 18 16 11 45 6.57 8 619.2 0.00
2025 11 04 18 17 11 52 6.57 8 619.2 0.00
2025 11 04 18 18 13 54 6.59 7 619.2 0.00
2025 11 04 18 19 12 50 6.60 7 619.2 0.00
2025 11 04 18 20 13 52 6.63 7 619.2 0.00
2025 11 04 18 21 13 55 6.66 8 619.2 0.00
2025 11 04 18 22 12 57 6.68 8 619.2 0.00
2025 11 04 18 23 11 56 6.67 8 619.2 0.00
2025 11 04 18 24 10 61 6.65 9 619.2 0.00
2025 11 04 18 25 10 64 6.62 9 619.2 0.00
2025 11 04 18 26 12 57 6.60 8 619.2 0.00
2025 11 04 18 27 10 54 6.58 9 619.2 0.00
2025 11 04 18 28 9 49 6.55 9 619.2 0.00
2025 11 04 18 29 9 55 6.53 9 619.2 0.00
2025 11 04 18 30 10 56 6.53 8 619.2 0.00
2025 11 04 18 31 10 51 6.54 8 619.2 0.00
2025 11 04 18 32 9 60 6.55 8 619.2 0.00
2025 11 04 18 33 9 55 6.56 8 619.2 0.00
2025 11 04 18 34 10 43 6.55 8 619.2 0.00
2025 11 04 18 35 12 50 6.57 7 619.2 0.00
2025 11 04 18 36 12 60 6.60 8 619.3 0.00
2025 11 04 18 37 13 56 6.60 7 619.2 0.00
2025 11 04 18 38 13 56 6.62 8 619.3 0.00
2025 11 04 18 39 10 57 6.63 8 619.3 0.00
2025 11 04 18 40 10 72 6.60 9 619.3 0.00
2025 11 04 18 41 10 60 6.54 9 619.3 0.00
2025 11 04 18 42 10 62 6.49 9 619.3 0.00
2025 11 04 18 43 9 62 6.45 10 619.3 0.00
2025 11 04 18 44 8 68 6.40 10 619.3 0.00
2025 11 04 18 45 8 59 6.36 10 619.4 0.00
2025 11 04 18 46 8 59 6.33 9 619.4 0.00
2025 11 04 18 47 8 67 6.33 10 619.4 0.00
2025 11 04 18 48 9 53 6.31 9 619.4 0.00
2025 11 04 18 49 8 54 6.32 9 619.4 0.00
2025 11 04 18 50 10 61 6.33 8 619.4 0.00
2025 11 04 18 51 10 59 6.35 8 619.4 0.00
2025 11 04 18 52 11 75 6.36 8 619.4 0.00
2025 11 04 18 53 10 57 6.39 7 619.4 0.00
2025 11 04 18 54 9 61 6.40 8 619.4 0.00
2025 11 04 18 55 7 68 6.39 9 619.4 0.00
2025 11 04 18 56 7 73 6.37 9 619.4 0.00
2025 11 04 18 57 7 70 6.30 9 619.5 0.00
2025 11 04 18 58 6 63 6.24 9 619.5 0.00
2025 11 04 18 59 6 59 6.21 8 619.5 0.00
2025 11 04 19 00 9 53 6.19 7 619.5 0.00
2025 11 04 19 01 10 47 6.22 7 619.5 0.00
2025 11 04 19 02 11 45 6.24 8 619.5 0.00
2025 11 04 19 03 10 65 6.30 7 619.5 0.00
2025 11 04 19 04 9 74 6.34 8 619.5 0.00
2025 11 04 19 05 7 67 6.36 9 619.5 0.00
2025 11 04 19 06 8 57 6.41 7 619.5 0.00
2025 11 04 19 07 7 62 6.43 7 619.6 0.00
2025 11 04 19 08 8 60 6.44 7 619.6 0.00
2025 11 04 19 09 10 68 6.47 7 619.6 0.00
2025 11 04 19 10 9 73 6.51 7 619.6 0.00
2025 11 04 19 11 7 70 6.51 8 619.6 0.00
2025 11 04 19 12 7 66 6.41 9 619.6 0.00
2025 11 04 19 13 10 82 6.37 8 619.6 0.00
2025 11 04 19 14 9 69 6.37 9 619.6 0.00
2025 11 04 19 15 6 72 6.34 10 619.7 0.00
2025 11 04 19 16 6 79 6.28 10 619.7 0.00
2025 11 04 19 17 6 87 6.17 9 619.7 0.00
2025 11 04 19 18 6 83 6.09 9 619.7 0.00
2025 11 04 19 19 5 81 6.01 10 619.7 0.00
2025 11 04 19 20 6 77 5.91 10 619.7 0.00
2025 11 04 19 21 6 79 5.85 10 619.7 0.00
2025 11 04 19 22 5 75 5.78 10 619.8 0.00
2025 11 04 19 23 5 77 5.74 10 619.8 0.00
2025 11 04 19 24 5 83 5.67 10 619.8 0.00
2025 11 04 19 25 6 69 5.67 10 619.8 0.00
2025 11 04 19 26 6 65 5.67 10 619.8 0.00
2025 11 04 19 27 7 69 5.66 10 619.8 0.00
2025 11 04 19 28 7 66 5.70 10 619.8 0.00
2025 11 04 19 29 7 80 5.72 10 619.8 0.00
2025 11 04 19 30 8 70 5.72 10 619.8 0.00
2025 11 04 19 31 6 84 5.77 10 619.8 0.00
2025 11 04 19 32 6 57 5.77 10 619.9 0.00
2025 11 04 19 33 5 74 5.74 10 619.9 0.00
2025 11 04 19 34 6 76 5.72 10 619.9 0.00
2025 11 04 19 35 6 77 5.65 10 619.9 0.00
2025 11 04 19 36 7 76 5.60 9 619.9 0.00
2025 11 04 19 37 9 34 5.71 7 619.9 0.00
2025 11 04 19 38 9 69 5.87 8 619.9 0.00
2025 11 04 19 39 7 85 5.95 8 619.9 0.00
2025 11 04 19 40 5 64 6.01 8 619.9 0.00
2025 11 04 19 41 6 71 6.08 8 619.9 0.00
2025 11 04 19 42 7 68 6.15 9 620.0 0.00
2025 11 04 19 43 8 72 6.24 8 620.0 0.00
2025 11 04 19 44 8 76 6.27 8 620.0 0.00
2025 11 04 19 45 8 65 6.28 8 620.0 0.00
2025 11 04 19 46 10 74 6.34 7 620.0 0.00
2025 11 04 19 47 8 71 6.37 7 620.0 0.00
2025 11 04 19 48 7 79 6.34 8 620.0 0.00
2025 11 04 19 49 6 69 6.28 8 620.0 0.00
2025 11 04 19 50 5 73 6.23 8 620.0 0.00
2025 11 04 19 51 6 65 6.22 8 620.0 0.00
2025 11 04 19 52 6 71 6.21 8 620.0 0.00
2025 11 04 19 53 5 60 6.16 9 620.0 0.00
2025 11 04 19 54 7 73 6.10 9 620.0 0.00
2025 11 04 19 55 7 65 6.08 9 620.0 0.00
2025 11 04 19 56 7 58 6.04 9 620.0 0.00
2025 11 04 19 57 8 73 6.04 8 620.0 0.00
2025 11 04 19 58 9 61 6.05 8 620.0 0.00
2025 11 04 19 59 7 55 6.06 8 620.1 0.00
2025 11 04 20 00 7 46 6.06 8 620.1 0.00
2025 11 04 20 01 7 67 6.07 9 620.1 0.00
2025 11 04 20 02 6 79 6.06 9 620.1 0.00
2025 11 04 20 03 5 81 6.01 9 620.1 0.00
2025 11 04 20 04 6 76 5.94 9 620.1 0.00
2025 11 04 20 05 6 69 5.90 9 620.1 0.00
2025 11 04 20 06 6 82 5.85 10 620.1 0.00
2025 11 04 20 07 6 72 5.77 10 620.1 0.00
2025 11 04 20 08 7 83 5.71 10 620.1 0.00
2025 11 04 20 09 6 73 5.68 10 620.1 0.00
2025 11 04 20 10 7 77 5.65 10 620.1 0.00
2025 11 04 20 11 6 93 5.61 9 620.1 0.00
2025 11 04 20 12 7 68 5.64 9 620.1 0.00
2025 11 04 20 13 8 66 5.71 9 620.1 0.00
2025 11 04 20 14 8 54 5.77 9 620.2 0.00
2025 11 04 20 15 8 75 5.82 9 620.2 0.00
2025 11 04 20 16 9 66 5.89 9 620.2 0.00
2025 11 04 20 17 9 59 5.93 9 620.2 0.00
2025 11 04 20 18 7 72 5.92 9 620.2 0.00
2025 11 04 20 19 8 80 5.90 9 620.2 0.00
2025 11 04 20 20 6 74 5.85 9 620.2 0.00
2025 11 04 20 21 7 79 5.81 9 620.2 0.00
2025 11 04 20 22 7 71 5.79 8 620.2 0.00
2025 11 04 20 23 8 62 5.79 8 620.2 0.00
2025 11 04 20 24 7 79 5.75 8 620.2 0.00
2025 11 04 20 25 7 70 5.73 8 620.2 0.00
2025 11 04 20 26 6 74 5.69 8 620.2 0.00
2025 11 04 20 27 6 84 5.64 8 620.2 0.00
2025 11 04 20 28 7 80 5.62 8 620.2 0.00
2025 11 04 20 29 5 78 5.57 8 620.2 0.00
2025 11 04 20 30 5 68 5.51 8 620.2 0.00
2025 11 04 20 31 6 75 5.47 8 620.2 0.00
2025 11 04 20 32 8 78 5.42 8 620.2 0.00
2025 11 04 20 33 9 69 5.40 8 620.2 0.00
2025 11 04 20 34 10 51 5.47 8 620.2 0.00
2025 11 04 20 35 10 59 5.55 8 620.3 0.00
2025 11 04 20 36 9 58 5.60 9 620.3 0.00
2025 11 04 20 37 10 40 5.65 9 620.3 0.00
2025 11 04 20 38 11 66 5.71 9 620.3 0.00
2025 11 04 20 39 10 52 5.75 9 620.3 0.00
2025 11 04 20 40 10 65 5.80 8 620.3 0.00
2025 11 04 20 41 9 80 5.84 9 620.2 0.00
2025 11 04 20 42 8 76 5.77 10 620.3 0.00
2025 11 04 20 43 10 63 5.71 10 620.2 0.00
2025 11 04 20 44 9 63 5.71 10 620.2 0.00
2025 11 04 20 45 7 85 5.61 11 620.2 0.00
2025 11 04 20 46 8 78 5.54 11 620.2 0.00
2025 11 04 20 47 8 76 5.43 11 620.2 0.00
2025 11 04 20 48 10 66 5.43 12 620.2 0.00
2025 11 04 20 49 9 73 5.45 11 620.2 0.00
2025 11 04 20 50 8 78 5.41 12 620.2 0.00
2025 11 04 20 51 8 68 5.34 12 620.2 0.00
2025 11 04 20 52 10 63 5.30 12 620.2 0.00
2025 11 04 20 53 8 79 5.27 12 620.2 0.00
2025 11 04 20 54 9 84 5.24 12 620.2 0.00
2025 11 04 20 55 10 78 5.23 13 620.2 0.00
2025 11 04 20 56 9 63 5.22 13 620.2 0.00
2025 11 04 20 57 10 84 5.22 13 620.2 0.00
2025 11 04 20 58 9 89 5.17 13 620.2 0.00
2025 11 04 20 59 8 79 5.11 14 620.2 0.00
2025 11 04 21 00 6 79 5.08 13 620.2 0.00
2025 11 04 21 01 8 42 5.05 13 620.2 0.00
2025 11 04 21 02 7 85 5.04 12 620.2 0.00
2025 11 04 21 03 9 80 5.05 11 620.2 0.00
2025 11 04 21 04 8 59 5.06 13 620.2 0.00
2025 11 04 21 05 8 73 5.04 14 620.3 0.00
2025 11 04 21 06 10 82 5.00 17 620.3 0.00
2025 11 04 21 07 9 58 4.96 20 620.3 0.00
2025 11 04 21 08 8 90 4.93 20 620.3 0.00
2025 11 04 21 09 8 73 4.89 19 620.3 0.00
2025 11 04 21 10 9 86 4.86 20 620.3 0.00
2025 11 04 21 11 9 78 4.83 20 620.3 0.00
2025 11 04 21 12 8 85 4.82 20 620.3 0.00
2025 11 04 21 13 9 84 4.81 17 620.3 0.00
2025 11 04 21 14 9 74 4.78 17 620.3 0.00
2025 11 04 21 15 9 77 4.76 15 620.3 0.00
2025 11 04 21 16 10 82 4.76 15 620.3 0.00
2025 11 04 21 17 9 76 4.73 15 620.3 0.00
2025 11 04 21 18 9 81 4.71 14 620.3 0.00
2025 11 04 21 19 10 84 4.69 14 620.3 0.00
2025 11 04 21 20 10 89 4.66 15 620.3 0.00
2025 11 04 21 21 9 78 4.63 15 620.3 0.00
2025 11 04 21 22 9 83 4.63 16 620.3 0.00
2025 11 04 21 23 10 92 4.63 16 620.3 0.00
2025 11 04 21 24 10 93 4.62 16 620.3 0.00
2025 11 04 21 25 9 84 4.62 16 620.3 0.00
2025 11 04 21 26 9 80 4.63 15 620.3 0.00
2025 11 04 21 27 11 70 4.64 14 620.3 0.00
2025 11 04 21 28 11 69 4.66 15 620.4 0.00
2025 11 04 21 29 10 84 4.63 15 620.3 0.00
2025 11 04 21 30 10 80 4.64 16 620.3 0.00
2025 11 04 21 31 10 87 4.62 16 620.3 0.00
2025 11 04 21 32 11 79 4.68 17 620.3 0.00
2025 11 04 21 33 11 86 4.72 17 620.3 0.00
2025 11 04 21 34 8 93 4.72 18 620.3 0.00
2025 11 04 21 35 10 91 4.71 16 620.3 0.00
2025 11 04 21 36 10 87 4.74 16 620.3 0.00
2025 11 04 21 37 11 85 4.78 17 620.3 0.00
2025 11 04 21 38 9 95 4.74 17 620.3 0.00
2025 11 04 21 39 9 89 4.70 18 620.3 0.00
2025 11 04 21 40 9 85 4.64 22 620.4 0.00
2025 11 04 21 41 9 84 4.62 23 620.4 0.00
2025 11 04 21 42 9 98 4.60 24 620.4 0.00
2025 11 04 21 43 8 93 4.61 24 620.4 0.00
2025 11 04 21 44 8 84 4.61 24 620.4 0.00
2025 11 04 21 45 8 90 4.57 23 620.4 0.00
2025 11 04 21 46 8 83 4.55 23 620.4 0.00
2025 11 04 21 47 7 100 4.57 17 620.4 0.00
2025 11 04 21 48 6 117 4.55 17 620.4 0.00
2025 11 04 21 49 4 87 4.56 15 620.4 0.00
2025 11 04 21 50 7 89 4.51 13 620.4 0.00
2025 11 04 21 51 8 97 4.49 13 620.4 0.00
2025 11 04 21 52 7 93 4.47 11 620.4 0.00
2025 11 04 21 53 8 90 4.43 12 620.4 0.00
2025 11 04 21 54 8 96 4.39 11 620.4 0.00
2025 11 04 21 55 8 103 4.37 10 620.4 0.00
2025 11 04 21 56 7 96 4.35 10 620.4 0.00
2025 11 04 21 57 8 98 4.34 12 620.4 0.00
2025 11 04 21 58 8 90 4.34 15 620.4 0.00
2025 11 04 21 59 8 87 4.34 20 620.4 0.00
2025 11 04 22 00 8 91 4.35 24 620.3 0.00
2025 11 04 22 01 8 93 4.35 21 620.3 0.00
2025 11 04 22 02 8 91 4.38 20 620.3 0.00
2025 11 04 22 03 8 85 4.41 19 620.3 0.00
2025 11 04 22 04 9 97 4.42 18 620.3 0.00
2025 11 04 22 05 8 93 4.45 17 620.3 0.00
2025 11 04 22 06 8 95 4.49 18 620.3 0.00
2025 11 04 22 07 7 95 4.55 21 620.3 0.00
2025 11 04 22 08 6 108 4.58 26 620.3 0.00
2025 11 04 22 09 5 95 4.57 22 620.3 0.00
2025 11 04 22 10 6 98 4.53 17 620.3 0.00
2025 11 04 22 11 5 116 4.54 17 620.3 0.00
2025 11 04 22 12 4 118 4.58 22 620.3 0.00
2025 11 04 22 13 3 96 4.63 26 620.3 0.00
2025 11 04 22 14 4 94 4.66 24 620.3 0.00
2025 11 04 22 15 5 96 4.71 28 620.3 0.00
2025 11 04 22 16 5 109 4.72 26 620.3 0.00
2025 11 04 22 17 4 109 4.72 24 620.3 0.00
2025 11 04 22 18 4 99 4.71 22 620.3 0.00
2025 11 04 22 19 5 98 4.70 21 620.3 0.00
2025 11 04 22 20 5 100 4.70 26 620.3 0.00
2025 11 04 22 21 6 98 4.68 26 620.3 0.00
2025 11 04 22 22 6 98 4.66 28 620.2 0.00
2025 11 04 22 23 5 106 4.65 28 620.2 0.00
2025 11 04 22 24 5 93 4.65 28 620.2 0.00
2025 11 04 22 25 7 119 4.61 26 620.2 0.00
2025 11 04 22 26 5 98 4.61 19 620.2 0.00
2025 11 04 22 27 7 97 4.61 16 620.2 0.00
2025 11 04 22 28 7 103 4.61 15 620.2 0.00
2025 11 04 22 29 7 95 4.62 15 620.2 0.00
2025 11 04 22 30 8 96 4.62 14 620.2 0.00
2025 11 04 22 31 7 101 4.62 14 620.2 0.00
2025 11 04 22 32 8 104 4.63 14 620.2 0.00
2025 11 04 22 33 6 104 4.65 16 620.2 0.00
2025 11 04 22 34 6 158 4.71 15 620.2 0.00
2025 11 04 22 35 6 99 4.78 13 620.2 0.00
2025 11 04 22 36 8 5 4.82 13 620.2 0.00
2025 11 04 22 37 8 98 4.84 12 620.2 0.00
2025 11 04 22 38 9 103 4.86 12 620.2 0.00
2025 11 04 22 39 8 98 4.86 12 620.2 0.00
2025 11 04 22 40 8 108 4.86 13 620.2 0.00
2025 11 04 22 41 8 98 4.86 13 620.2 0.00
2025 11 04 22 42 9 98 4.86 13 620.2 0.00
2025 11 04 22 43 8 93 4.83 12 620.2 0.00
2025 11 04 22 44 9 99 4.84 12 620.2 0.00
2025 11 04 22 45 8 95 4.81 13 620.2 0.00
2025 11 04 22 46 10 95 4.80 13 620.2 0.00
2025 11 04 22 47 9 95 4.78 14 620.2 0.00
2025 11 04 22 48 8 97 4.78 16 620.2 0.00
2025 11 04 22 49 9 99 4.81 16 620.1 0.00
2025 11 04 22 50 8 98 4.84 14 620.1 0.00
2025 11 04 22 51 9 97 4.84 13 620.1 0.00
2025 11 04 22 52 9 96 4.83 12 620.1 0.00
2025 11 04 22 53 9 95 4.83 12 620.1 0.00
2025 11 04 22 54 9 97 4.80 12 620.1 0.00
2025 11 04 22 55 8 98 4.78 12 620.1 0.00
2025 11 04 22 56 8 97 4.77 12 620.1 0.00
2025 11 04 22 57 8 98 4.77 12 620.1 0.00
2025 11 04 22 58 9 26 4.80 10 620.1 0.00
2025 11 04 22 59 7 107 4.86 9 620.1 0.00
2025 11 04 23 00 7 100 4.89 8 620.1 0.00
2025 11 04 23 01 9 112 4.93 8 620.1 0.00
2025 11 04 23 02 7 99 5.01 7 620.1 0.00
2025 11 04 23 03 8 96 5.01 8 620.1 0.00
2025 11 04 23 04 9 98 4.99 10 620.1 0.00
2025 11 04 23 05 8 93 4.94 11 620.1 0.00
2025 11 04 23 06 9 95 4.89 12 620.1 0.00
2025 11 04 23 07 8 37 4.86 17 620.1 0.00
2025 11 04 23 08 9 93 4.85 17 620.1 0.00
2025 11 04 23 09 9 99 4.84 13 620.1 0.00
2025 11 04 23 10 8 93 4.85 10 620.1 0.00
2025 11 04 23 11 8 89 4.89 9 620.1 0.00
2025 11 04 23 12 9 114 4.93 8 620.1 0.00
2025 11 04 23 13 8 121 4.99 8 620.0 0.00
2025 11 04 23 14 6 84 5.05 8 620.1 0.00
2025 11 04 23 15 7 86 5.01 10 620.1 0.00
2025 11 04 23 16 9 91 4.94 12 620.1 0.00
2025 11 04 23 17 8 101 4.88 13 620.1 0.00
2025 11 04 23 18 8 101 4.83 16 620.1 0.00
2025 11 04 23 19 7 90 4.82 21 620.1 0.00
2025 11 04 23 20 7 98 4.83 24 620.1 0.00
2025 11 04 23 21 6 98 4.82 25 620.1 0.00
2025 11 04 23 22 7 98 4.79 23 620.1 0.00
2025 11 04 23 23 7 95 4.74 20 620.1 0.00
2025 11 04 23 24 8 90 4.72 17 620.1 0.00
2025 11 04 23 25 8 87 4.68 15 620.1 0.00
2025 11 04 23 26 7 89 4.70 16 620.1 0.00
2025 11 04 23 27 7 92 4.72 24 620.0 0.00
2025 11 04 23 28 6 91 4.72 28 620.0 0.00
2025 11 04 23 29 6 91 4.69 28 620.0 0.00
2025 11 04 23 30 6 93 4.65 27 620.0 0.00
2025 11 04 23 31 5 89 4.57 26 620.0 0.00
2025 11 04 23 32 5 96 4.54 26 620.0 0.00
2025 11 04 23 33 5 93 4.56 26 620.0 0.00
2025 11 04 23 34 5 86 4.58 26 620.0 0.00
2025 11 04 23 35 7 83 4.58 25 620.0 0.00
2025 11 04 23 36 7 84 4.59 22 620.0 0.00
2025 11 04 23 37 7 87 4.58 20 620.0 0.00
2025 11 04 23 38 7 86 4.58 17 620.0 0.00
2025 11 04 23 39 8 84 4.57 17 620.0 0.00
2025 11 04 23 40 8 82 4.56 18 620.0 0.00
2025 11 04 23 41 8 78 4.55 22 620.0 0.00
2025 11 04 23 42 8 91 4.47 24 619.9 0.00
2025 11 04 23 43 8 59 4.40 24 619.9 0.00
2025 11 04 23 44 7 99 4.32 21 619.9 0.00
2025 11 04 23 45 6 90 4.29 21 619.9 0.00
2025 11 04 23 46 7 64 4.29 21 619.9 0.00
2025 11 04 23 47 7 90 4.29 23 619.9 0.00
2025 11 04 23 48 6 95 4.30 23 619.9 0.00
2025 11 04 23 49 6 95 4.31 23 619.9 0.00
2025 11 04 23 50 6 91 4.33 24 619.9 0.00
2025 11 04 23 51 6 93 4.35 25 619.9 0.00
2025 11 04 23 52 6 94 4.37 27 619.9 0.00
2025 11 04 23 53 6 90 4.35 27 619.9 0.00
2025 11 04 23 54 6 93 4.33 24 619.9 0.00
2025 11 04 23 55 6 93 4.29 23 619.9 0.00
2025 11 04 23 56 7 91 4.25 21 619.9 0.00
2025 11 04 23 57 7 89 4.22 22 619.9 0.00
2025 11 04 23 58 8 94 4.18 18 619.9 0.00
2025 11 04 23 59 7 95 4.12 13 619.9 0.00
2025 11 05 00 00 7 91 4.08 12 619.9 0.00
2025 11 05 00 01 8 80 4.07 11 619.9 0.00
2025 11 05 00 02 8 89 4.05 10 619.9 0.00
2025 11 05 00 03 8 95 4.08 12 619.9 0.00
2025 11 05 00 04 7 81 4.09 12 619.8 0.00
2025 11 05 00 05 7 113 4.07 11 619.8 0.00
2025 11 05 00 06 7 89 4.09 11 619.8 0.00
2025 11 05 00 07 8 94 4.12 11 619.8 0.00
2025 11 05 00 08 7 99 4.12 12 619.8 0.00
2025 11 05 00 09 7 98 4.15 14 619.8 0.00
2025 11 05 00 10 7 96 4.18 20 619.8 0.00
2025 11 05 00 11 8 91 4.19 24 619.8 0.00
2025 11 05 00 12 8 90 4.18 25 619.8 0.00
2025 11 05 00 13 8 89 4.17 29 619.8 0.00
2025 11 05 00 14 8 92 4.12 28 619.8 0.00
2025 11 05 00 15 8 91 4.07 28 619.8 0.00
2025 11 05 00 16 8 90 4.04 27 619.8 0.00
2025 11 05 00 17 8 98 4.00 25 619.8 0.00
2025 11 05 00 18 7 91 3.99 22 619.8 0.00
2025 11 05 00 19 7 98 3.99 17 619.8 0.00
2025 11 05 00 20 6 91 3.98 13 619.8 0.00
2025 11 05 00 21 7 96 3.98 12 619.8 0.00
2025 11 05 00 22 7 98 4.01 11 619.8 0.00
2025 11 05 00 23 6 96 4.04 10 619.7 0.00
2025 11 05 00 24 7 85 4.04 10 619.7 0.00
2025 11 05 00 25 8 89 4.03 10 619.7 0.00
2025 11 05 00 26 7 86 3.98 11 619.7 0.00
2025 11 05 00 27 8 85 3.95 11 619.7 0.00
2025 11 05 00 28 8 83 3.89 11 619.7 0.00
2025 11 05 00 29 8 79 3.81 12 619.7 0.00
2025 11 05 00 30 7 77 3.76 14 619.7 0.00
2025 11 05 00 31 7 84 3.76 13 619.7 0.00
2025 11 05 00 32 8 40 3.77 14 619.7 0.00
2025 11 05 00 33 7 92 3.79 14 619.7 0.00
2025 11 05 00 34 7 85 3.84 14 619.7 0.00
2025 11 05 00 35 8 84 3.92 15 619.7 0.00
2025 11 05 00 36 9 87 3.99 14 619.6 0.00
2025 11 05 00 37 9 86 4.04 12 619.6 0.00
2025 11 05 00 38 9 80 4.09 13 619.6 0.00
2025 11 05 00 39 9 83 4.13 14 619.6 0.00
2025 11 05 00 40 10 90 4.17 14 619.6 0.00
2025 11 05 00 41 7 72 4.19 15 619.6 0.00
2025 11 05 00 42 9 77 4.19 15 619.6 0.00
2025 11 05 00 43 9 75 4.23 15 619.6 0.00
2025 11 05 00 44 9 82 4.24 18 619.6 0.00
2025 11 05 00 45 8 92 4.19 18 619.6 0.00
2025 11 05 00 46 8 84 4.15 17 619.6 0.00
2025 11 05 00 47 8 85 4.16 17 619.6 0.00
2025 11 05 00 48 8 76 4.15 17 619.6 0.00
2025 11 05 00 49 7 83 4.09 18 619.6 0.00
2025 11 05 00 50 7 76 4.06 20 619.6 0.00
2025 11 05 00 51 8 79 4.00 20 619.6 0.00
2025 11 05 00 52 9 80 3.94 18 619.6 0.00
2025 11 05 00 53 8 85 3.89 19 619.6 0.00
2025 11 05 00 54 8 91 3.89 20 619.5 0.00
2025 11 05 00 55 8 92 3.88 21 619.5 0.00
2025 11 05 00 56 7 99 3.88 23 619.5 0.00
2025 11 05 00 57 7 99 3.90 24 619.5 0.00
2025 11 05 00 58 8 84 3.95 22 619.5 0.00
2025 11 05 00 59 9 91 3.97 14 619.5 0.00
2025 11 05 01 00 10 81 4.01 10 619.5 0.00
2025 11 05 01 01 9 59 4.01 10 619.5 0.00
2025 11 05 01 02 10 80 4.06 9 619.5 0.00
2025 11 05 01 03 10 86 4.07 8 619.5 0.00
2025 11 05 01 04 10 87 4.05 8 619.5 0.00
2025 11 05 01 05 10 90 4.07 10 619.5 0.00
2025 11 05 01 06 9 98 4.12 10 619.5 0.00
2025 11 05 01 07 9 95 4.18 9 619.5 0.00
2025 11 05 01 08 8 93 4.25 8 619.5 0.00
2025 11 05 01 09 9 98 4.28 9 619.5 0.00
2025 11 05 01 10 9 97 4.31 8 619.5 0.00
2025 11 05 01 11 9 97 4.31 7 619.5 0.00
2025 11 05 01 12 10 92 4.35 7 619.5 0.00
2025 11 05 01 13 10 97 4.35 7 619.4 0.00
2025 11 05 01 14 10 95 4.35 7 619.4 0.00
2025 11 05 01 15 10 88 4.35 7 619.4 0.00
2025 11 05 01 16 10 93 4.34 7 619.4 0.00
2025 11 05 01 17 11 96 4.34 7 619.4 0.00
2025 11 05 01 18 10 93 4.33 7 619.4 0.00
2025 11 05 01 19 10 98 4.33 7 619.4 0.00
2025 11 05 01 20 10 35 4.38 7 619.4 0.00
2025 11 05 01 21 9 96 4.43 9 619.4 0.00
2025 11 05 01 22 8 96 4.41 9 619.4 0.00
2025 11 05 01 23 8 99 4.39 8 619.4 0.00
2025 11 05 01 24 8 100 4.35 8 619.4 0.00
2025 11 05 01 25 9 99 4.34 8 619.4 0.00
2025 11 05 01 26 9 102 4.36 8 619.4 0.00
2025 11 05 01 27 8 98 4.41 8 619.4 0.00
2025 11 05 01 28 9 90 4.43 8 619.4 0.00
2025 11 05 01 29 9 101 4.48 7 619.4 0.00
2025 11 05 01 30 9 92 4.52 7 619.4 0.00
2025 11 05 01 31 10 98 4.52 7 619.4 0.00
2025 11 05 01 32 9 103 4.54 7 619.4 0.00
2025 11 05 01 33 9 102 4.54 7 619.3 0.00
2025 11 05 01 34 9 96 4.48 7 619.3 0.00
2025 11 05 01 35 9 99 4.42 7 619.3 0.00
2025 11 05 01 36 9 107 4.36 8 619.3 0.00
2025 11 05 01 37 8 100 4.30 8 619.3 0.00
2025 11 05 01 38 9 103 4.25 8 619.3 0.00
2025 11 05 01 39 9 111 4.23 8 619.2 0.00
2025 11 05 01 40 9 101 4.19 8 619.2 0.00
2025 11 05 01 41 9 99 4.18 7 619.2 0.00
2025 11 05 01 42 9 116 4.16 7 619.2 0.00
2025 11 05 01 43 8 99 4.16 7 619.2 0.00
2025 11 05 01 44 10 104 4.16 7 619.2 0.00
2025 11 05 01 45 9 1 4.13 8 619.2 0.00
2025 11 05 01 46 9 106 4.10 8 619.2 0.00
2025 11 05 01 47 9 112 4.09 8 619.2 0.00
2025 11 05 01 48 9 116 4.09 7 619.2 0.00
2025 11 05 01 49 7 116 4.11 7 619.2 0.00
2025 11 05 01 50 7 107 4.13 7 619.2 0.00
2025 11 05 01 51 8 109 4.17 7 619.2 0.00
2025 11 05 01 52 9 119 4.20 7 619.2 0.00
2025 11 05 01 53 9 102 4.23 7 619.2 0.00
2025 11 05 01 54 10 99 4.28 7 619.2 0.00
2025 11 05 01 55 11 120 4.32 6 619.2 0.00
2025 11 05 01 56 10 97 4.34 6 619.2 0.00
2025 11 05 01 57 11 102 4.37 6 619.1 0.00
2025 11 05 01 58 11 102 4.40 7 619.1 0.00
2025 11 05 01 59 9 103 4.39 7 619.1 0.00
2025 11 05 02 00 9 104 4.37 7 619.1 0.00
2025 11 05 02 01 10 104 4.37 7 619.1 0.00
2025 11 05 02 02 9 100 4.37 7 619.1 0.00
2025 11 05 02 03 10 47 4.37 7 619.1 0.00
2025 11 05 02 04 10 17 4.37 6 619.1 0.00
2025 11 05 02 05 10 131 4.37 6 619.1 0.00
2025 11 05 02 06 9 100 4.38 6 619.1 0.00
2025 11 05 02 07 10 98 4.38 6 619.1 0.00
2025 11 05 02 08 9 9 4.41 6 619.1 0.00
2025 11 05 02 09 8 98 4.43 6 619.1 0.00
2025 11 05 02 10 9 103 4.46 6 619.1 0.00
2025 11 05 02 11 9 120 4.49 6 619.1 0.00
2025 11 05 02 12 9 89 4.51 6 619.1 0.00
2025 11 05 02 13 9 25 4.53 6 619.1 0.00
2025 11 05 02 14 10 127 4.56 6 619.1 0.00
2025 11 05 02 15 8 148 4.59 6 619.1 0.00
2025 11 05 02 16 7 107 4.60 6 619.1 0.00
2025 11 05 02 17 7 80 4.59 6 619.1 0.00
2025 11 05 02 18 7 93 4.64 6 619.1 0.00
2025 11 05 02 19 8 118 4.67 6 619.1 0.00
2025 11 05 02 20 8 42 4.71 6 619.1 0.00
2025 11 05 02 21 8 123 4.72 6 619.1 0.00
2025 11 05 02 22 8 112 4.75 6 619.1 0.00
2025 11 05 02 23 9 108 4.75 6 619.1 0.00
2025 11 05 02 24 8 108 4.77 6 619.0 0.00
2025 11 05 02 25 8 108 4.79 6 619.0 0.00
2025 11 05 02 26 7 107 4.79 6 619.0 0.00
2025 11 05 02 27 7 52 4.82 6 619.0 0.00
2025 11 05 02 28 7 130 4.84 6 619.0 0.00
2025 11 05 02 29 7 95 4.84 6 619.0 0.00
2025 11 05 02 30 8 93 4.86 6 619.0 0.00
2025 11 05 02 31 7 102 4.88 6 619.0 0.00
2025 11 05 02 32 6 92 4.90 6 619.0 0.00
2025 11 05 02 33 6 131 4.92 6 619.0 0.00
2025 11 05 02 34 7 125 4.93 6 619.0 0.00
2025 11 05 02 35 8 103 4.93 6 619.0 0.00
2025 11 05 02 36 7 95 4.95 6 619.0 0.00
2025 11 05 02 37 7 70 4.96 6 619.0 0.00
2025 11 05 02 38 7 116 4.97 6 619.0 0.00
2025 11 05 02 39 6 77 5.00 6 619.0 0.00
2025 11 05 02 40 7 109 4.98 6 619.0 0.00
2025 11 05 02 41 8 70 4.99 7 619.0 0.00
2025 11 05 02 42 6 115 5.01 6 619.0 0.00
2025 11 05 02 43 7 102 5.01 6 619.0 0.00
2025 11 05 02 44 7 0 5.02 6 619.0 0.00
2025 11 05 02 45 7 124 5.03 6 619.0 0.00
2025 11 05 02 46 7 135 5.04 6 619.0 0.00
2025 11 05 02 47 6 130 5.02 6 619.0 0.00
2025 11 05 02 48 7 105 5.01 7 619.0 0.00
2025 11 05 02 49 7 80 5.02 6 619.0 0.00
2025 11 05 02 50 7 96 5.03 6 619.0 0.00
2025 11 05 02 51 6 55 5.05 7 619.0 0.00
2025 11 05 02 52 7 146 5.07 7 619.0 0.00
2025 11 05 02 53 6 120 5.08 7 619.0 0.00
2025 11 05 02 54 6 132 5.11 7 619.0 0.00
2025 11 05 02 55 5 140 5.14 7 619.0 0.00
2025 11 05 02 56 6 161 5.18 7 618.9 0.00
2025 11 05 02 57 6 116 5.20 7 618.9 0.00
2025 11 05 02 58 5 131 5.21 7 618.9 0.00
2025 11 05 02 59 5 97 5.20 7 618.9 0.00
2025 11 05 03 00 5 123 5.20 7 618.9 0.00
2025 11 05 03 01 6 115 5.20 7 618.9 0.00
2025 11 05 03 02 6 105 5.20 7 618.9 0.00
2025 11 05 03 03 6 103 5.18 7 618.9 0.00
2025 11 05 03 04 7 179 5.18 7 618.9 0.00
2025 11 05 03 05 5 113 5.20 7 618.9 0.00
2025 11 05 03 06 6 136 5.20 7 618.9 0.00
2025 11 05 03 07 6 136 5.20 7 618.9 0.00
2025 11 05 03 08 6 153 5.19 7 618.9 0.00
2025 11 05 03 09 6 98 5.15 7 618.9 0.00
2025 11 05 03 10 6 125 5.13 7 618.9 0.00
2025 11 05 03 11 7 106 5.08 7 618.9 0.00
2025 11 05 03 12 7 97 5.01 6 618.9 0.00
2025 11 05 03 13 7 110 4.95 6 618.9 0.00
2025 11 05 03 14 7 120 4.92 6 618.9 0.00
2025 11 05 03 15 7 1 4.91 6 618.9 0.00
2025 11 05 03 16 7 116 4.87 6 618.9 0.00
2025 11 05 03 17 7 99 4.86 6 618.9 0.00
2025 11 05 03 18 7 86 4.86 7 618.9 0.00
2025 11 05 03 19 7 11 4.88 7 618.9 0.00
2025 11 05 03 20 7 109 4.89 7 618.9 0.00
2025 11 05 03 21 7 103 4.89 7 618.9 0.00
2025 11 05 03 22 7 91 4.89 8 618.9 0.00
2025 11 05 03 23 7 130 4.89 8 618.9 0.00
2025 11 05 03 24 7 89 4.92 8 618.9 0.00
2025 11 05 03 25 7 108 4.97 8 618.9 0.00
2025 11 05 03 26 7 125 5.04 8 618.8 0.00
2025 11 05 03 27 7 125 5.09 8 618.8 0.00
2025 11 05 03 28 7 100 5.15 8 618.8 0.00
2025 11 05 03 29 8 151 5.17 8 618.9 0.00
2025 11 05 03 30 8 2 5.16 8 618.9 0.00
2025 11 05 03 31 8 101 5.13 8 618.9 0.00
2025 11 05 03 32 7 117 5.12 8 618.9 0.00
2025 11 05 03 33 6 99 5.08 8 618.9 0.00
2025 11 05 03 34 7 121 5.09 8 618.9 0.00
2025 11 05 03 35 5 113 5.10 8 618.9 0.00
2025 11 05 03 36 6 128 5.08 8 618.9 0.00
2025 11 05 03 37 6 124 5.10 8 618.9 0.00
2025 11 05 03 38 7 41 5.07 8 618.9 0.00
2025 11 05 03 39 7 95 5.04 8 618.9 0.00
2025 11 05 03 40 7 111 5.01 8 618.9 0.00
2025 11 05 03 41 7 128 4.98 8 618.9 0.00
2025 11 05 03 42 7 104 4.95 8 618.9 0.00
2025 11 05 03 43 8 106 4.95 7 618.9 0.00
2025 11 05 03 44 7 107 4.93 8 618.9 0.00
2025 11 05 03 45 7 98 4.92 8 618.9 0.00
2025 11 05 03 46 7 126 4.93 8 618.9 0.00
2025 11 05 03 47 6 16 4.92 8 618.9 0.00
2025 11 05 03 48 6 105 4.95 8 618.9 0.00
2025 11 05 03 49 6 123 4.97 8 618.9 0.00
2025 11 05 03 50 6 106 4.98 8 618.9 0.00
2025 11 05 03 51 6 20 4.98 8 618.9 0.00
2025 11 05 03 52 6 104 4.98 8 618.9 0.00
2025 11 05 03 53 7 82 4.98 9 618.9 0.00
2025 11 05 03 54 7 9 4.99 9 618.9 0.00
2025 11 05 03 55 7 91 5.02 9 618.9 0.00
2025 11 05 03 56 6 99 5.03 9 618.9 0.00
2025 11 05 03 57 6 112 5.04 9 618.9 0.00
2025 11 05 03 58 7 121 5.04 9 618.9 0.00
2025 11 05 03 59 6 96 5.04 9 618.9 0.00
2025 11 05 04 00 7 13 5.05 9 618.9 0.00
2025 11 05 04 01 7 118 5.06 9 618.9 0.00
2025 11 05 04 02 6 103 5.08 9 618.9 0.00
2025 11 05 04 03 7 106 5.05 9 618.9 0.00
2025 11 05 04 04 6 11 5.06 9 618.9 0.00
2025 11 05 04 05 6 91 5.07 9 618.9 0.00
2025 11 05 04 06 6 116 5.04 9 619.0 0.00
2025 11 05 04 07 6 101 5.01 9 619.0 0.00
2025 11 05 04 08 6 119 5.01 9 619.0 0.00
2025 11 05 04 09 7 107 4.99 9 619.0 0.00
2025 11 05 04 10 7 116 4.97 9 619.0 0.00
2025 11 05 04 11 7 107 4.97 9 619.0 0.00
2025 11 05 04 12 7 117 4.93 9 619.0 0.00
2025 11 05 04 13 8 108 4.90 9 619.0 0.00
2025 11 05 04 14 7 111 4.89 9 619.0 0.00
2025 11 05 04 15 7 32 4.88 9 619.0 0.00
2025 11 05 04 16 7 105 4.86 9 619.0 0.00
2025 11 05 04 17 7 110 4.85 9 619.0 0.00
2025 11 05 04 18 7 107 4.84 9 619.0 0.00
2025 11 05 04 19 7 110 4.84 9 619.0 0.00
2025 11 05 04 20 7 104 4.83 9 619.0 0.00
2025 11 05 04 21 7 104 4.83 9 619.0 0.00
2025 11 05 04 22 7 103 4.84 9 618.9 0.00
2025 11 05 04 23 7 94 4.85 9 619.0 0.00
2025 11 05 04 24 7 118 4.84 9 618.9 0.00
2025 11 05 04 25 7 106 4.82 9 618.9 0.00
2025 11 05 04 26 7 106 4.82 9 618.9 0.00
2025 11 05 04 27 6 107 4.83 9 618.9 0.00
2025 11 05 04 28 7 98 4.78 9 619.0 0.00
2025 11 05 04 29 7 91 4.81 10 619.0 0.00
2025 11 05 04 30 6 98 4.84 10 619.0 0.00
2025 11 05 04 31 6 92 4.86 10 619.0 0.00
2025 11 05 04 32 7 122 4.86 10 619.0 0.00
2025 11 05 04 33 7 105 4.91 10 619.0 0.00
2025 11 05 04 34 5 127 4.97 11 619.0 0.00
2025 11 05 04 35 5 69 5.02 11 619.0 0.00
2025 11 05 04 36 5 114 5.07 11 619.0 0.00
2025 11 05 04 37 6 84 5.11 11 619.0 0.00
2025 11 05 04 38 7 92 5.11 10 619.0 0.00
2025 11 05 04 39 6 100 5.12 10 619.0 0.00
2025 11 05 04 40 5 92 5.13 10 619.0 0.00
2025 11 05 04 41 6 151 5.11 10 618.9 0.00
2025 11 05 04 42 7 115 5.13 10 618.9 0.00
2025 11 05 04 43 7 98 5.12 10 618.9 0.00
2025 11 05 04 44 6 105 5.10 10 618.9 0.00
2025 11 05 04 45 7 107 5.08 10 619.0 0.00
2025 11 05 04 46 7 130 5.09 10 618.9 0.00
2025 11 05 04 47 6 105 5.11 9 619.0 0.00
2025 11 05 04 48 6 111 5.09 9 619.0 0.00
2025 11 05 04 49 7 60 5.09 10 619.0 0.00
2025 11 05 04 50 6 14 5.11 12 619.0 0.00
2025 11 05 04 51 6 116 5.11 12 619.0 0.00
2025 11 05 04 52 7 109 5.11 12 619.0 0.00
2025 11 05 04 53 7 119 5.11 11 619.0 0.00
2025 11 05 04 54 7 102 5.08 10 619.0 0.00
2025 11 05 04 55 8 101 5.05 10 619.0 0.00
2025 11 05 04 56 8 108 5.01 9 619.0 0.00
2025 11 05 04 57 7 100 5.01 10 619.0 0.00
2025 11 05 04 58 8 97 5.00 10 619.0 0.00
2025 11 05 04 59 7 104 4.98 11 619.0 0.00
2025 11 05 05 00 8 77 4.96 11 619.0 0.00
2025 11 05 05 01 8 103 4.92 11 619.0 0.00
2025 11 05 05 02 8 103 4.91 11 619.0 0.00
2025 11 05 05 03 7 101 4.88 11 619.0 0.00
2025 11 05 05 04 8 103 4.88 10 619.0 0.00
2025 11 05 05 05 7 96 4.89 11 619.0 0.00
2025 11 05 05 06 8 117 4.92 12 619.0 0.00
2025 11 05 05 07 7 146 4.92 12 619.1 0.00
2025 11 05 05 08 5 102 4.95 11 619.1 0.00
2025 11 05 05 09 5 102 4.95 10 619.1 0.00
2025 11 05 05 10 6 79 5.00 11 619.1 0.00
2025 11 05 05 11 6 61 5.01 12 619.1 0.00
2025 11 05 05 12 5 106 5.04 12 619.1 0.00
2025 11 05 05 13 5 105 5.05 13 619.1 0.00
2025 11 05 05 14 5 107 5.08 12 619.1 0.00
2025 11 05 05 15 5 129 5.12 12 619.1 0.00
2025 11 05 05 16 5 6 5.16 12 619.1 0.00
2025 11 05 05 17 5 13 5.19 13 619.1 0.00
2025 11 05 05 18 5 94 5.19 12 619.1 0.00
2025 11 05 05 19 6 108 5.21 11 619.1 0.00
2025 11 05 05 20 6 133 5.15 10 619.1 0.00
2025 11 05 05 21 6 127 5.12 10 619.2 0.00
2025 11 05 05 22 6 107 5.10 10 619.2 0.00
2025 11 05 05 23 6 122 5.09 11 619.2 0.00
2025 11 05 05 24 5 85 5.10 11 619.2 0.00
2025 11 05 05 25 5 52 5.13 11 619.2 0.00
2025 11 05 05 26 5 121 5.14 11 619.2 0.00
2025 11 05 05 27 6 124 5.17 12 619.2 0.00
2025 11 05 05 28 6 126 5.17 12 619.2 0.00
2025 11 05 05 29 5 97 5.16 11 619.2 0.00
2025 11 05 05 30 3 89 5.16 11 619.2 0.00
2025 11 05 05 31 4 133 5.14 11 619.2 0.00
2025 11 05 05 32 5 123 5.13 10 619.2 0.00
2025 11 05 05 33 5 102 5.08 10 619.2 0.00
2025 11 05 05 34 5 123 5.08 10 619.3 0.00
2025 11 05 05 35 5 72 5.09 10 619.3 0.00
2025 11 05 05 36 6 170 5.09 10 619.2 0.00
2025 11 05 05 37 5 110 5.10 10 619.3 0.00
2025 11 05 05 38 6 118 5.04 10 619.3 0.00
2025 11 05 05 39 5 124 5.00 10 619.3 0.00
2025 11 05 05 40 5 103 5.01 10 619.3 0.00
2025 11 05 05 41 4 117 5.02 10 619.3 0.00
2025 11 05 05 42 4 110 5.03 10 619.3 0.00
2025 11 05 05 43 4 110 5.06 11 619.3 0.00
2025 11 05 05 44 4 157 5.10 11 619.4 0.00
2025 11 05 05 45 4 108 5.11 11 619.4 0.00
2025 11 05 05 46 3 91 5.12 11 619.4 0.00
2025 11 05 05 47 2 104 5.17 11 619.4 0.00
2025 11 05 05 48 3 160 5.21 12 619.4 0.00
2025 11 05 05 49 4 45 5.27 12 619.4 0.00
2025 11 05 05 50 4 120 5.30 12 619.4 0.00
2025 11 05 05 51 4 154 5.32 12 619.4 0.00
2025 11 05 05 52 4 63 5.32 12 619.4 0.00
2025 11 05 05 53 4 134 5.35 13 619.4 0.00
2025 11 05 05 54 3 152 5.35 13 619.4 0.00
2025 11 05 05 55 2 112 5.37 13 619.4 0.00
2025 11 05 05 56 3 131 5.38 14 619.4 0.00
2025 11 05 05 57 3 97 5.39 13 619.4 0.00
2025 11 05 05 58 3 109 5.41 13 619.4 0.00
2025 11 05 05 59 2 50 5.44 12 619.4 0.00
2025 11 05 06 00 4 99 5.45 12 619.4 0.00
2025 11 05 06 01 3 117 5.47 12 619.4 0.00
2025 11 05 06 02 2 1 5.47 13 619.4 0.00
2025 11 05 06 03 1 119 5.47 13 619.4 0.00
2025 11 05 06 04 2 244 5.50 12 619.4 0.00
2025 11 05 06 05 0 0 5.49 13 619.5 0.00
2025 11 05 06 06 1 95 5.48 13 619.4 0.00
2025 11 05 06 07 0 87 5.46 13 619.5 0.00
2025 11 05 06 08 0 131 5.46 12 619.5 0.00
2025 11 05 06 09 1 122 5.47 12 619.4 0.00
2025 11 05 06 10 1 124 5.48 12 619.4 0.00
2025 11 05 06 11 4 7 5.50 12 619.4 0.00
2025 11 05 06 12 3 157 5.51 11 619.4 0.00
2025 11 05 06 13 4 92 5.53 12 619.4 0.00
2025 11 05 06 14 2 132 5.54 11 619.4 0.00
2025 11 05 06 15 3 75 5.54 11 619.5 0.00
2025 11 05 06 16 4 177 5.56 11 619.5 0.00
2025 11 05 06 17 2 145 5.57 11 619.5 0.00
2025 11 05 06 18 2 152 5.59 12 619.5 0.00
2025 11 05 06 19 2 132 5.59 11 619.5 0.00
2025 11 05 06 20 2 38 5.58 11 619.5 0.00
2025 11 05 06 21 1 58 5.59 12 619.5 0.00
2025 11 05 06 22 1 161 5.58 12 619.5 0.00
2025 11 05 06 23 0 120 5.57 12 619.5 0.00
2025 11 05 06 24 1 188 5.55 13 619.5 0.00
2025 11 05 06 25 1 54 5.53 13 619.5 0.00
2025 11 05 06 26 0 148 5.52 12 619.5 0.00
2025 11 05 06 27 1 127 5.51 13 619.5 0.00
2025 11 05 06 28 1 154 5.49 12 619.5 0.00
2025 11 05 06 29 2 131 5.47 12 619.5 0.00
2025 11 05 06 30 2 107 5.50 12 619.5 0.00
2025 11 05 06 31 1 79 5.50 12 619.5 0.00
2025 11 05 06 32 1 105 5.51 12 619.5 0.00
2025 11 05 06 33 1 118 5.48 13 619.5 0.00
2025 11 05 06 34 1 149 5.47 13 619.5 0.00
2025 11 05 06 35 1 85 5.47 13 619.5 0.00
2025 11 05 06 36 1 145 5.50 13 619.5 0.00
2025 11 05 06 37 2 131 5.51 13 619.5 0.00
2025 11 05 06 38 2 154 5.51 13 619.5 0.00
2025 11 05 06 39 3 192 5.53 13 619.6 0.00
2025 11 05 06 40 2 90 5.52 13 619.6 0.00
2025 11 05 06 41 2 148 5.53 13 619.6 0.00
2025 11 05 06 42 1 200 5.53 13 619.6 0.00
2025 11 05 06 43 1 83 5.55 13 619.6 0.00
2025 11 05 06 44 1 21 5.54 13 619.6 0.00
2025 11 05 06 45 2 107 5.54 13 619.6 0.00
2025 11 05 06 46 3 127 5.57 13 619.6 0.00
2025 11 05 06 47 2 118 5.59 13 619.6 0.00
2025 11 05 06 48 3 173 5.59 13 619.6 0.00
2025 11 05 06 49 2 143 5.58 13 619.6 0.00
2025 11 05 06 50 1 108 5.59 13 619.6 0.00
2025 11 05 06 51 0 115 5.60 13 619.6 0.00
2025 11 05 06 52 1 99 5.62 13 619.6 0.00
2025 11 05 06 53 1 122 5.63 14 619.7 0.00
2025 11 05 06 54 0 123 5.61 13 619.7 0.00
2025 11 05 06 55 0 117 5.61 13 619.7 0.00
2025 11 05 06 56 1 116 5.62 13 619.7 0.00
2025 11 05 06 57 1 144 5.63 14 619.7 0.00
2025 11 05 06 58 2 159 5.66 12 619.7 0.00
2025 11 05 06 59 1 147 5.67 12 619.7 0.00
2025 11 05 07 00 1 160 5.70 12 619.7 0.00
2025 11 05 07 01 1 67 5.74 13 619.8 0.00
2025 11 05 07 02 0 28 5.79 13 619.8 0.00
2025 11 05 07 03 1 79 5.83 13 619.8 0.00
2025 11 05 07 04 1 182 5.84 13 619.8 0.00
2025 11 05 07 05 0 91 5.85 13 619.8 0.00
2025 11 05 07 06 0 130 5.87 13 619.8 0.00
2025 11 05 07 07 0 147 5.89 12 619.8 0.00
2025 11 05 07 08 0 105 5.90 12 619.8 0.00
2025 11 05 07 09 0 158 5.92 12 619.8 0.00
2025 11 05 07 10 0 122 5.94 12 619.8 0.00
2025 11 05 07 11 1 178 5.95 12 619.8 0.00
2025 11 05 07 12 0 159 5.95 12 619.8 0.00
2025 11 05 07 13 0 74 5.96 12 619.8 0.00
2025 11 05 07 14 0 75 5.96 12 619.8 0.00
2025 11 05 07 15 1 133 5.99 12 619.8 0.00
2025 11 05 07 16 0 110 6.00 12 619.8 0.00
2025 11 05 07 17 1 124 6.00 12 619.9 0.00
2025 11 05 07 18 0 74 5.98 12 619.9 0.00
2025 11 05 07 19 1 155 6.00 12 619.9 0.00
2025 11 05 07 20 1 120 6.02 12 619.9 0.00
2025 11 05 07 21 1 47 6.05 12 619.9 0.00
2025 11 05 07 22 1 2 6.08 11 620.0 0.00
2025 11 05 07 23 1 174 6.10 11 620.0 0.00
2025 11 05 07 24 0 145 6.10 11 620.0 0.00
2025 11 05 07 25 0 41 6.12 11 620.0 0.00
2025 11 05 07 26 0 179 6.15 11 620.0 0.00
2025 11 05 07 27 1 124 6.14 11 620.0 0.00
2025 11 05 07 28 1 96 6.15 11 620.0 0.00
2025 11 05 07 29 0 158 6.16 11 620.0 0.00
2025 11 05 07 30 0 148 6.18 10 620.0 0.00
2025 11 05 07 31 0 139 6.20 11 620.0 0.00
2025 11 05 07 32 1 107 6.24 11 620.0 0.00
2025 11 05 07 33 0 111 6.28 11 620.0 0.00
2025 11 05 07 34 1 146 6.33 11 620.0 0.00
2025 11 05 07 35 1 61 6.40 11 620.0 0.00
2025 11 05 07 36 1 138 6.53 12 620.0 0.00
2025 11 05 07 37 2 116 6.66 12 620.0 0.00
2025 11 05 07 38 2 169 6.76 12 620.0 0.00
2025 11 05 07 39 1 139 6.83 13 620.0 0.00
2025 11 05 07 40 1 125 6.86 12 620.0 0.00
2025 11 05 07 41 2 99 6.84 12 620.0 0.00
2025 11 05 07 42 0 171 6.81 11 620.1 0.00
2025 11 05 07 43 0 112 6.76 12 620.1 0.00
2025 11 05 07 44 1 126 6.74 12 620.1 0.00
2025 11 05 07 45 2 118 6.76 11 620.1 0.00
2025 11 05 07 46 2 236 6.78 11 620.1 0.00
2025 11 05 07 47 1 148 6.77 11 620.1 0.00
2025 11 05 07 48 2 145 6.75 12 620.1 0.00
2025 11 05 07 49 2 157 6.82 11 620.1 0.00
2025 11 05 07 50 2 107 6.83 11 620.1 0.00
2025 11 05 07 51 2 84 6.88 11 620.1 0.00
2025 11 05 07 52 6 107 6.97 12 620.2 0.00
2025 11 05 07 53 7 95 7.09 12 620.1 0.00
2025 11 05 07 54 7 99 7.17 12 620.2 0.00
2025 11 05 07 55 6 97 7.26 11 620.2 0.00
2025 11 05 07 56 8 108 7.32 11 620.2 0.00
2025 11 05 07 57 7 78 7.41 11 620.2 0.00
2025 11 05 07 58 7 89 7.48 11 620.2 0.00
2025 11 05 07 59 7 75 7.55 12 620.2 0.00
2025 11 05 08 00 8 108 7.66 12 620.2 0.00
2025 11 05 08 01 7 97 7.67 11 620.2 0.00
2025 11 05 08 02 8 153 7.71 11 620.2 0.00
2025 11 05 08 03 7 101 7.71 11 620.2 0.00
2025 11 05 08 04 7 108 7.72 11 620.2 0.00
2025 11 05 08 05 7 38 7.73 11 620.2 0.00
2025 11 05 08 06 6 90 7.82 11 620.2 0.00
2025 11 05 08 07 6 108 7.88 11 620.2 0.00
2025 11 05 08 08 7 108 7.88 11 620.2 0.00
2025 11 05 08 09 8 99 7.92 11 620.2 0.00
2025 11 05 08 10 7 153 7.93 12 620.2 0.00
2025 11 05 08 11 7 64 7.98 12 620.2 0.00
2025 11 05 08 12 9 108 7.97 12 620.2 0.00
2025 11 05 08 13 9 84 7.99 12 620.2 0.00
2025 11 05 08 14 9 90 8.00 11 620.2 0.00
2025 11 05 08 15 9 176 8.05 11 620.2 0.00
2025 11 05 08 16 8 68 8.04 11 620.2 0.00
2025 11 05 08 17 9 54 8.07 11 620.2 0.00
2025 11 05 08 18 8 105 8.13 11 620.3 0.00
2025 11 05 08 19 7 86 8.11 11 620.3 0.00
2025 11 05 08 20 7 87 8.20 11 620.3 0.00
2025 11 05 08 21 6 90 8.24 12 620.3 0.00
2025 11 05 08 22 8 81 8.35 11 620.3 0.00
2025 11 05 08 23 9 99 8.45 11 620.3 0.00
2025 11 05 08 24 9 98 8.45 11 620.3 0.00
2025 11 05 08 25 7 84 8.40 11 620.3 0.00
2025 11 05 08 26 7 133 8.41 12 620.3 0.00
2025 11 05 08 27 7 96 8.35 12 620.3 0.00
2025 11 05 08 28 7 84 8.33 11 620.3 0.00
2025 11 05 08 29 7 54 8.34 13 620.3 0.00
2025 11 05 08 30 7 91 8.26 12 620.3 0.00
2025 11 05 08 31 8 99 8.19 12 620.3 0.00
2025 11 05 08 32 9 94 8.20 12 620.3 0.00
2025 11 05 08 33 7 86 8.31 11 620.4 0.00
2025 11 05 08 34 9 81 8.30 12 620.4 0.00
2025 11 05 08 35 8 93 8.31 11 620.4 0.00
2025 11 05 08 36 8 98 8.38 11 620.4 0.00
2025 11 05 08 37 8 102 8.38 13 620.4 0.00
2025 11 05 08 38 7 71 8.31 14 620.4 0.00
2025 11 05 08 39 7 76 8.39 13 620.4 0.00
2025 11 05 08 40 8 93 8.37 13 620.4 0.00
2025 11 05 08 41 7 89 8.37 14 620.4 0.00
2025 11 05 08 42 6 93 8.41 13 620.4 0.00
2025 11 05 08 43 7 105 8.46 13 620.5 0.00
2025 11 05 08 44 6 79 8.44 14 620.5 0.00
2025 11 05 08 45 6 74 8.46 12 620.5 0.00
2025 11 05 08 46 7 84 8.63 13 620.5 0.00
2025 11 05 08 47 7 89 8.70 14 620.5 0.00
2025 11 05 08 48 9 96 8.69 14 620.5 0.00
2025 11 05 08 49 8 92 8.70 14 620.5 0.00
2025 11 05 08 50 5 84 8.62 14 620.5 0.00
2025 11 05 08 51 5 92 8.60 14 620.5 0.00
2025 11 05 08 52 5 84 8.70 14 620.5 0.00
2025 11 05 08 53 5 66 8.73 13 620.5 0.00
2025 11 05 08 54 6 64 8.77 12 620.5 0.00
2025 11 05 08 55 8 99 8.84 13 620.5 0.00
2025 11 05 08 56 8 89 8.90 14 620.5 0.00
2025 11 05 08 57 8 68 8.96 13 620.5 0.00
2025 11 05 08 58 7 62 9.05 13 620.5 0.00
2025 11 05 08 59 9 106 9.12 12 620.5 0.00
2025 11 05 09 00 6 70 9.00 12 620.6 0.00
2025 11 05 09 01 9 98 9.00 12 620.6 0.00
2025 11 05 09 02 7 79 9.08 12 620.6 0.00
2025 11 05 09 03 7 77 9.08 12 620.6 0.00
2025 11 05 09 04 8 79 9.02 12 620.6 0.00
2025 11 05 09 05 7 72 9.08 13 620.6 0.00
2025 11 05 09 06 7 65 9.05 13 620.6 0.00
2025 11 05 09 07 8 70 9.07 13 620.6 0.00
2025 11 05 09 08 8 54 9.10 13 620.6 0.00
2025 11 05 09 09 8 61 9.08 14 620.6 0.00
2025 11 05 09 10 9 87 9.13 14 620.6 0.00
2025 11 05 09 11 8 90 9.07 14 620.6 0.00
2025 11 05 09 12 7 78 9.07 14 620.6 0.00
2025 11 05 09 13 7 99 8.93 14 620.6 0.00
2025 11 05 09 14 8 53 8.93 14 620.6 0.00
2025 11 05 09 15 6 83 8.93 14 620.6 0.00
2025 11 05 09 16 8 74 8.93 14 620.6 0.00
2025 11 05 09 17 9 83 9.04 13 620.6 0.00
2025 11 05 09 18 9 82 9.03 13 620.6 0.00
2025 11 05 09 19 8 95 8.96 13 620.6 0.00
2025 11 05 09 20 8 61 8.88 14 620.6 0.00
2025 11 05 09 21 7 80 8.86 14 620.6 0.00
2025 11 05 09 22 5 106 8.88 14 620.6 0.00
2025 11 05 09 23 4 71 8.91 14 620.6 0.00
2025 11 05 09 24 7 65 8.95 14 620.6 0.00
2025 11 05 09 25 5 49 8.86 14 620.6 0.00
2025 11 05 09 26 9 79 8.84 14 620.6 0.00
2025 11 05 09 27 8 85 8.81 15 620.6 0.00
2025 11 05 09 28 4 178 8.74 14 620.6 0.00
2025 11 05 09 29 7 66 8.85 14 620.6 0.00
2025 11 05 09 30 7 50 8.77 15 620.6 0.00
2025 11 05 09 31 8 69 8.77 14 620.6 0.00
2025 11 05 09 32 5 78 8.71 14 620.6 0.00
2025 11 05 09 33 5 47 8.75 14 620.6 0.00
2025 11 05 09 34 6 66 8.78 13 620.6 0.00
2025 11 05 09 35 8 59 8.77 14 620.7 0.00
2025 11 05 09 36 8 70 8.78 15 620.7 0.00
2025 11 05 09 37 6 52 8.88 15 620.7 0.00
2025 11 05 09 38 7 50 8.90 15 620.7 0.00
2025 11 05 09 39 7 88 8.94 15 620.7 0.00
2025 11 05 09 40 6 64 8.90 14 620.7 0.00
2025 11 05 09 41 7 60 8.90 15 620.7 0.00
2025 11 05 09 42 9 44 8.83 14 620.7 0.00
2025 11 05 09 43 9 66 8.82 14 620.7 0.00
2025 11 05 09 44 8 55 8.90 15 620.7 0.00
2025 11 05 09 45 10 64 8.88 14 620.7 0.00
2025 11 05 09 46 11 90 8.84 15 620.7 0.00
2025 11 05 09 47 9 77 8.79 15 620.7 0.00
2025 11 05 09 48 8 93 8.71 14 620.7 0.00
2025 11 05 09 49 8 74 8.66 15 620.7 0.00
2025 11 05 09 50 9 69 8.65 14 620.7 0.00
2025 11 05 09 51 7 68 8.66 14 620.7 0.00
2025 11 05 09 52 10 80 8.63 16 620.7 0.00
2025 11 05 09 53 8 82 8.64 15 620.7 0.00
2025 11 05 09 54 8 64 8.67 15 620.7 0.00
2025 11 05 09 55 9 47 8.68 14 620.7 0.00
2025 11 05 09 56 8 58 8.78 14 620.7 0.00
2025 11 05 09 57 10 52 8.88 15 620.7 0.00
2025 11 05 09 58 12 56 8.91 14 620.7 0.00
2025 11 05 09 59 10 69 8.88 15 620.7 0.00
2025 11 05 10 00 9 81 8.86 14 620.7 0.00
2025 11 05 10 01 8 65 8.83 14 620.7 0.00
2025 11 05 10 02 11 45 8.84 15 620.7 0.00
2025 11 05 10 03 12 66 8.88 15 620.8 0.00
2025 11 05 10 04 9 91 8.87 15 620.8 0.00
2025 11 05 10 05 7 79 8.84 15 620.8 0.00
2025 11 05 10 06 8 75 8.88 14 620.8 0.00
2025 11 05 10 07 8 97 8.90 14 620.8 0.00
2025 11 05 10 08 8 61 9.02 14 620.8 0.00
2025 11 05 10 09 13 54 9.15 13 620.8 0.00
2025 11 05 10 10 12 87 9.10 14 620.8 0.00
2025 11 05 10 11 9 56 9.09 14 620.8 0.00
2025 11 05 10 12 10 58 9.17 15 620.7 0.00
2025 11 05 10 13 10 58 9.32 14 620.7 0.00
2025 11 05 10 14 10 63 9.47 14 620.7 0.00
2025 11 05 10 15 9 51 9.59 14 620.7 0.00
2025 11 05 10 16 11 65 9.58 14 620.7 0.00
2025 11 05 10 17 12 84 9.67 14 620.7 0.00
2025 11 05 10 18 12 55 9.79 14 620.7 0.00
2025 11 05 10 19 12 76 9.77 14 620.7 0.00
2025 11 05 10 20 11 106 9.74 13 620.7 0.00
2025 11 05 10 21 11 70 9.81 14 620.7 0.00
2025 11 05 10 22 11 84 9.80 14 620.7 0.00
2025 11 05 10 23 9 72 9.70 14 620.7 0.00
2025 11 05 10 24 9 89 9.64 13 620.7 0.00
2025 11 05 10 25 9 78 9.58 13 620.7 0.00
2025 11 05 10 26 8 43 9.55 13 620.7 0.00
2025 11 05 10 27 13 55 9.58 12 620.6 0.00
2025 11 05 10 28 9 72 9.57 13 620.6 0.00
2025 11 05 10 29 9 69 9.55 14 620.6 0.00
2025 11 05 10 30 10 69 9.59 14 620.6 0.00
2025 11 05 10 31 10 64 9.54 14 620.6 0.00
2025 11 05 10 32 9 41 9.49 13 620.6 0.00
2025 11 05 10 33 8 63 9.47 13 620.6 0.00
2025 11 05 10 34 8 89 9.41 12 620.6 0.00
2025 11 05 10 35 7 40 9.45 12 620.6 0.00
2025 11 05 10 36 12 42 9.36 13 620.6 0.00
2025 11 05 10 37 8 90 9.25 13 620.6 0.00
2025 11 05 10 38 8 89 9.23 13 620.6 0.00
2025 11 05 10 39 9 89 9.13 13 620.6 0.00
2025 11 05 10 40 9 45 9.14 14 620.6 0.00
2025 11 05 10 41 12 55 9.07 13 620.6 0.00
2025 11 05 10 42 10 83 8.95 14 620.6 0.00
2025 11 05 10 43 8 92 8.86 13 620.6 0.00
2025 11 05 10 44 8 69 8.87 14 620.6 0.00
2025 11 05 10 45 7 85 8.84 14 620.6 0.00
2025 11 05 10 46 11 79 8.91 13 620.6 0.00
2025 11 05 10 47 8 81 8.91 14 620.6 0.00
2025 11 05 10 48 8 80 8.87 14 620.6 0.00
2025 11 05 10 49 9 119 9.00 13 620.6 0.00
2025 11 05 10 50 9 100 9.06 12 620.6 0.00
2025 11 05 10 51 9 81 9.03 13 620.6 0.00
2025 11 05 10 52 7 90 9.01 13 620.6 0.00
2025 11 05 10 53 8 86 9.21 14 620.6 0.00
2025 11 05 10 54 9 71 9.28 14 620.6 0.00
2025 11 05 10 55 11 91 9.26 14 620.6 0.00
2025 11 05 10 56 9 74 9.34 14 620.6 0.00
2025 11 05 10 57 6 49 9.26 14 620.6 0.00
2025 11 05 10 58 11 54 9.13 14 620.5 0.00
2025 11 05 10 59 12 54 9.06 14 620.5 0.00
2025 11 05 11 00 12 55 9.09 12 620.5 0.00
2025 11 05 11 01 11 46 9.17 13 620.5 0.00
2025 11 05 11 02 10 52 9.21 14 620.5 0.00
2025 11 05 11 03 8 85 9.16 14 620.5 0.00
2025 11 05 11 04 7 111 9.13 13 620.5 0.00
2025 11 05 11 05 5 65 8.99 13 620.5 0.00
2025 11 05 11 06 6 53 8.92 13 620.5 0.00
2025 11 05 11 07 10 73 8.96 13 620.5 0.00
2025 11 05 11 08 9 87 9.03 13 620.5 0.00
2025 11 05 11 09 8 79 9.06 14 620.5 0.00
2025 11 05 11 10 7 54 9.11 14 620.5 0.00
2025 11 05 11 11 8 85 9.12 14 620.5 0.00
2025 11 05 11 12 9 52 9.14 13 620.5 0.00
2025 11 05 11 13 10 105 9.15 13 620.5 0.00
2025 11 05 11 14 7 49 9.14 13 620.5 0.00
2025 11 05 11 15 11 54 9.19 12 620.4 0.00
2025 11 05 11 16 14 65 9.23 13 620.4 0.00
2025 11 05 11 17 9 81 9.26 14 620.4 0.00
2025 11 05 11 18 10 49 9.32 12 620.4 0.00
2025 11 05 11 19 13 63 9.30 12 620.4 0.00
2025 11 05 11 20 9 93 9.32 13 620.4 0.00
2025 11 05 11 21 7 67 9.27 13 620.4 0.00
2025 11 05 11 22 8 72 9.22 13 620.4 0.00
2025 11 05 11 23 7 45 9.11 13 620.4 0.00
2025 11 05 11 24 8 73 9.00 14 620.4 0.00
2025 11 05 11 25 9 95 9.04 14 620.4 0.00
2025 11 05 11 26 7 69 9.08 14 620.4 0.00
2025 11 05 11 27 10 49 9.03 13 620.4 0.00
2025 11 05 11 28 8 68 8.98 13 620.4 0.00
2025 11 05 11 29 11 48 9.01 12 620.4 0.00
2025 11 05 11 30 12 50 8.98 13 620.4 0.00
2025 11 05 11 31 10 83 9.00 14 620.4 0.00
2025 11 05 11 32 8 53 8.96 13 620.3 0.00
2025 11 05 11 33 11 46 9.02 13 620.4 0.00
2025 11 05 11 34 12 42 8.86 13 620.3 0.00
2025 11 05 11 35 10 63 8.90 13 620.3 0.00
2025 11 05 11 36 9 67 8.90 14 620.3 0.00
2025 11 05 11 37 10 84 8.91 12 620.3 0.00
2025 11 05 11 38 11 51 8.95 12 620.3 0.00
2025 11 05 11 39 13 33 9.00 13 620.3 0.00
2025 11 05 11 40 10 37 8.93 13 620.3 0.00
2025 11 05 11 41 8 28 9.01 13 620.3 0.00
2025 11 05 11 42 12 73 9.06 13 620.3 0.00
2025 11 05 11 43 9 35 9.05 13 620.3 0.00
2025 11 05 11 44 10 20 9.15 13 620.2 0.00
2025 11 05 11 45 11 71 9.29 12 620.2 0.00
2025 11 05 11 46 11 59 9.30 13 620.3 0.00
2025 11 05 11 47 8 72 9.44 13 620.3 0.00
2025 11 05 11 48 10 55 9.53 13 620.2 0.00
2025 11 05 11 49 13 23 9.56 13 620.2 0.00
2025 11 05 11 50 10 50 9.51 13 620.2 0.00
2025 11 05 11 51 14 52 9.76 12 620.2 0.00
2025 11 05 11 52 11 78 9.93 12 620.2 0.00
2025 11 05 11 53 9 59 9.83 13 620.2 0.00
2025 11 05 11 54 11 43 9.90 12 620.2 0.00
2025 11 05 11 55 12 71 9.92 12 620.2 0.00
2025 11 05 11 56 9 66 9.88 13 620.2 0.00
2025 11 05 11 57 8 64 9.77 13 620.2 0.00
2025 11 05 11 58 7 64 9.64 13 620.2 0.00
2025 11 05 11 59 12 68 9.71 12 620.1 0.00
2025 11 05 12 00 10 54 9.57 13 620.1 0.00
2025 11 05 12 01 11 45 9.45 13 620.2 0.00
2025 11 05 12 02 12 87 9.41 12 620.1 0.00
2025 11 05 12 03 10 47 9.54 12 620.1 0.00
2025 11 05 12 04 14 42 9.70 12 620.1 0.00
2025 11 05 12 05 16 58 9.77 12 620.1 0.00
2025 11 05 12 06 12 56 9.67 12 620.1 0.00
2025 11 05 12 07 11 40 9.61 13 620.1 0.00
2025 11 05 12 08 14 46 9.61 13 620.1 0.00
2025 11 05 12 09 11 53 9.43 13 620.1 0.00
2025 11 05 12 10 9 58 9.31 13 620.1 0.00
2025 11 05 12 11 12 58 9.31 13 620.0 0.00
2025 11 05 12 12 10 40 9.34 13 620.0 0.00
2025 11 05 12 13 12 44 9.39 13 620.0 0.00
2025 11 05 12 14 9 50 9.33 13 620.0 0.00
2025 11 05 12 15 9 53 9.28 13 620.0 0.00
2025 11 05 12 16 8 69 9.19 13 620.0 0.00
2025 11 05 12 17 7 58 9.12 13 620.0 0.00
2025 11 05 12 18 10 29 9.27 13 620.0 0.00
2025 11 05 12 19 10 61 9.25 13 620.0 0.00
2025 11 05 12 20 10 55 9.24 13 620.0 0.00
2025 11 05 12 21 12 28 9.24 13 620.1 0.00
2025 11 05 12 22 9 58 9.25 13 620.1 0.00
2025 11 05 12 23 7 43 9.22 13 620.1 0.00
2025 11 05 12 24 9 34 9.21 13 620.1 0.00
2025 11 05 12 25 9 48 9.42 13 620.1 0.00
2025 11 05 12 26 8 48 9.33 13 620.1 0.00
2025 11 05 12 27 5 78 9.23 14 620.0 0.00
2025 11 05 12 28 6 36 9.30 13 620.0 0.00
2025 11 05 12 29 11 35 9.27 13 620.0 0.00
2025 11 05 12 30 7 43 9.16 14 620.0 0.00
2025 11 05 12 31 7 63 9.14 14 620.0 0.00
2025 11 05 12 32 5 60 9.04 14 620.0 0.00
2025 11 05 12 33 10 41 9.12 14 620.0 0.00
2025 11 05 12 34 10 49 9.09 14 620.0 0.00
2025 11 05 12 35 11 55 9.04 13 620.0 0.00
2025 11 05 12 36 11 25 8.96 13 620.0 0.00
2025 11 05 12 37 10 18 8.91 13 620.0 0.00
2025 11 05 12 38 10 39 8.96 13 620.0 0.00
2025 11 05 12 39 12 41 8.92 13 620.0 0.00
2025 11 05 12 40 13 67 9.07 13 619.9 0.00
2025 11 05 12 41 11 37 9.11 13 620.0 0.00
2025 11 05 12 42 10 44 9.03 13 620.0 0.00
2025 11 05 12 43 7 55 8.93 14 620.0 0.00
2025 11 05 12 44 5 37 8.94 13 620.0 0.00
2025 11 05 12 45 7 80 8.99 13 619.9 0.00
2025 11 05 12 46 9 37 9.10 13 619.9 0.00
2025 11 05 12 47 11 58 9.21 13 619.9 0.00
2025 11 05 12 48 10 55 9.11 13 619.9 0.00
2025 11 05 12 49 10 45 9.07 13 619.9 0.00
2025 11 05 12 50 14 53 9.18 12 619.8 0.00
2025 11 05 12 51 10 35 9.15 13 619.8 0.00
2025 11 05 12 52 12 72 9.07 12 619.8 0.00
2025 11 05 12 53 10 40 9.14 13 619.8 0.00
2025 11 05 12 54 10 41 9.10 13 619.8 0.00
2025 11 05 12 55 11 44 9.10 13 619.8 0.00
2025 11 05 12 56 12 72 9.05 13 619.8 0.00
2025 11 05 12 57 10 76 8.99 13 619.8 0.00
2025 11 05 13 00 12 81 8.90 13 619.8 0.00
2025 11 05 13 01 11 47 8.96 13 619.8 0.00
2025 11 05 13 02 10 46 8.87 13 619.8 0.00
2025 11 05 13 03 9 27 8.81 14 619.8 0.00
2025 11 05 13 04 10 37 8.87 14 619.8 0.00
2025 11 05 13 05 11 37 8.81 14 619.7 0.00
2025 11 05 13 06 9 45 8.94 14 619.8 0.00
2025 11 05 13 07 4 55 8.97 14 619.8 0.00
2025 11 05 13 08 7 59 9.19 14 619.8 0.00
2025 11 05 13 09 7 21 9.07 14 619.8 0.00
2025 11 05 13 10 8 59 9.02 13 619.7 0.00
2025 11 05 13 11 8 52 9.03 13 619.7 0.00
2025 11 05 13 12 9 36 9.05 13 619.7 0.00
2025 11 05 13 13 10 22 9.00 13 619.7 0.00
2025 11 05 13 14 5 59 8.89 13 619.7 0.00
2025 11 05 13 15 8 61 8.89 14 619.7 0.00
2025 11 05 13 16 13 45 8.93 14 619.7 0.00
2025 11 05 13 17 9 22 8.95 15 619.7 0.00
2025 11 05 13 18 7 48 8.91 14 619.7 0.00
2025 11 05 13 19 8 42 8.90 14 619.7 0.00
2025 11 05 13 20 7 48 8.88 13 619.7 0.00
2025 11 05 13 21 7 57 8.83 13 619.7 0.00
2025 11 05 13 22 8 59 8.79 14 619.7 0.00
2025 11 05 13 23 10 39 8.74 13 619.6 0.00
2025 11 05 13 24 10 56 8.63 13 619.6 0.00
2025 11 05 13 25 11 52 8.69 12 619.6 0.00
2025 11 05 13 26 9 51 8.64 13 619.6 0.00
2025 11 05 13 27 9 37 8.60 13 619.6 0.00
2025 11 05 13 28 9 74 8.62 14 619.6 0.00
2025 11 05 13 29 9 33 8.68 14 619.6 0.00
2025 11 05 13 30 11 54 8.64 14 619.6 0.00
2025 11 05 13 31 10 54 8.63 14 619.6 0.00
2025 11 05 13 32 8 71 8.61 14 619.6 0.00
2025 11 05 13 33 9 37 8.67 14 619.6 0.00
2025 11 05 13 34 11 53 8.75 14 619.6 0.00
2025 11 05 13 35 9 42 8.73 14 619.6 0.00
2025 11 05 13 36 8 48 8.65 14 619.6 0.00
2025 11 05 13 37 9 48 8.63 14 619.5 0.00
2025 11 05 13 38 9 69 8.67 14 619.5 0.00
2025 11 05 13 39 10 64 8.76 13 619.5 0.00
2025 11 05 13 40 7 52 8.74 13 619.5 0.00
2025 11 05 13 41 8 53 8.85 13 619.5 0.00
2025 11 05 13 42 9 58 8.92 13 619.5 0.00
2025 11 05 13 43 6 66 8.96 13 619.5 0.00
2025 11 05 13 44 8 58 8.97 12 619.5 0.00
2025 11 05 13 45 8 71 8.89 12 619.5 0.00
2025 11 05 13 46 7 53 8.85 13 619.5 0.00
2025 11 05 13 47 10 56 8.94 13 619.5 0.00
2025 11 05 13 48 10 58 8.82 13 619.5 0.00
2025 11 05 13 49 10 63 8.72 13 619.5 0.00
2025 11 05 13 50 10 39 8.90 13 619.5 0.00
2025 11 05 13 51 11 46 8.98 14 619.5 0.00
2025 11 05 13 52 10 48 8.96 13 619.5 0.00
2025 11 05 13 53 9 38 8.82 13 619.5 0.00
2025 11 05 13 54 8 39 8.68 13 619.5 0.00
2025 11 05 13 55 6 48 8.64 13 619.5 0.00
2025 11 05 13 56 11 71 8.62 14 619.5 0.00
2025 11 05 13 57 10 43 8.65 14 619.5 0.00
2025 11 05 13 58 7 68 8.62 14 619.5 0.00
2025 11 05 13 59 6 40 8.58 14 619.5 0.00
2025 11 05 14 00 8 67 8.67 14 619.5 0.00
2025 11 05 14 01 7 54 8.70 14 619.5 0.00
2025 11 05 14 02 5 61 8.66 14 619.4 0.00
2025 11 05 14 03 7 65 8.72 15 619.4 0.00
2025 11 05 14 04 4 82 8.60 15 619.4 0.00
2025 11 05 14 05 3 77 8.64 15 619.4 0.00
2025 11 05 14 06 2 96 8.76 20 619.4 0.00
2025 11 05 14 07 0 128 8.92 15 619.4 0.00
2025 11 05 14 08 0 88 8.78 14 619.4 0.00
2025 11 05 14 09 0 190 8.83 14 619.4 0.00
2025 11 05 14 10 0 168 8.78 14 619.4 0.00
2025 11 05 14 11 0 83 8.93 15 619.5 0.00
2025 11 05 14 12 0 62 9.04 14 619.5 0.00
2025 11 05 14 13 1 53 9.14 13 619.5 0.00
2025 11 05 14 14 4 35 9.03 14 619.5 0.00
2025 11 05 14 15 9 65 8.91 14 619.4 0.00
2025 11 05 14 16 8 48 8.82 15 619.4 0.00
2025 11 05 14 17 10 45 8.75 15 619.4 0.00
2025 11 05 14 18 8 93 8.63 16 619.4 0.00
2025 11 05 14 19 5 60 8.62 15 619.4 0.00
2025 11 05 14 20 7 42 8.64 15 619.4 0.00
2025 11 05 14 21 9 43 8.55 16 619.4 0.00
2025 11 05 14 22 6 52 8.40 15 619.4 0.00
2025 11 05 14 23 4 65 8.33 15 619.4 0.00
2025 11 05 14 24 2 87 8.32 15 619.4 0.00
2025 11 05 14 25 1 103 8.31 15 619.4 0.00
2025 11 05 14 26 0 84 8.41 15 619.4 0.00
2025 11 05 14 27 0 262 8.55 14 619.4 0.00
2025 11 05 14 28 0 86 8.81 13 619.4 0.00
2025 11 05 14 29 0 96 8.74 13 619.4 0.00
2025 11 05 14 30 0 198 8.67 14 619.4 0.00
2025 11 05 14 31 0 337 8.75 15 619.4 0.00
2025 11 05 14 32 2 75 8.94 15 619.4 0.00
2025 11 05 14 33 2 181 8.96 16 619.4 0.00
2025 11 05 14 34 0 262 9.00 17 619.4 0.00
2025 11 05 14 35 0 101 8.91 17 619.4 0.00
2025 11 05 14 36 0 231 9.12 24 619.4 0.00
2025 11 05 14 37 0 3 9.21 23 619.4 0.00
2025 11 05 14 38 0 236 9.22 19 619.4 0.00
2025 11 05 14 39 0 78 9.23 23 619.4 0.00
2025 11 05 14 40 2 38 9.16 14 619.4 0.00
2025 11 05 14 41 6 47 8.96 14 619.4 0.00
2025 11 05 14 42 8 48 8.98 15 619.4 0.00
2025 11 05 14 43 7 54 8.79 14 619.4 0.00
2025 11 05 14 44 4 58 8.63 15 619.4 0.00
2025 11 05 14 45 9 54 8.60 17 619.4 0.00
2025 11 05 14 46 12 44 8.37 16 619.4 0.00
2025 11 05 14 47 10 41 8.20 16 619.4 0.00
2025 11 05 14 48 9 43 8.09 15 619.3 0.00
2025 11 05 14 49 12 73 7.99 14 619.3 0.00
2025 11 05 14 50 12 52 7.90 15 619.3 0.00
2025 11 05 14 51 10 56 7.75 16 619.3 0.00
2025 11 05 14 52 9 58 7.64 16 619.3 0.00
2025 11 05 14 53 10 63 7.50 17 619.3 0.00
2025 11 05 14 54 8 55 7.35 16 619.3 0.00
2025 11 05 14 55 10 50 7.22 15 619.3 0.00
2025 11 05 14 56 11 44 7.15 17 619.3 0.00
2025 11 05 14 57 11 49 7.18 18 619.3 0.00
2025 11 05 14 58 11 65 7.21 17 619.3 0.00
2025 11 05 14 59 10 56 7.16 15 619.3 0.00
2025 11 05 15 00 10 61 7.05 15 619.4 0.00
2025 11 05 15 01 9 41 6.98 17 619.4 0.00
2025 11 05 15 02 9 65 6.96 17 619.4 0.00
2025 11 05 15 03 9 52 6.93 18 619.3 0.00
2025 11 05 15 04 7 67 6.88 16 619.4 0.00
2025 11 05 15 05 8 49 6.87 14 619.4 0.00
2025 11 05 15 06 8 77 6.86 14 619.4 0.00
2025 11 05 15 07 7 83 6.81 14 619.4 0.00
2025 11 05 15 08 8 73 6.85 16 619.4 0.00
2025 11 05 15 09 7 76 6.80 14 619.4 0.00
2025 11 05 15 10 6 80 6.73 14 619.4 0.00
2025 11 05 15 11 6 65 6.65 14 619.4 0.00
2025 11 05 15 12 6 80 6.57 13 619.4 0.00
2025 11 05 15 13 6 64 6.51 14 619.4 0.00
2025 11 05 15 14 9 52 6.53 13 619.4 0.00
2025 11 05 15 15 8 54 6.48 12 619.4 0.00
2025 11 05 15 16 6 53 6.45 13 619.4 0.00
2025 11 05 15 17 5 51 6.40 14 619.4 0.00
2025 11 05 15 18 7 59 6.42 14 619.4 0.00
2025 11 05 15 19 6 58 6.45 14 619.4 0.00
2025 11 05 15 20 8 51 6.50 14 619.4 0.00
2025 11 05 15 21 7 63 6.52 15 619.4 0.00
2025 11 05 15 22 5 71 6.55 15 619.4 0.00
2025 11 05 15 23 5 65 6.57 15 619.4 0.00
2025 11 05 15 24 3 76 6.57 14 619.4 0.00
2025 11 05 15 25 4 60 6.62 15 619.4 0.00
2025 11 05 15 26 6 76 6.67 16 619.4 0.00
2025 11 05 15 27 6 50 6.66 16 619.4 0.00
2025 11 05 15 28 8 57 6.72 17 619.4 0.00
2025 11 05 15 29 8 80 6.63 18 619.4 0.00
2025 11 05 15 30 8 77 6.52 18 619.4 0.00
2025 11 05 15 31 10 59 6.52 14 619.3 0.00
2025 11 05 15 32 9 57 6.57 13 619.4 0.00
2025 11 05 15 33 7 62 6.57 13 619.4 0.00
2025 11 05 15 34 7 62 6.58 16 619.4 0.00
2025 11 05 15 35 7 49 6.70 15 619.4 0.00
2025 11 05 15 36 9 84 6.69 11 619.4 0.00
2025 11 05 15 37 8 65 6.72 13 619.4 0.00
2025 11 05 15 38 9 77 6.78 14 619.4 0.00
2025 11 05 15 39 8 65 6.77 13 619.4 0.00
2025 11 05 15 40 6 67 6.72 13 619.4 0.00
2025 11 05 15 41 6 63 6.63 16 619.4 0.00
2025 11 05 15 42 6 74 6.59 16 619.4 0.00
2025 11 05 15 43 5 88 6.52 17 619.4 0.00
2025 11 05 15 44 4 84 6.45 16 619.4 0.00
2025 11 05 15 45 5 69 6.38 15 619.4 0.00
2025 11 05 15 46 8 55 6.34 14 619.4 0.00
2025 11 05 15 47 8 50 6.34 15 619.4 0.00
2025 11 05 15 48 8 62 6.33 14 619.4 0.00
2025 11 05 15 49 6 83 6.34 14 619.4 0.00
2025 11 05 15 50 4 72 6.38 15 619.4 0.00
2025 11 05 15 51 2 105 6.39 15 619.4 0.00
2025 11 05 15 52 0 72 6.43 15 619.4 0.00
2025 11 05 15 53 4 78 6.43 16 619.4 0.00
2025 11 05 15 54 5 64 6.48 16 619.4 0.00
2025 11 05 15 55 6 81 6.53 16 619.4 0.00
2025 11 05 15 56 6 68 6.52 16 619.4 0.00
2025 11 05 15 57 7 58 6.51 17 619.4 0.00
2025 11 05 15 58 7 79 6.51 17 619.4 0.00
2025 11 05 15 59 5 72 6.47 16 619.4 0.00
2025 11 05 16 00 5 77 6.44 15 619.4 0.00
2025 11 05 16 01 6 71 6.35 13 619.4 0.00
2025 11 05 16 02 7 40 6.30 15 619.4 0.00
2025 11 05 16 03 7 53 6.38 15 619.4 0.00
2025 11 05 16 04 6 71 6.42 14 619.4 0.00
2025 11 05 16 05 5 59 6.48 15 619.4 0.00
2025 11 05 16 06 7 73 6.44 15 619.4 0.00
2025 11 05 16 07 7 58 6.44 14 619.4 0.00
2025 11 05 16 08 7 57 6.42 15 619.4 0.00
2025 11 05 16 09 7 61 6.42 13 619.5 0.00
2025 11 05 16 10 5 76 6.37 14 619.4 0.00
2025 11 05 16 11 5 74 6.28 16 619.4 0.00
2025 11 05 16 12 6 59 6.16 18 619.4 0.00
2025 11 05 16 13 6 71 6.08 18 619.4 0.00
2025 11 05 16 14 5 76 6.00 18 619.5 0.00
2025 11 05 16 15 5 82 5.90 18 619.5 0.00
2025 11 05 16 16 5 75 5.84 16 619.4 0.00
2025 11 05 16 17 6 61 5.81 14 619.5 0.00
2025 11 05 16 18 5 51 5.78 16 619.5 0.00
2025 11 05 16 19 7 64 5.70 18 619.5 0.00
2025 11 05 16 20 6 70 5.61 17 619.5 0.00
2025 11 05 16 21 6 71 5.48 18 619.5 0.00
2025 11 05 16 22 7 58 5.37 18 619.5 0.00
2025 11 05 16 23 9 52 5.34 16 619.5 0.00
2025 11 05 16 24 9 57 5.35 17 619.4 0.00
2025 11 05 16 25 8 81 5.33 16 619.5 0.00
2025 11 05 16 26 7 63 5.31 17 619.5 0.00
2025 11 05 16 27 6 80 5.21 18 619.5 0.00
2025 11 05 16 28 7 72 5.15 16 619.5 0.00
2025 11 05 16 29 7 72 5.10 18 619.5 0.00
2025 11 05 16 30 7 58 4.98 19 619.5 0.00
2025 11 05 16 31 9 27 4.95 18 619.4 0.00
2025 11 05 16 32 8 69 5.01 16 619.5 0.00
2025 11 05 16 33 8 58 4.93 19 619.5 0.00
2025 11 05 16 34 10 48 4.93 17 619.5 0.00
2025 11 05 16 35 10 47 5.07 14 619.5 0.00
2025 11 05 16 36 11 42 5.15 15 619.5 0.00
2025 11 05 16 37 11 57 5.24 14 619.5 0.00
2025 11 05 16 38 10 61 5.32 14 619.5 0.00
2025 11 05 16 39 10 51 5.36 14 619.5 0.00
2025 11 05 16 40 11 64 5.40 14 619.5 0.00
2025 11 05 16 41 9 44 5.36 15 619.5 0.00
2025 11 05 16 42 10 64 5.32 14 619.5 0.00
2025 11 05 16 43 9 62 5.18 16 619.5 0.00
2025 11 05 16 44 9 59 5.01 17 619.5 0.00
2025 11 05 16 45 11 57 4.86 16 619.5 0.00
2025 11 05 16 46 11 53 4.90 14 619.5 0.00
2025 11 05 16 47 10 48 4.87 14 619.5 0.00
2025 11 05 16 48 12 66 4.86 12 619.5 0.00
2025 11 05 16 49 11 58 4.87 13 619.5 0.00
2025 11 05 16 50 11 54 4.82 13 619.5 0.00
2025 11 05 16 51 11 51 4.78 13 619.5 0.00
2025 11 05 16 52 10 51 4.72 15 619.5 0.00
2025 11 05 16 53 10 52 4.65 14 619.5 0.00
2025 11 05 16 54 10 58 4.57 15 619.5 0.00
2025 11 05 16 55 10 54 4.46 16 619.5 0.00
2025 11 05 16 56 10 61 4.30 18 619.5 0.00
2025 11 05 16 57 9 55 4.18 17 619.5 0.00
2025 11 05 16 58 9 51 4.05 18 619.5 0.00
2025 11 05 16 59 9 62 3.95 19 619.6 0.00
2025 11 05 17 00 9 64 3.84 18 619.6 0.00
2025 11 05 17 01 8 56 3.76 20 619.6 0.00
2025 11 05 17 02 11 47 3.72 17 619.6 0.00
2025 11 05 17 03 13 52 3.75 16 619.6 0.00
2025 11 05 17 04 9 64 3.74 17 619.6 0.00
2025 11 05 17 05 9 61 3.66 20 619.6 0.00
2025 11 05 17 06 8 58 3.58 20 619.6 0.00
2025 11 05 17 07 10 44 3.51 19 619.6 0.00
2025 11 05 17 08 10 52 3.51 18 619.6 0.00
2025 11 05 17 09 9 55 3.46 19 619.6 0.00
2025 11 05 17 10 11 50 3.41 19 619.6 0.00
2025 11 05 17 11 11 68 3.39 18 619.6 0.00
2025 11 05 17 12 10 54 3.35 20 619.6 0.00
2025 11 05 17 13 12 61 3.30 20 619.6 0.00
2025 11 05 17 14 14 58 3.30 18 619.6 0.00
2025 11 05 17 15 16 65 3.36 16 619.6 0.00
2025 11 05 17 16 12 64 3.39 18 619.6 0.00
2025 11 05 17 17 13 50 3.36 18 619.6 0.00
2025 11 05 17 18 16 59 3.44 16 619.6 0.00
2025 11 05 17 19 14 56 3.50 17 619.6 0.00
2025 11 05 17 20 14 53 3.48 18 619.6 0.00
2025 11 05 17 21 16 52 3.51 16 619.6 0.00
2025 11 05 17 22 12 77 3.54 17 619.7 0.00
2025 11 05 17 23 13 69 3.46 20 619.6 0.00
2025 11 05 17 24 13 59 3.42 17 619.7 0.00
2025 11 05 17 25 13 55 3.38 19 619.7 0.00
2025 11 05 17 26 13 58 3.29 20 619.7 0.00
2025 11 05 17 27 13 54 3.22 19 619.7 0.00
2025 11 05 17 28 13 58 3.11 21 619.7 0.00
2025 11 05 17 29 11 61 2.99 21 619.8 0.00
2025 11 05 17 30 11 53 2.86 22 619.8 0.00
2025 11 05 17 31 14 42 2.80 19 619.7 0.00
2025 11 05 17 32 14 52 2.86 18 619.7 0.00
2025 11 05 17 33 16 55 2.87 17 619.7 0.00
2025 11 05 17 34 15 62 2.92 17 619.7 0.00
2025 11 05 17 35 17 53 2.95 17 619.7 0.00
2025 11 05 17 36 20 53 3.10 14 619.7 0.00
2025 11 05 17 37 17 61 3.27 15 619.8 0.00
2025 11 05 17 38 16 54 3.34 15 619.8 0.00
2025 11 05 17 39 14 56 3.37 17 619.8 0.00
2025 11 05 17 40 15 49 3.37 18 619.8 0.00
2025 11 05 17 41 17 49 3.37 17 619.8 0.00
2025 11 05 17 42 17 43 3.43 17 619.8 0.00
2025 11 05 17 43 13 61 3.42 18 619.8 0.00
2025 11 05 17 44 17 49 3.39 16 619.8 0.00
2025 11 05 17 45 18 47 3.48 14 619.8 0.00
2025 11 05 17 46 16 42 3.50 16 619.8 0.00
2025 11 05 17 47 16 53 3.51 16 619.8 0.00
2025 11 05 17 48 14 45 3.48 17 619.8 0.00
2025 11 05 17 49 16 53 3.43 18 619.8 0.00
2025 11 05 17 50 15 48 3.38 18 619.8 0.00
2025 11 05 17 51 18 44 3.35 17 619.8 0.00
2025 11 05 17 52 18 36 3.38 16 619.8 0.00
2025 11 05 17 53 14 52 3.30 19 619.9 0.00
2025 11 05 17 54 16 48 3.23 18 619.9 0.00
2025 11 05 17 55 17 51 3.22 18 619.9 0.00
2025 11 05 17 56 16 50 3.22 17 619.9 0.00
2025 11 05 17 57 16 56 3.18 19 619.9 0.00
2025 11 05 17 58 15 61 3.11 20 619.9 0.00
2025 11 05 17 59 14 50 2.99 21 619.9 0.00
2025 11 05 18 00 13 51 2.85 21 619.9 0.00
2025 11 05 18 01 12 67 2.72 22 619.9 0.00
2025 11 05 18 02 14 67 2.56 22 619.9 0.00
2025 11 05 18 03 13 54 2.48 22 620.0 0.00
2025 11 05 18 04 11 64 2.39 22 620.0 0.00
2025 11 05 18 05 12 48 2.27 23 620.0 0.00
2025 11 05 18 06 10 51 2.16 23 620.0 0.00
2025 11 05 18 07 13 51 2.09 23 620.0 0.00
2025 11 05 18 08 12 51 2.09 22 620.0 0.00
2025 11 05 18 09 13 56 2.14 22 620.0 0.00
2025 11 05 18 10 14 57 2.20 21 620.0 0.00
2025 11 05 18 11 15 43 2.24 22 620.0 0.00
2025 11 05 18 12 14 50 2.33 22 620.0 0.00
2025 11 05 18 13 13 49 2.38 22 620.0 0.00
2025 11 05 18 14 15 52 2.45 20 620.0 0.00
2025 11 05 18 15 14 50 2.56 20 620.0 0.00
2025 11 05 18 16 13 46 2.63 21 620.0 0.00
2025 11 05 18 17 14 52 2.70 19 620.0 0.00
2025 11 05 18 18 16 55 2.73 20 620.0 0.00
2025 11 05 18 19 18 51 2.82 17 619.9 0.00
2025 11 05 18 20 18 51 2.88 18 619.9 0.00
2025 11 05 18 21 17 52 2.98 18 620.0 0.00
2025 11 05 18 22 15 54 2.96 19 620.0 0.00
2025 11 05 18 23 16 49 2.98 18 620.0 0.00
2025 11 05 18 24 16 51 3.02 19 620.0 0.00
2025 11 05 18 25 18 52 3.05 19 620.0 0.00
2025 11 05 18 26 16 44 3.08 19 620.0 0.00
2025 11 05 18 27 13 59 3.09 19 620.1 0.00
2025 11 05 18 28 13 40 3.10 19 620.1 0.00
2025 11 05 18 29 15 51 3.04 20 620.1 0.00
2025 11 05 18 30 16 51 3.01 21 620.1 0.00
2025 11 05 18 31 15 44 3.00 20 620.1 0.00
2025 11 05 18 32 16 43 3.02 19 620.1 0.00
2025 11 05 18 33 17 48 3.09 17 620.0 0.00
2025 11 05 18 34 21 48 3.16 16 620.0 0.00
2025 11 05 18 35 21 46 3.20 17 620.0 0.00
2025 11 05 18 36 21 48 3.28 16 620.0 0.00
2025 11 05 18 37 19 40 3.35 17 620.0 0.00
2025 11 05 18 38 20 50 3.37 17 620.0 0.00
2025 11 05 18 39 19 42 3.38 18 620.0 0.00
2025 11 05 18 40 18 52 3.34 19 620.1 0.00
2025 11 05 18 41 19 50 3.27 20 620.0 0.00
2025 11 05 18 42 21 51 3.19 20 620.0 0.00
2025 11 05 18 43 21 51 3.10 20 620.0 0.00
2025 11 05 18 44 19 53 3.01 21 620.1 0.00
2025 11 05 18 45 17 57 2.90 21 620.1 0.00
2025 11 05 18 46 15 55 2.82 21 620.1 0.00
2025 11 05 18 47 17 50 2.73 21 620.1 0.00
2025 11 05 18 48 17 39 2.65 21 620.2 0.00
2025 11 05 18 49 16 54 2.62 20 620.2 0.00
2025 11 05 18 50 17 52 2.58 21 620.2 0.00
2025 11 05 18 51 17 55 2.58 21 620.2 0.00
2025 11 05 18 52 16 51 2.58 21 620.2 0.00
2025 11 05 18 53 17 49 2.55 21 620.2 0.00
2025 11 05 18 54 19 55 2.54 21 620.2 0.00
2025 11 05 18 55 21 63 2.58 20 620.2 0.00
2025 11 05 18 56 17 54 2.64 21 620.2 0.00
2025 11 05 18 57 17 48 2.59 21 620.2 0.00
2025 11 05 18 58 16 52 2.57 21 620.2 0.00
2025 11 05 18 59 18 56 2.55 20 620.2 0.00
2025 11 05 19 00 14 47 2.54 21 620.2 0.00
2025 11 05 19 01 17 52 2.50 21 620.2 0.00
2025 11 05 19 02 20 61 2.49 21 620.3 0.00
2025 11 05 19 03 19 57 2.49 21 620.3 0.00
2025 11 05 19 04 19 55 2.47 21 620.3 0.00
2025 11 05 19 05 19 52 2.46 21 620.3 0.00
2025 11 05 19 06 19 59 2.50 19 620.3 0.00
2025 11 05 19 07 15 51 2.52 20 620.3 0.00
2025 11 05 19 08 17 55 2.45 21 620.3 0.00
2025 11 05 19 09 20 51 2.44 22 620.3 0.00
2025 11 05 19 10 18 49 2.41 21 620.3 0.00
2025 11 05 19 11 20 48 2.37 22 620.4 0.00
2025 11 05 19 12 18 52 2.37 22 620.4 0.00
2025 11 05 19 13 16 53 2.33 22 620.4 0.00
2025 11 05 19 14 17 49 2.23 22 620.3 0.00
2025 11 05 19 15 19 49 2.14 22 620.3 0.00
2025 11 05 19 16 19 70 2.09 22 620.3 0.00
2025 11 05 19 17 18 61 2.08 22 620.4 0.00
2025 11 05 19 18 17 54 2.04 22 620.4 0.00
2025 11 05 19 19 16 53 1.97 23 620.3 0.00
2025 11 05 19 20 20 59 1.89 22 620.3 0.00
2025 11 05 19 21 20 56 1.83 22 620.4 0.00
2025 11 05 19 22 18 54 1.80 23 620.4 0.00
2025 11 05 19 23 18 38 1.76 22 620.4 0.00
2025 11 05 19 24 17 48 1.75 23 620.4 0.00
2025 11 05 19 25 19 58 1.73 23 620.4 0.00
2025 11 05 19 26 20 55 1.73 23 620.4 0.00
2025 11 05 19 27 18 50 1.73 23 620.4 0.00
2025 11 05 19 28 16 58 1.70 23 620.5 0.00
2025 11 05 19 29 19 50 1.68 22 620.5 0.00
2025 11 05 19 30 18 58 1.74 22 620.5 0.00
2025 11 05 19 31 19 48 1.74 22 620.5 0.00
2025 11 05 19 32 20 54 1.79 21 620.5 0.00
2025 11 05 19 33 19 43 1.95 20 620.5 0.00
2025 11 05 19 34 19 56 2.11 20 620.5 0.00
2025 11 05 19 35 19 54 2.13 22 620.4 0.00
2025 11 05 19 36 21 51 2.17 20 620.4 0.00
2025 11 05 19 37 20 51 2.29 19 620.5 0.00
2025 11 05 19 38 19 52 2.36 20 620.5 0.00
2025 11 05 19 39 18 52 2.34 21 620.5 0.00
2025 11 05 19 40 19 63 2.33 21 620.5 0.00
2025 11 05 19 41 20 51 2.33 20 620.5 0.00
2025 11 05 19 42 19 48 2.33 21 620.5 0.00
2025 11 05 19 43 17 52 2.36 20 620.6 0.00
2025 11 05 19 44 16 55 2.34 20 620.6 0.00
2025 11 05 19 45 16 52 2.30 21 620.6 0.00
2025 11 05 19 46 16 53 2.26 21 620.6 0.00
2025 11 05 19 47 15 49 2.26 21 620.6 0.00
2025 11 05 19 48 15 50 2.19 22 620.6 0.00
2025 11 05 19 49 18 51 2.13 22 620.5 0.00
2025 11 05 19 50 18 49 2.07 22 620.5 0.00
2025 11 05 19 51 19 53 2.06 21 620.5 0.00
2025 11 05 19 52 19 51 2.11 20 620.6 0.00
2025 11 05 19 53 17 55 2.16 20 620.6 0.00
2025 11 05 19 54 18 55 2.16 21 620.5 0.00
2025 11 05 19 55 19 55 2.17 21 620.5 0.00
2025 11 05 19 56 19 57 2.15 21 620.6 0.00
2025 11 05 19 57 19 55 2.14 20 620.6 0.00
2025 11 05 19 58 19 52 2.15 21 620.6 0.00
2025 11 05 19 59 19 49 2.16 20 620.6 0.00
2025 11 05 20 00 22 54 2.30 16 620.6 0.00
2025 11 05 20 01 20 42 2.40 19 620.6 0.00
2025 11 05 20 02 21 52 2.39 19 620.6 0.00
2025 11 05 20 03 22 50 2.54 15 620.6 0.00
2025 11 05 20 04 22 50 2.66 15 620.6 0.00
2025 11 05 20 05 21 48 2.77 15 620.7 0.00
2025 11 05 20 06 22 50 2.85 15 620.7 0.00
2025 11 05 20 07 20 49 2.88 16 620.7 0.00
2025 11 05 20 08 20 52 2.86 16 620.6 0.00
2025 11 05 20 09 21 57 2.84 16 620.6 0.00
2025 11 05 20 10 21 56 2.93 15 620.6 0.00
2025 11 05 20 11 22 48 3.01 14 620.6 0.00
2025 11 05 20 12 19 51 3.03 15 620.6 0.00
2025 11 05 20 13 19 56 2.98 16 620.6 0.00
2025 11 05 20 14 22 53 2.96 15 620.6 0.00
2025 11 05 20 15 20 49 3.02 15 620.7 0.00
2025 11 05 20 16 19 52 3.00 16 620.7 0.00
2025 11 05 20 17 19 58 2.92 17 620.7 0.00
2025 11 05 20 18 20 50 2.89 17 620.7 0.00
2025 11 05 20 19 19 46 2.94 15 620.7 0.00
2025 11 05 20 20 16 55 2.95 17 620.7 0.00
2025 11 05 20 21 16 50 2.83 19 620.7 0.00
2025 11 05 20 22 16 58 2.71 19 620.8 0.00
2025 11 05 20 23 16 48 2.59 20 620.8 0.00
2025 11 05 20 24 18 49 2.49 19 620.8 0.00
2025 11 05 20 25 17 55 2.48 18 620.8 0.00
2025 11 05 20 26 16 59 2.43 20 620.8 0.00
2025 11 05 20 27 20 51 2.40 18 620.8 0.00
2025 11 05 20 28 19 50 2.45 17 620.8 0.00
2025 11 05 20 29 18 50 2.48 17 620.8 0.00
2025 11 05 20 30 17 61 2.51 17 620.8 0.00
2025 11 05 20 31 20 51 2.56 16 620.8 0.00
2025 11 05 20 32 21 54 2.64 15 620.8 0.00
2025 11 05 20 33 24 53 2.85 14 620.8 0.00
2025 11 05 20 34 23 48 3.09 13 620.8 0.00
2025 11 05 20 35 20 56 3.21 14 620.8 0.00
2025 11 05 20 36 18 54 3.22 15 620.9 0.00
2025 11 05 20 37 16 64 3.16 16 620.9 0.00
2025 11 05 20 38 18 53 3.02 17 620.9 0.00
2025 11 05 20 39 19 53 2.93 17 620.9 0.00
2025 11 05 20 40 21 54 2.92 15 620.9 0.00
2025 11 05 20 41 20 51 2.97 14 620.9 0.00
2025 11 05 20 42 18 52 2.94 16 620.9 0.00
2025 11 05 20 43 18 55 2.85 17 620.9 0.00
2025 11 05 20 44 17 56 2.74 19 620.9 0.00
2025 11 05 20 45 18 49 2.59 19 620.9 0.00
2025 11 05 20 46 19 55 2.52 18 620.9 0.00
2025 11 05 20 47 21 49 2.50 17 620.9 0.00
2025 11 05 20 48 20 41 2.52 17 620.9 0.00
2025 11 05 20 49 18 48 2.54 17 620.9 0.00
2025 11 05 20 50 18 44 2.48 18 621.0 0.00
2025 11 05 20 51 17 55 2.46 18 620.9 0.00
2025 11 05 20 52 19 56 2.36 20 620.9 0.00
2025 11 05 20 53 19 50 2.37 16 620.9 0.00
2025 11 05 20 54 20 51 2.48 15 620.9 0.00
2025 11 05 20 55 20 37 2.55 15 620.9 0.00
2025 11 05 20 56 18 40 2.66 15 620.9 0.00
2025 11 05 20 57 19 39 2.62 18 620.9 0.00
2025 11 05 20 58 19 50 2.57 18 620.9 0.00
2025 11 05 20 59 19 64 2.47 19 620.9 0.00
2025 11 05 21 00 21 51 2.44 17 620.9 0.00
2025 11 05 21 01 22 50 2.45 17 620.9 0.00
2025 11 05 21 02 21 50 2.50 15 620.9 0.00
2025 11 05 21 03 20 51 2.56 16 620.9 0.00
2025 11 05 21 04 22 54 2.50 18 620.9 0.00
2025 11 05 21 05 21 59 2.48 18 620.9 0.00
2025 11 05 21 06 21 57 2.45 18 620.8 0.00
2025 11 05 21 07 22 52 2.44 17 620.9 0.00
2025 11 05 21 08 21 54 2.49 16 620.9 0.00
2025 11 05 21 09 21 44 2.49 17 620.9 0.00
2025 11 05 21 10 21 56 2.48 17 620.9 0.00
2025 11 05 21 11 22 53 2.43 19 620.9 0.00
2025 11 05 21 12 23 51 2.42 17 620.9 0.00
2025 11 05 21 13 20 57 2.38 19 620.9 0.00
2025 11 05 21 14 21 58 2.29 20 621.0 0.00
2025 11 05 21 15 21 56 2.22 19 620.9 0.00
2025 11 05 21 16 21 51 2.19 18 621.0 0.00
2025 11 05 21 17 22 56 2.21 17 620.9 0.00
2025 11 05 21 18 22 57 2.29 16 620.9 0.00
2025 11 05 21 19 20 53 2.33 17 620.9 0.00
2025 11 05 21 20 23 54 2.34 17 620.9 0.00
2025 11 05 21 21 21 52 2.37 17 620.9 0.00
2025 11 05 21 22 20 57 2.31 19 620.9 0.00
2025 11 05 21 23 21 51 2.25 19 620.9 0.00
2025 11 05 21 24 22 51 2.20 19 620.9 0.00
2025 11 05 21 25 21 50 2.16 18 620.9 0.00
2025 11 05 21 26 22 51 2.13 18 620.9 0.00
2025 11 05 21 27 21 59 2.07 19 620.9 0.00
2025 11 05 21 28 22 54 2.05 18 620.9 0.00
2025 11 05 21 29 22 52 2.04 19 620.9 0.00
2025 11 05 21 30 22 49 2.06 18 620.9 0.00
2025 11 05 21 31 22 43 2.08 18 620.9 0.00
2025 11 05 21 32 22 46 2.14 17 620.9 0.00
2025 11 05 21 33 21 50 2.15 17 620.9 0.00
2025 11 05 21 34 21 47 2.27 15 620.9 0.00
2025 11 05 21 35 21 52 2.31 16 620.9 0.00
2025 11 05 21 36 21 51 2.34 17 620.9 0.00
2025 11 05 21 37 21 55 2.32 17 620.9 0.00
2025 11 05 21 38 21 47 2.34 16 620.9 0.00
2025 11 05 21 39 21 44 2.31 18 620.9 0.00
2025 11 05 21 40 20 42 2.39 15 620.9 0.00
2025 11 05 21 41 20 43 2.42 16 621.0 0.00
2025 11 05 21 42 19 38 2.41 17 621.0 0.00
2025 11 05 21 43 16 37 2.40 17 621.0 0.00
2025 11 05 21 44 18 43 2.33 19 621.0 0.00
2025 11 05 21 45 19 40 2.30 18 621.0 0.00
2025 11 05 21 46 18 38 2.29 18 621.0 0.00
2025 11 05 21 47 17 41 2.26 18 621.0 0.00
2025 11 05 21 48 16 52 2.21 19 621.0 0.00
2025 11 05 21 49 16 44 2.14 21 620.9 0.00
2025 11 05 21 50 18 36 2.05 21 621.0 0.00
2025 11 05 21 51 16 34 2.13 16 621.0 0.00
2025 11 05 21 52 17 27 2.14 19 621.0 0.00
2025 11 05 21 53 14 30 2.14 19 621.0 0.00
2025 11 05 21 54 14 32 2.08 20 621.0 0.00
2025 11 05 21 55 15 39 1.98 23 621.0 0.00
2025 11 05 21 56 17 37 1.86 23 620.9 0.00
2025 11 05 21 57 20 58 1.78 22 620.9 0.00
2025 11 05 21 58 19 54 1.73 22 620.9 0.00
2025 11 05 21 59 20 49 1.68 22 620.9 0.00
2025 11 05 22 00 20 45 1.73 18 620.9 0.00
2025 11 05 22 01 16 51 1.74 21 621.0 0.00
2025 11 05 22 02 18 50 1.69 23 620.9 0.00
2025 11 05 22 03 19 58 1.75 19 620.9 0.00
2025 11 05 22 04 18 53 1.78 21 620.9 0.00
2025 11 05 22 05 19 61 1.72 23 620.9 0.00
2025 11 05 22 06 18 57 1.70 21 620.9 0.00
2025 11 05 22 07 18 54 1.70 22 620.9 0.00
2025 11 05 22 08 16 56 1.70 22 620.9 0.00
2025 11 05 22 09 18 46 1.62 23 620.9 0.00
2025 11 05 22 10 18 59 1.53 22 620.9 0.00
2025 11 05 22 11 19 50 1.46 23 620.9 0.00
2025 11 05 22 12 21 58 1.52 19 620.9 0.00
2025 11 05 22 13 22 51 1.56 21 620.9 0.00
2025 11 05 22 14 20 44 1.67 18 620.9 0.00
2025 11 05 22 15 17 43 1.67 22 620.9 0.00
2025 11 05 22 16 16 41 1.61 22 620.9 0.00
2025 11 05 22 17 17 40 1.58 22 620.9 0.00
2025 11 05 22 18 18 37 1.52 22 620.9 0.00
2025 11 05 22 19 18 46 1.49 22 620.9 0.00
2025 11 05 22 20 16 40 1.44 22 620.9 0.00
2025 11 05 22 21 18 51 1.33 23 620.9 0.00
2025 11 05 22 22 17 48 1.27 23 620.9 0.00
2025 11 05 22 23 18 49 1.21 23 620.9 0.00
2025 11 05 22 24 20 41 1.20 23 620.9 0.00
2025 11 05 22 25 19 47 1.22 23 620.9 0.00
2025 11 05 22 26 20 48 1.19 23 620.9 0.00
2025 11 05 22 27 23 48 1.29 18 620.8 0.00
2025 11 05 22 28 22 42 1.47 18 620.9 0.00
2025 11 05 22 29 23 46 1.56 18 620.9 0.00
2025 11 05 22 30 24 43 1.84 13 620.9 0.00
2025 11 05 22 31 23 44 2.05 15 620.9 0.00
2025 11 05 22 32 21 59 2.16 16 620.9 0.00
2025 11 05 22 33 21 55 2.16 18 620.9 0.00
2025 11 05 22 34 24 33 2.30 14 620.8 0.00
2025 11 05 22 35 22 48 2.43 14 620.9 0.00
2025 11 05 22 36 23 51 2.50 15 620.8 0.00
2025 11 05 22 37 21 65 2.60 13 620.8 0.00
2025 11 05 22 38 24 49 2.67 14 620.8 0.00
2025 11 05 22 39 24 49 2.79 13 620.8 0.00
2025 11 05 22 40 26 44 2.87 13 620.8 0.00
2025 11 05 22 41 25 47 3.02 11 620.9 0.00
2025 11 05 22 42 24 47 3.09 13 620.9 0.00
2025 11 05 22 43 24 41 3.15 12 620.8 0.00
2025 11 05 22 44 24 48 3.14 14 620.9 0.00
2025 11 05 22 45 24 44 3.07 14 620.8 0.00
2025 11 05 22 46 25 53 3.06 13 620.8 0.00
2025 11 05 22 47 25 51 3.18 11 620.8 0.00
2025 11 05 22 48 20 45 3.18 14 620.8 0.00
2025 11 05 22 49 21 51 3.03 16 620.8 0.00
2025 11 05 22 50 23 44 2.92 15 620.8 0.00
2025 11 05 22 51 23 55 2.94 13 620.8 0.00
2025 11 05 22 52 21 49 2.83 17 620.8 0.00
2025 11 05 22 53 20 50 2.69 18 620.8 0.00
2025 11 05 22 54 20 60 2.62 15 620.8 0.00
2025 11 05 22 55 21 52 2.52 17 620.7 0.00
2025 11 05 22 56 23 48 2.50 16 620.7 0.00
2025 11 05 22 57 24 49 2.50 15 620.7 0.00
2025 11 05 22 58 23 55 2.56 14 620.7 0.00
2025 11 05 22 59 21 60 2.56 15 620.7 0.00
2025 11 05 23 00 21 44 2.56 15 620.7 0.00
2025 11 05 23 01 21 50 2.49 17 620.8 0.00
2025 11 05 23 02 21 50 2.47 17 620.8 0.00
2025 11 05 23 03 20 53 2.35 19 620.8 0.00
2025 11 05 23 04 21 52 2.20 19 620.8 0.00
2025 11 05 23 05 20 56 2.13 19 620.8 0.00
2025 11 05 23 06 20 61 2.05 19 620.7 0.00
2025 11 05 23 07 21 50 2.07 16 620.7 0.00
2025 11 05 23 08 20 61 2.08 17 620.7 0.00
2025 11 05 23 09 22 52 2.06 17 620.7 0.00
2025 11 05 23 10 23 52 2.08 17 620.7 0.00
2025 11 05 23 11 22 38 2.07 16 620.7 0.00
2025 11 05 23 12 23 46 2.19 15 620.7 0.00
2025 11 05 23 13 23 52 2.24 16 620.7 0.00
2025 11 05 23 14 25 53 2.35 13 620.7 0.00
2025 11 05 23 15 23 55 2.49 13 620.7 0.00
2025 11 05 23 16 22 51 2.51 15 620.7 0.00
2025 11 05 23 17 21 61 2.49 16 620.6 0.00
2025 11 05 23 18 24 50 2.47 15 620.6 0.00
2025 11 05 23 19 23 48 2.58 13 620.6 0.00
2025 11 05 23 20 19 47 2.61 15 620.7 0.00
2025 11 05 23 21 19 35 2.42 19 620.7 0.00
2025 11 05 23 22 18 42 2.23 19 620.7 0.00
2025 11 05 23 23 20 61 2.08 18 620.6 0.00
2025 11 05 23 24 17 59 1.96 20 620.6 0.00
2025 11 05 23 25 17 70 1.78 21 620.6 0.00
2025 11 05 23 26 18 65 1.63 21 620.6 0.00
2025 11 05 23 27 16 69 1.52 21 620.6 0.00
2025 11 05 23 28 16 60 1.36 22 620.6 0.00
2025 11 05 23 29 15 68 1.23 23 620.6 0.00
2025 11 05 23 30 17 58 1.10 23 620.6 0.00
2025 11 05 23 31 19 54 0.99 23 620.6 0.00
2025 11 05 23 32 19 48 1.00 20 620.6 0.00
2025 11 05 23 33 23 60 1.20 16 620.6 0.00
2025 11 05 23 34 21 51 1.38 17 620.6 0.00
2025 11 05 23 35 20 58 1.61 16 620.6 0.00
2025 11 05 23 36 18 56 1.59 20 620.6 0.00
2025 11 05 23 37 18 54 1.54 21 620.6 0.00
2025 11 05 23 38 18 51 1.48 21 620.6 0.00
2025 11 05 23 39 17 56 1.40 22 620.6 0.00
2025 11 05 23 40 19 48 1.34 21 620.6 0.00
2025 11 05 23 41 19 50 1.29 21 620.6 0.00
2025 11 05 23 42 18 65 1.29 20 620.6 0.00
2025 11 05 23 43 16 40 1.22 22 620.6 0.00
2025 11 05 23 44 20 59 1.16 20 620.5 0.00
2025 11 05 23 45 19 60 1.18 20 620.6 0.00
2025 11 05 23 46 18 63 1.21 21 620.6 0.00
2025 11 05 23 47 17 60 1.10 23 620.6 0.00
2025 11 05 23 48 19 62 1.05 21 620.6 0.00
2025 11 05 23 49 18 60 1.09 20 620.5 0.00
2025 11 05 23 50 19 50 1.10 20 620.5 0.00
2025 11 05 23 51 19 71 1.14 20 620.6 0.00
2025 11 05 23 52 19 58 1.19 19 620.6 0.00
2025 11 05 23 53 18 50 1.22 19 620.6 0.00
2025 11 05 23 54 16 68 1.20 21 620.5 0.00
2025 11 05 23 55 18 73 1.11 22 620.5 0.00
2025 11 05 23 56 19 53 1.05 22 620.5 0.00
2025 11 05 23 57 20 54 1.13 19 620.5 0.00
2025 11 05 23 58 20 62 1.27 17 620.5 0.00
2025 11 05 23 59 17 66 1.37 20 620.6 0.00
2025 11 06 00 00 15 52 1.26 23 620.6 0.00
2025 11 06 00 01 14 47 1.17 23 620.6 0.00
2025 11 06 00 02 17 68 1.04 23 620.5 0.00
2025 11 06 00 03 19 64 1.09 19 620.5 0.00
2025 11 06 00 04 18 47 1.18 19 620.6 0.00
2025 11 06 00 05 17 55 1.25 20 620.6 0.00
2025 11 06 00 06 17 58 1.26 20 620.6 0.00
2025 11 06 00 07 15 19 1.19 23 620.6 0.00
2025 11 06 00 08 17 67 1.13 22 620.6 0.00
2025 11 06 00 09 17 50 1.07 23 620.5 0.00
2025 11 06 00 10 16 64 1.03 23 620.6 0.00
2025 11 06 00 11 16 57 1.00 23 620.6 0.00
2025 11 06 00 12 14 75 0.95 24 620.6 0.00
2025 11 06 00 13 15 64 0.92 24 620.6 0.00
2025 11 06 00 14 17 68 0.86 24 620.5 0.00
2025 11 06 00 15 17 62 0.80 24 620.5 0.00
2025 11 06 00 16 17 63 0.84 21 620.6 0.00
2025 11 06 00 17 16 62 0.85 24 620.6 0.00
2025 11 06 00 18 15 59 0.80 24 620.5 0.00
2025 11 06 00 19 17 67 0.78 24 620.5 0.00
2025 11 06 00 20 14 62 0.77 24 620.6 0.00
2025 11 06 00 21 13 58 0.73 24 620.6 0.00
2025 11 06 00 22 17 57 0.73 23 620.5 0.00
2025 11 06 00 23 14 61 0.76 23 620.6 0.00
2025 11 06 00 24 14 65 0.76 23 620.6 0.00
2025 11 06 00 25 12 68 0.78 24 620.5 0.00
2025 11 06 00 26 15 74 0.72 24 620.5 0.00
2025 11 06 00 27 16 51 0.70 23 620.5 0.00
2025 11 06 00 28 13 60 0.72 24 620.5 0.00
2025 11 06 00 29 14 53 0.69 24 620.5 0.00
2025 11 06 00 30 13 58 0.67 24 620.5 0.00
2025 11 06 00 31 15 64 0.63 24 620.5 0.00
2025 11 06 00 32 16 67 0.60 24 620.5 0.00
2025 11 06 00 33 15 54 0.61 24 620.5 0.00
2025 11 06 00 34 14 46 0.62 24 620.5 0.00
2025 11 06 00 35 16 61 0.63 24 620.6 0.00
2025 11 06 00 36 15 56 0.65 24 620.6 0.00
2025 11 06 00 37 14 62 0.68 25 620.6 0.00
2025 11 06 00 38 13 63 0.67 24 620.5 0.00
2025 11 06 00 39 16 69 0.65 24 620.5 0.00
2025 11 06 00 40 16 64 0.66 24 620.5 0.00
2025 11 06 00 41 14 70 0.66 24 620.5 0.00
2025 11 06 00 42 16 66 0.63 24 620.5 0.00
2025 11 06 00 43 17 56 0.61 24 620.5 0.00
2025 11 06 00 44 14 79 0.64 23 620.5 0.00
2025 11 06 00 45 16 39 0.61 24 620.5 0.00
2025 11 06 00 46 14 62 0.60 24 620.5 0.00
2025 11 06 00 47 16 60 0.57 24 620.4 0.00
2025 11 06 00 48 16 66 0.57 24 620.4 0.00
2025 11 06 00 49 14 62 0.54 24 620.4 0.00
2025 11 06 00 50 15 56 0.53 24 620.4 0.00
2025 11 06 00 51 16 70 0.48 24 620.3 0.00
2025 11 06 00 52 16 67 0.46 24 620.3 0.00
2025 11 06 00 53 15 59 0.42 24 620.3 0.00
2025 11 06 00 54 15 76 0.38 24 620.3 0.00
2025 11 06 00 55 14 63 0.39 24 620.3 0.00
2025 11 06 00 56 14 66 0.37 24 620.3 0.00
2025 11 06 00 57 15 61 0.34 24 620.3 0.00
2025 11 06 00 58 16 74 0.32 24 620.3 0.00
2025 11 06 00 59 16 76 0.34 24 620.2 0.00
2025 11 06 01 00 15 71 0.33 24 620.2 0.00
2025 11 06 01 01 17 71 0.31 24 620.2 0.00
2025 11 06 01 02 17 61 0.29 24 620.2 0.00
2025 11 06 01 03 16 63 0.35 25 620.2 0.00
2025 11 06 01 04 14 63 0.37 25 620.2 0.00
2025 11 06 01 05 14 63 0.36 24 620.2 0.00
2025 11 06 01 06 17 68 0.35 24 620.2 0.00
2025 11 06 01 07 16 73 0.35 24 620.2 0.00
2025 11 06 01 08 16 58 0.35 24 620.2 0.00
2025 11 06 01 09 15 65 0.35 24 620.2 0.00
2025 11 06 01 10 14 77 0.34 24 620.2 0.00
2025 11 06 01 11 16 50 0.31 24 620.1 0.00
2025 11 06 01 12 17 70 0.30 24 620.1 0.00
2025 11 06 01 13 15 78 0.31 24 620.2 0.00
2025 11 06 01 14 15 74 0.31 24 620.2 0.00
2025 11 06 01 15 17 74 0.25 24 620.2 0.00
2025 11 06 01 16 17 73 0.23 24 620.1 0.00
2025 11 06 01 17 17 85 0.23 24 620.1 0.00
2025 11 06 01 18 15 72 0.21 24 620.1 0.00
2025 11 06 01 19 16 58 0.24 25 620.1 0.00
2025 11 06 01 20 15 64 0.26 24 620.1 0.00
2025 11 06 01 21 14 72 0.26 24 620.1 0.00
2025 11 06 01 22 15 68 0.23 24 620.1 0.00
2025 11 06 01 23 14 66 0.25 24 620.1 0.00
2025 11 06 01 24 16 65 0.20 24 620.1 0.00
2025 11 06 01 25 17 58 0.16 24 620.0 0.00
2025 11 06 01 26 17 47 0.17 25 620.1 0.00
2025 11 06 01 27 13 64 0.20 25 620.1 0.00
2025 11 06 01 28 14 60 0.20 25 620.1 0.00
2025 11 06 01 29 14 54 0.17 25 620.0 0.00
2025 11 06 01 30 14 43 0.13 25 620.1 0.00
2025 11 06 01 31 14 54 0.12 25 620.1 0.00
2025 11 06 01 32 15 33 0.13 25 620.1 0.00
2025 11 06 01 33 14 56 0.16 25 620.0 0.00
2025 11 06 01 34 14 42 0.17 25 620.0 0.00
2025 11 06 01 35 15 82 0.18 25 620.0 0.00
2025 11 06 01 36 15 71 0.13 24 620.0 0.00
2025 11 06 01 37 14 81 0.12 24 620.0 0.00
2025 11 06 01 38 14 72 0.08 25 620.0 0.00
2025 11 06 01 39 15 56 0.05 25 619.9 0.00
2025 11 06 01 40 14 44 0.04 25 620.0 0.00
2025 11 06 01 41 14 66 0.09 25 620.0 0.00
2025 11 06 01 42 15 66 0.08 25 619.9 0.00
2025 11 06 01 43 14 65 0.06 24 620.0 0.00
2025 11 06 01 44 12 55 0.06 25 620.0 0.00
2025 11 06 01 45 14 51 0.07 25 619.9 0.00
2025 11 06 01 46 15 65 0.09 25 619.9 0.00
2025 11 06 01 47 14 67 0.09 25 619.9 0.00
2025 11 06 01 48 14 82 0.08 25 619.9 0.00
2025 11 06 01 49 15 77 0.07 25 619.9 0.00
2025 11 06 01 50 12 65 0.08 25 619.9 0.00
2025 11 06 01 51 14 61 0.06 25 619.9 0.00
2025 11 06 01 52 15 60 0.09 25 619.9 0.00
2025 11 06 01 53 13 72 0.14 25 619.9 0.00
2025 11 06 01 54 15 75 0.14 25 619.9 0.00
2025 11 06 01 55 13 84 0.15 25 619.9 0.00
2025 11 06 01 56 14 79 0.14 24 619.9 0.00
2025 11 06 01 57 13 78 0.14 25 619.9 0.00
2025 11 06 01 58 15 72 0.12 25 619.8 0.00
2025 11 06 01 59 14 44 0.15 26 619.9 0.00
2025 11 06 02 00 13 63 0.19 26 619.9 0.00
2025 11 06 02 01 14 67 0.20 25 619.9 0.00
2025 11 06 02 02 13 57 0.26 26 619.9 0.00
2025 11 06 02 03 15 42 0.31 26 619.9 0.00
2025 11 06 02 04 16 49 0.37 26 619.9 0.00
2025 11 06 02 05 16 45 0.42 26 619.9 0.00
2025 11 06 02 06 14 53 0.43 25 619.9 0.00
2025 11 06 02 07 17 66 0.41 25 619.9 0.00
2025 11 06 02 08 16 54 0.40 25 619.9 0.00
2025 11 06 02 09 15 49 0.42 26 619.9 0.00
2025 11 06 02 10 13 53 0.43 25 619.9 0.00
2025 11 06 02 11 14 51 0.40 25 619.9 0.00
2025 11 06 02 12 13 64 0.39 25 619.9 0.00
2025 11 06 02 13 14 68 0.40 25 619.9 0.00
2025 11 06 02 14 14 64 0.40 25 619.8 0.00
2025 11 06 02 15 14 63 0.35 25 619.8 0.00
2025 11 06 02 16 15 65 0.30 25 619.8 0.00
2025 11 06 02 17 15 52 0.31 25 619.8 0.00
2025 11 06 02 18 15 62 0.31 26 619.8 0.00
2025 11 06 02 19 15 70 0.31 25 619.8 0.00
2025 11 06 02 20 12 49 0.30 26 619.8 0.00
2025 11 06 02 21 16 66 0.27 25 619.8 0.00
2025 11 06 02 22 15 67 0.24 25 619.8 0.00
2025 11 06 02 23 14 63 0.21 25 619.8 0.00
2025 11 06 02 24 13 62 0.17 25 619.8 0.00
2025 11 06 02 25 13 52 0.13 25 619.8 0.00
2025 11 06 02 26 13 63 0.10 25 619.8 0.00
2025 11 06 02 27 13 61 0.07 25 619.7 0.00
2025 11 06 02 28 15 67 -0.00 26 619.7 0.00
2025 11 06 02 29 15 70 -0.07 26 619.7 0.00
2025 11 06 02 30 13 71 -0.12 26 619.7 0.00
2025 11 06 02 31 13 71 -0.18 26 619.7 0.00
2025 11 06 02 32 13 75 -0.22 26 619.7 0.00
2025 11 06 02 33 15 64 -0.31 26 619.6 0.00
2025 11 06 02 34 17 65 -0.28 27 619.6 0.00
2025 11 06 02 35 17 64 -0.20 27 619.6 0.00
2025 11 06 02 36 17 69 -0.07 27 619.6 0.00
2025 11 06 02 37 16 62 -0.00 26 619.6 0.00
2025 11 06 02 38 17 64 0.04 26 619.6 0.00
2025 11 06 02 39 15 70 0.09 25 619.6 0.00
2025 11 06 02 40 15 69 0.08 25 619.6 0.00
2025 11 06 02 41 15 48 0.09 26 619.6 0.00
2025 11 06 02 42 15 65 0.10 25 619.6 0.00
2025 11 06 02 43 14 70 0.09 25 619.6 0.00
2025 11 06 02 44 14 64 0.06 25 619.6 0.00
2025 11 06 02 45 15 79 -0.01 26 619.5 0.00
2025 11 06 02 46 16 76 -0.01 26 619.6 0.00
2025 11 06 02 47 15 67 -0.00 26 619.6 0.00
2025 11 06 02 48 16 46 0.00 26 619.6 0.00
2025 11 06 02 49 16 67 0.03 26 619.6 0.00
2025 11 06 02 50 15 64 0.02 25 619.6 0.00
2025 11 06 02 51 14 60 -0.00 25 619.6 0.00
2025 11 06 02 52 16 66 -0.01 25 619.6 0.00
2025 11 06 02 53 17 64 0.00 26 619.6 0.00
2025 11 06 02 54 17 44 0.04 26 619.6 0.00
2025 11 06 02 55 19 52 0.14 26 619.6 0.00
2025 11 06 02 56 17 65 0.18 26 619.6 0.00
2025 11 06 02 57 18 59 0.27 25 619.6 0.00
2025 11 06 02 58 19 57 0.39 26 619.6 0.00
2025 11 06 02 59 20 61 0.43 26 619.6 0.00
2025 11 06 03 00 18 62 0.48 26 619.6 0.00
2025 11 06 03 01 17 61 0.50 25 619.6 0.00
2025 11 06 03 02 18 67 0.57 23 619.5 0.00
2025 11 06 03 03 19 43 0.67 24 619.6 0.00
2025 11 06 03 04 19 64 0.77 24 619.5 0.00
2025 11 06 03 05 19 51 0.83 24 619.6 0.00
2025 11 06 03 06 17 69 0.85 25 619.6 0.00
2025 11 06 03 07 17 48 0.80 25 619.5 0.00
2025 11 06 03 08 16 46 0.74 25 619.5 0.00
2025 11 06 03 09 16 71 0.70 25 619.5 0.00
2025 11 06 03 10 16 54 0.64 25 619.5 0.00
2025 11 06 03 11 18 70 0.64 25 619.5 0.00
2025 11 06 03 12 17 47 0.62 25 619.5 0.00
2025 11 06 03 13 18 63 0.58 25 619.5 0.00
2025 11 06 03 14 18 56 0.59 25 619.5 0.00
2025 11 06 03 15 16 73 0.60 25 619.4 0.00
2025 11 06 03 16 16 92 0.58 25 619.5 0.00
2025 11 06 03 17 15 72 0.60 25 619.5 0.00
2025 11 06 03 18 13 72 0.55 25 619.5 0.00
2025 11 06 03 19 14 68 0.48 25 619.5 0.00
2025 11 06 03 20 15 84 0.41 25 619.5 0.00
2025 11 06 03 21 13 85 0.38 25 619.5 0.00
2025 11 06 03 22 15 87 0.27 25 619.4 0.00
2025 11 06 03 23 16 41 0.25 25 619.4 0.00
2025 11 06 03 24 13 78 0.23 25 619.4 0.00
2025 11 06 03 25 14 68 0.15 25 619.4 0.00
2025 11 06 03 26 15 55 0.13 25 619.4 0.00
2025 11 06 03 27 16 86 0.09 25 619.5 0.00
2025 11 06 03 28 16 68 0.09 25 619.5 0.00
2025 11 06 03 29 16 67 0.12 26 619.5 0.00
2025 11 06 03 30 14 68 0.13 25 619.5 0.00
2025 11 06 03 31 15 83 0.11 25 619.4 0.00
2025 11 06 03 32 15 89 0.07 25 619.4 0.00
2025 11 06 03 33 13 71 0.03 25 619.5 0.00
2025 11 06 03 34 13 50 0.00 25 619.5 0.00
2025 11 06 03 35 11 66 0.01 25 619.6 0.00
2025 11 06 03 36 13 76 0.00 25 619.5 0.00
2025 11 06 03 37 14 78 -0.02 25 619.5 0.00
2025 11 06 03 38 15 82 -0.07 25 619.4 0.00
2025 11 06 03 39 16 74 -0.08 26 619.4 0.00
2025 11 06 03 40 17 81 -0.07 26 619.4 0.00
2025 11 06 03 41 14 80 -0.03 26 619.5 0.00
2025 11 06 03 42 14 72 -0.02 26 619.5 0.00
2025 11 06 03 43 15 74 0.02 26 619.5 0.00
2025 11 06 03 44 14 75 0.07 26 619.5 0.00
2025 11 06 03 45 16 58 0.13 26 619.5 0.00
2025 11 06 03 46 17 61 0.21 26 619.5 0.00
2025 11 06 03 47 16 70 0.24 26 619.5 0.00
2025 11 06 03 48 16 76 0.27 26 619.5 0.00
2025 11 06 03 49 12 71 0.31 26 619.5 0.00
2025 11 06 03 50 14 76 0.34 26 619.5 0.00
2025 11 06 03 51 12 24 0.36 26 619.5 0.00
2025 11 06 03 52 12 57 0.35 26 619.5 0.00
2025 11 06 03 53 13 74 0.33 26 619.4 0.00
2025 11 06 03 54 15 81 0.28 26 619.4 0.00
2025 11 06 03 55 13 86 0.21 25 619.4 0.00
2025 11 06 03 56 14 86 0.13 25 619.4 0.00
2025 11 06 03 57 16 86 0.06 26 619.4 0.00
2025 11 06 03 58 16 85 0.05 25 619.4 0.00
2025 11 06 03 59 16 80 0.07 25 619.4 0.00
2025 11 06 04 00 15 81 0.09 26 619.4 0.00
2025 11 06 04 01 15 70 0.14 26 619.4 0.00
2025 11 06 04 02 15 80 0.20 26 619.5 0.00
2025 11 06 04 03 14 70 0.25 26 619.5 0.00
2025 11 06 04 04 14 71 0.30 26 619.5 0.00
2025 11 06 04 05 17 69 0.30 25 619.5 0.00
2025 11 06 04 06 17 71 0.34 25 619.5 0.00
2025 11 06 04 07 15 64 0.36 25 619.5 0.00
2025 11 06 04 08 15 72 0.43 25 619.5 0.00
2025 11 06 04 09 15 72 0.49 25 619.5 0.00
2025 11 06 04 10 14 76 0.52 25 619.5 0.00
2025 11 06 04 11 12 80 0.54 25 619.5 0.00
2025 11 06 04 12 13 73 0.52 25 619.5 0.00
2025 11 06 04 13 17 71 0.51 24 619.4 0.00
2025 11 06 04 14 18 80 0.57 23 619.4 0.00
2025 11 06 04 15 18 52 0.64 24 619.4 0.00
2025 11 06 04 16 18 57 0.72 24 619.5 0.00
2025 11 06 04 17 15 46 0.80 24 619.5 0.00
2025 11 06 04 18 15 52 0.84 24 619.5 0.00
2025 11 06 04 19 18 63 0.87 24 619.5 0.00
2025 11 06 04 20 16 63 0.89 24 619.5 0.00
2025 11 06 04 21 15 56 0.91 24 619.5 0.00
2025 11 06 04 22 17 68 0.95 24 619.5 0.00
2025 11 06 04 23 17 53 0.94 24 619.5 0.00
2025 11 06 04 24 15 73 0.94 24 619.5 0.00
2025 11 06 04 25 14 78 0.92 24 619.5 0.00
2025 11 06 04 26 15 68 0.89 24 619.5 0.00
2025 11 06 04 27 15 64 0.88 24 619.5 0.00
2025 11 06 04 28 16 65 0.89 23 619.5 0.00
2025 11 06 04 29 13 54 0.91 24 619.6 0.00
2025 11 06 04 30 13 75 0.90 23 619.5 0.00
2025 11 06 04 31 16 72 0.89 23 619.5 0.00
2025 11 06 04 32 16 81 0.90 23 619.5 0.00
2025 11 06 04 33 14 53 0.91 23 619.5 0.00
2025 11 06 04 34 14 78 0.91 23 619.5 0.00
2025 11 06 04 35 14 75 0.87 23 619.5 0.00
2025 11 06 04 36 13 54 0.79 23 619.5 0.00
2025 11 06 04 37 15 39 0.76 23 619.5 0.00
2025 11 06 04 38 15 70 0.78 23 619.5 0.00
2025 11 06 04 39 13 60 0.81 23 619.5 0.00
2025 11 06 04 40 14 65 0.82 23 619.5 0.00
2025 11 06 04 41 15 60 0.82 22 619.5 0.00
2025 11 06 04 42 13 74 0.85 23 619.6 0.00
2025 11 06 04 43 15 57 0.83 22 619.5 0.00
2025 11 06 04 44 15 77 0.87 22 619.5 0.00
2025 11 06 04 45 13 54 0.90 22 619.5 0.00
2025 11 06 04 46 13 33 0.91 22 619.5 0.00
2025 11 06 04 47 15 70 0.94 21 619.5 0.00
2025 11 06 04 48 15 70 0.93 22 619.5 0.00
2025 11 06 04 49 15 80 0.94 21 619.5 0.00
2025 11 06 04 50 15 79 0.94 21 619.5 0.00
2025 11 06 04 51 17 20 1.01 21 619.5 0.00
2025 11 06 04 52 16 76 1.04 21 619.5 0.00
2025 11 06 04 53 16 77 1.04 21 619.5 0.00
2025 11 06 04 54 15 69 1.04 22 619.5 0.00
2025 11 06 04 55 15 75 1.00 22 619.5 0.00
2025 11 06 04 56 14 66 0.98 22 619.5 0.00
2025 11 06 04 57 16 71 1.00 21 619.5 0.00
2025 11 06 04 58 14 82 1.05 21 619.5 0.00
2025 11 06 04 59 16 63 1.05 22 619.5 0.00
2025 11 06 05 00 15 24 1.03 23 619.5 0.00
2025 11 06 05 01 14 102 1.01 22 619.4 0.00
2025 11 06 05 02 16 72 0.99 23 619.4 0.00
2025 11 06 05 03 17 79 0.97 22 619.4 0.00
2025 11 06 05 04 15 57 0.97 22 619.5 0.00
2025 11 06 05 05 15 64 1.00 22 619.5 0.00
2025 11 06 05 06 15 74 1.05 22 619.5 0.00
2025 11 06 05 07 13 84 1.04 23 619.5 0.00
2025 11 06 05 08 14 84 0.96 24 619.5 0.00
2025 11 06 05 09 15 71 0.86 24 619.5 0.00
2025 11 06 05 10 14 93 0.82 24 619.5 0.00
2025 11 06 05 11 15 86 0.75 24 619.5 0.00
2025 11 06 05 12 16 86 0.68 24 619.5 0.00
2025 11 06 05 13 16 66 0.62 24 619.5 0.00
2025 11 06 05 14 15 80 0.60 24 619.5 0.00
2025 11 06 05 15 16 77 0.57 23 619.5 0.00
2025 11 06 05 16 15 78 0.63 23 619.6 0.00
2025 11 06 05 17 14 83 0.66 24 619.6 0.00
2025 11 06 05 18 16 79 0.65 24 619.5 0.00
2025 11 06 05 19 15 78 0.63 24 619.5 0.00
2025 11 06 05 20 17 63 0.57 23 619.5 0.00
2025 11 06 05 21 18 55 0.59 22 619.5 0.00
2025 11 06 05 22 17 56 0.65 22 619.6 0.00
2025 11 06 05 23 17 43 0.72 22 619.6 0.00
2025 11 06 05 24 19 66 0.82 21 619.6 0.00
2025 11 06 05 25 17 66 0.90 21 619.6 0.00
2025 11 06 05 26 17 72 0.92 22 619.6 0.00
2025 11 06 05 27 16 62 0.95 21 619.7 0.00
2025 11 06 05 28 15 55 1.01 21 619.7 0.00
2025 11 06 05 29 17 56 1.07 21 619.7 0.00
2025 11 06 05 30 16 64 1.13 21 619.7 0.00
2025 11 06 05 31 15 77 1.14 22 619.7 0.00
2025 11 06 05 32 15 23 1.12 21 619.7 0.00
2025 11 06 05 33 16 60 1.12 22 619.7 0.00
2025 11 06 05 34 15 67 1.11 22 619.7 0.00
2025 11 06 05 35 16 62 1.11 21 619.7 0.00
2025 11 06 05 36 17 70 1.10 22 619.6 0.00
2025 11 06 05 37 17 75 1.05 22 619.6 0.00
2025 11 06 05 38 20 64 1.10 22 619.7 0.00
2025 11 06 05 39 16 64 1.10 22 619.7 0.00
2025 11 06 05 40 15 76 1.06 23 619.7 0.00
2025 11 06 05 41 16 68 1.03 22 619.7 0.00
2025 11 06 05 42 17 60 1.03 22 619.6 0.00
2025 11 06 05 43 16 63 1.05 22 619.7 0.00
2025 11 06 05 44 18 78 1.06 22 619.8 0.00
2025 11 06 05 45 19 67 1.15 22 619.7 0.00
2025 11 06 05 46 16 58 1.20 21 619.7 0.00
2025 11 06 05 47 18 68 1.21 21 619.7 0.00
2025 11 06 05 48 19 71 1.19 21 619.7 0.00
2025 11 06 05 49 18 82 1.19 22 619.7 0.00
2025 11 06 05 50 18 64 1.10 22 619.7 0.00
2025 11 06 05 51 19 61 1.08 21 619.8 0.00
2025 11 06 05 52 18 58 1.12 21 619.8 0.00
2025 11 06 05 53 16 69 1.13 22 619.8 0.00
2025 11 06 05 54 16 61 1.11 23 619.8 0.00
2025 11 06 05 55 16 46 1.08 23 619.8 0.00
2025 11 06 05 56 16 47 1.03 23 619.8 0.00
2025 11 06 05 57 16 54 1.02 23 619.8 0.00
2025 11 06 05 58 18 63 1.03 22 619.8 0.00
2025 11 06 05 59 20 63 1.08 22 619.8 0.00
2025 11 06 06 00 18 44 1.18 21 619.8 0.00
2025 11 06 06 01 19 37 1.23 21 619.9 0.00
2025 11 06 06 02 17 58 1.27 22 619.9 0.00
2025 11 06 06 03 15 50 1.25 22 619.9 0.00
2025 11 06 06 04 17 55 1.18 23 619.9 0.00
2025 11 06 06 05 17 65 1.17 22 619.9 0.00
2025 11 06 06 06 18 60 1.22 21 619.9 0.00
2025 11 06 06 07 17 61 1.26 22 619.9 0.00
2025 11 06 06 08 19 68 1.28 22 619.9 0.00
2025 11 06 06 09 16 63 1.32 21 620.0 0.00
2025 11 06 06 10 16 59 1.31 22 620.0 0.00
2025 11 06 06 11 19 54 1.34 21 619.9 0.00
2025 11 06 06 12 17 69 1.35 21 620.0 0.00
2025 11 06 06 13 16 53 1.32 22 620.0 0.00
2025 11 06 06 14 15 84 1.23 23 619.9 0.00
2025 11 06 06 15 17 70 1.19 22 619.9 0.00
2025 11 06 06 16 17 76 1.19 22 619.9 0.00
2025 11 06 06 17 16 80 1.11 23 619.8 0.00
2025 11 06 06 18 17 67 1.00 22 619.8 0.00
2025 11 06 06 19 15 91 0.94 23 619.8 0.00
2025 11 06 06 20 15 77 0.85 24 619.9 0.00
2025 11 06 06 21 16 76 0.74 24 619.9 0.00
2025 11 06 06 22 18 79 0.67 24 619.9 0.00
2025 11 06 06 23 17 85 0.59 24 619.9 0.00
2025 11 06 06 24 17 83 0.55 26 619.9 0.00
2025 11 06 06 25 18 82 0.51 25 619.9 0.00
2025 11 06 06 26 18 51 0.50 25 619.9 0.00
2025 11 06 06 27 19 88 0.53 25 619.9 0.00
2025 11 06 06 28 16 78 0.56 26 619.9 0.00
2025 11 06 06 29 14 63 0.54 26 620.0 0.00
2025 11 06 06 30 17 54 0.50 26 620.0 0.00
2025 11 06 06 31 18 84 0.52 25 619.9 0.00
2025 11 06 06 32 16 79 0.57 25 620.0 0.00
2025 11 06 06 33 16 75 0.57 26 620.0 0.00
2025 11 06 06 34 18 56 0.59 26 620.0 0.00
2025 11 06 06 35 17 72 0.63 25 620.0 0.00
2025 11 06 06 36 16 60 0.65 26 620.0 0.00
2025 11 06 06 37 15 74 0.66 26 620.0 0.00
2025 11 06 06 38 15 51 0.69 25 620.0 0.00
2025 11 06 06 39 17 78 0.75 25 620.0 0.00
2025 11 06 06 40 17 75 0.77 26 620.0 0.00
2025 11 06 06 41 16 85 0.80 25 620.0 0.00
2025 11 06 06 42 16 79 0.81 25 620.0 0.00
2025 11 06 06 43 18 92 0.83 24 620.0 0.00
2025 11 06 06 44 14 46 0.92 24 620.0 0.00
2025 11 06 06 45 16 70 0.90 25 620.0 0.00
2025 11 06 06 46 16 66 0.90 25 620.0 0.00
2025 11 06 06 47 15 96 0.88 26 620.0 0.00
2025 11 06 06 48 16 86 0.86 26 620.0 0.00
2025 11 06 06 49 17 56 0.87 25 620.0 0.00
2025 11 06 06 50 17 74 0.91 24 620.1 0.00
2025 11 06 06 51 16 80 0.95 25 620.1 0.00
2025 11 06 06 52 18 55 0.98 25 620.1 0.00
2025 11 06 06 53 18 69 1.01 26 620.2 0.00
2025 11 06 06 54 16 54 1.04 26 620.2 0.00
2025 11 06 06 55 17 43 1.08 26 620.2 0.00
2025 11 06 06 56 17 78 1.12 25 620.2 0.00
2025 11 06 06 57 17 53 1.19 25 620.2 0.00
2025 11 06 06 58 18 80 1.25 25 620.2 0.00
2025 11 06 06 59 17 95 1.26 25 620.1 0.00
2025 11 06 07 00 18 55 1.33 24 620.1 0.00
2025 11 06 07 01 17 37 1.40 24 620.2 0.00
2025 11 06 07 02 16 82 1.40 26 620.2 0.00
2025 11 06 07 03 16 93 1.47 24 620.2 0.00
2025 11 06 07 04 13 93 1.48 26 620.2 0.00
2025 11 06 07 05 12 73 1.47 27 620.2 0.00
2025 11 06 07 06 14 95 1.47 28 620.2 0.00
2025 11 06 07 07 16 90 1.49 28 620.1 0.00
2025 11 06 07 08 14 80 1.50 28 620.2 0.00
2025 11 06 07 09 14 71 1.48 28 620.2 0.00
2025 11 06 07 10 13 68 1.48 28 620.2 0.00
2025 11 06 07 11 15 74 1.50 29 620.2 0.00
2025 11 06 07 12 16 75 1.50 29 620.2 0.00
2025 11 06 07 13 16 65 1.50 29 620.2 0.00
2025 11 06 07 14 14 92 1.53 29 620.2 0.00
2025 11 06 07 15 15 77 1.55 29 620.2 0.00
2025 11 06 07 16 15 75 1.57 28 620.2 0.00
2025 11 06 07 17 17 53 1.64 31 620.1 0.00
2025 11 06 07 18 16 78 1.67 31 620.2 0.00
2025 11 06 07 19 16 69 1.70 28 620.2 0.00
2025 11 06 07 20 17 52 1.76 27 620.2 0.00
2025 11 06 07 21 17 68 1.84 25 620.2 0.00
2025 11 06 07 22 17 84 1.86 25 620.3 0.00
2025 11 06 07 23 14 80 1.93 26 620.2 0.00
2025 11 06 07 24 15 78 1.94 27 620.2 0.00
2025 11 06 07 25 14 83 1.97 27 620.2 0.00
2025 11 06 07 26 16 72 1.99 26 620.3 0.00
2025 11 06 07 27 17 77 1.98 25 620.3 0.00
2025 11 06 07 28 18 67 2.01 25 620.3 0.00
2025 11 06 07 29 15 58 2.01 24 620.4 0.00
2025 11 06 07 30 13 62 2.02 26 620.3 0.00
2025 11 06 07 31 16 55 2.10 25 620.3 0.00
2025 11 06 07 32 16 61 2.19 24 620.4 0.00
2025 11 06 07 33 14 64 2.22 25 620.4 0.00
2025 11 06 07 34 15 37 2.27 25 620.3 0.00
2025 11 06 07 35 16 87 2.32 24 620.4 0.00
2025 11 06 07 36 17 58 2.39 24 620.4 0.00
2025 11 06 07 37 17 37 2.43 23 620.4 0.00
2025 11 06 07 38 19 87 2.44 24 620.4 0.00
2025 11 06 07 39 18 23 2.48 24 620.4 0.00
2025 11 06 07 40 16 87 2.56 23 620.4 0.00
2025 11 06 07 41 16 49 2.54 27 620.4 0.00
2025 11 06 07 42 19 45 2.58 26 620.4 0.00
2025 11 06 07 43 19 69 2.59 28 620.4 0.00
2025 11 06 07 44 18 59 2.60 24 620.4 0.00
2025 11 06 07 45 16 83 2.55 23 620.4 0.00
2025 11 06 07 46 13 80 2.48 25 620.4 0.00
2025 11 06 07 47 16 69 2.50 26 620.4 0.00
2025 11 06 07 48 18 64 2.48 24 620.3 0.00
2025 11 06 07 49 20 34 2.51 23 620.3 0.00
2025 11 06 07 50 21 68 2.58 22 620.4 0.00
2025 11 06 07 51 20 78 2.60 24 620.4 0.00
2025 11 06 07 52 17 78 2.67 26 620.4 0.00
2025 11 06 07 53 18 80 2.74 23 620.4 0.00
2025 11 06 07 54 19 63 2.78 23 620.4 0.00
2025 11 06 07 55 19 61 2.82 23 620.4 0.00
2025 11 06 07 56 20 72 2.86 22 620.5 0.00
2025 11 06 07 57 20 57 2.87 26 620.4 0.00
2025 11 06 07 58 22 63 2.88 24 620.5 0.00
2025 11 06 07 59 21 53 2.79 23 620.5 0.00
2025 11 06 08 00 20 47 2.68 25 620.5 0.00
2025 11 06 08 01 20 63 2.67 27 620.5 0.00
2025 11 06 08 02 19 59 2.67 26 620.5 0.00
2025 11 06 08 03 20 60 2.62 26 620.5 0.00
2025 11 06 08 04 19 58 2.57 25 620.6 0.00
2025 11 06 08 05 16 63 2.44 30 620.6 0.00
2025 11 06 08 06 15 45 2.45 32 620.6 0.00
2025 11 06 08 07 19 76 2.53 27 620.6 0.00
2025 11 06 08 08 19 75 2.65 23 620.6 0.00
2025 11 06 08 09 18 72 2.77 24 620.6 0.00
2025 11 06 08 10 16 74 2.81 26 620.6 0.00
2025 11 06 08 11 16 29 2.88 27 620.6 0.00
2025 11 06 08 12 18 99 2.97 26 620.6 0.00
2025 11 06 08 13 20 62 3.12 22 620.5 0.00
2025 11 06 08 14 20 68 3.17 24 620.5 0.00
2025 11 06 08 15 18 72 3.20 24 620.6 0.00
2025 11 06 08 16 19 76 3.22 24 620.6 0.00
2025 11 06 08 17 18 71 3.25 27 620.7 0.00
2025 11 06 08 18 19 59 3.26 30 620.7 0.00
2025 11 06 08 19 18 50 3.25 29 620.7 0.00
2025 11 06 08 20 19 60 3.20 28 620.7 0.00
2025 11 06 08 21 18 75 3.18 28 620.7 0.00
2025 11 06 08 22 19 65 3.17 28 620.7 0.00
2025 11 06 08 23 17 75 3.29 22 620.7 0.00
2025 11 06 08 24 14 74 3.29 24 620.7 0.00
2025 11 06 08 25 16 39 3.30 26 620.8 0.00
2025 11 06 08 26 16 64 3.39 27 620.8 0.00
2025 11 06 08 27 17 63 3.45 26 620.8 0.00
2025 11 06 08 28 18 70 3.42 25 620.8 0.00
2025 11 06 08 29 16 46 3.39 25 620.8 0.00
2025 11 06 08 30 17 49 3.38 29 620.8 0.00
2025 11 06 08 31 20 58 3.34 27 620.7 0.00
2025 11 06 08 32 18 52 3.30 25 620.7 0.00
2025 11 06 08 33 17 64 3.31 24 620.8 0.00
2025 11 06 08 34 17 59 3.20 30 620.7 0.00
2025 11 06 08 35 20 61 3.27 27 620.7 0.00
2025 11 06 08 36 18 69 3.31 26 620.7 0.00
2025 11 06 08 37 17 58 3.33 28 620.7 0.00
2025 11 06 08 38 21 66 3.45 20 620.7 0.00
2025 11 06 08 39 21 51 3.49 17 620.7 0.00
2025 11 06 08 40 15 85 3.48 22 620.8 0.00
2025 11 06 08 41 17 43 3.55 25 620.8 0.00
2025 11 06 08 42 21 48 3.60 22 620.7 0.00
2025 11 06 08 43 21 80 3.64 23 620.7 0.00
2025 11 06 08 44 17 79 3.61 23 620.8 0.00
2025 11 06 08 45 21 54 3.57 22 620.8 0.00
2025 11 06 08 46 16 29 3.51 24 620.8 0.00
2025 11 06 08 47 18 34 3.55 24 620.8 0.00
2025 11 06 08 48 21 76 3.71 18 620.7 0.00
2025 11 06 08 49 20 92 3.79 20 620.7 0.00
2025 11 06 08 50 20 85 3.86 21 620.7 0.00
2025 11 06 08 51 18 67 3.87 21 620.8 0.00
2025 11 06 08 52 19 79 3.81 21 620.8 0.00
2025 11 06 08 53 20 58 3.82 23 620.8 0.00
2025 11 06 08 54 18 62 3.78 25 620.8 0.00
2025 11 06 08 55 19 50 3.76 23 620.8 0.00
2025 11 06 08 56 18 84 3.76 18 620.9 0.00
2025 11 06 08 57 18 73 3.77 22 620.8 0.00
2025 11 06 08 58 18 35 3.78 26 620.8 0.00
2025 11 06 08 59 20 66 3.76 25 620.8 0.00
2025 11 06 09 00 18 74 3.79 26 620.8 0.00
2025 11 06 09 01 17 73 3.83 27 620.8 0.00
2025 11 06 09 02 17 81 3.84 27 620.8 0.00
2025 11 06 09 03 19 76 3.93 25 620.9 0.00
2025 11 06 09 04 16 69 3.91 25 620.9 0.00
2025 11 06 09 05 17 55 3.90 28 620.9 0.00
2025 11 06 09 06 18 64 3.90 20 620.9 0.00
2025 11 06 09 07 16 70 3.95 24 621.0 0.00
2025 11 06 09 08 17 66 3.86 31 621.0 0.00
2025 11 06 09 09 15 54 3.78 26 621.0 0.00
2025 11 06 09 10 16 63 3.66 24 621.0 0.00
2025 11 06 09 11 16 59 3.63 27 620.9 0.00
2025 11 06 09 12 19 47 3.73 21 620.9 0.00
2025 11 06 09 13 19 52 3.84 27 620.9 0.00
2025 11 06 09 14 17 62 3.90 28 620.9 0.00
2025 11 06 09 15 18 77 3.99 26 620.9 0.00
2025 11 06 09 16 16 27 3.98 24 620.9 0.00
2025 11 06 09 17 19 64 4.09 23 620.9 0.00
2025 11 06 09 18 18 80 4.10 22 621.0 0.00
2025 11 06 09 19 14 68 4.05 24 621.0 0.00
2025 11 06 09 20 16 74 4.13 23 620.9 0.00
2025 11 06 09 21 21 59 4.18 24 620.9 0.00
2025 11 06 09 22 18 76 4.15 25 620.9 0.00
2025 11 06 09 23 16 60 4.08 21 621.0 0.00
2025 11 06 09 24 18 66 4.09 21 621.0 0.00
2025 11 06 09 25 18 84 4.19 21 621.0 0.00
2025 11 06 09 26 17 96 4.27 22 620.9 0.00
2025 11 06 09 27 16 72 4.30 25 621.0 0.00
2025 11 06 09 28 19 57 4.35 19 621.0 0.00
2025 11 06 09 29 16 66 4.32 22 621.0 0.00
2025 11 06 09 30 18 41 4.46 21 621.0 0.00
2025 11 06 09 31 21 69 4.55 21 620.9 0.00
2025 11 06 09 32 17 60 4.65 25 621.0 0.00
2025 11 06 09 33 20 50 4.73 22 621.0 0.00
2025 11 06 09 34 22 74 4.70 21 621.0 0.00
2025 11 06 09 35 21 52 4.62 22 621.0 0.00
2025 11 06 09 36 19 59 4.50 24 621.0 0.00
2025 11 06 09 37 18 67 4.44 21 621.0 0.00
2025 11 06 09 38 17 70 4.31 24 621.0 0.00
2025 11 06 09 39 18 76 4.28 24 621.0 0.00
2025 11 06 09 40 19 67 4.21 27 621.0 0.00
2025 11 06 09 41 16 82 4.21 27 621.0 0.00
2025 11 06 09 42 19 75 4.37 18 621.0 0.00
2025 11 06 09 43 18 50 4.47 19 621.0 0.00
2025 11 06 09 44 15 79 4.52 19 621.0 0.00
2025 11 06 09 45 14 38 4.49 24 621.0 0.00
2025 11 06 09 46 17 59 4.44 25 621.0 0.00
2025 11 06 09 47 18 65 4.43 24 621.0 0.00
2025 11 06 09 48 18 83 4.47 22 621.0 0.00
2025 11 06 09 49 18 38 4.56 20 621.0 0.00
2025 11 06 09 50 19 70 4.70 20 621.0 0.00
2025 11 06 09 51 18 47 4.57 18 621.1 0.00
2025 11 06 09 52 15 56 4.38 23 621.1 0.00
2025 11 06 09 53 15 72 4.32 29 621.1 0.00
2025 11 06 09 54 15 63 4.29 29 621.1 0.00
2025 11 06 09 55 18 87 4.27 27 621.1 0.00
2025 11 06 09 56 18 65 4.26 23 621.1 0.00
2025 11 06 09 57 18 50 4.19 23 621.0 0.00
2025 11 06 09 58 16 41 4.16 29 621.1 0.00
2025 11 06 09 59 14 58 4.14 27 621.2 0.00
2025 11 06 10 00 13 41 4.16 27 621.2 0.00
2025 11 06 10 01 14 45 4.18 26 621.2 0.00
2025 11 06 10 02 12 81 4.28 21 621.2 0.00
2025 11 06 10 03 13 41 4.42 26 621.2 0.00
2025 11 06 10 04 16 49 4.56 31 621.2 0.00
2025 11 06 10 05 21 67 4.70 27 621.1 0.00
2025 11 06 10 06 15 67 4.69 22 621.1 0.00
2025 11 06 10 07 16 53 4.78 20 621.0 0.00
2025 11 06 10 08 20 51 4.85 19 621.0 0.00
2025 11 06 10 09 18 54 4.88 22 621.1 0.00
2025 11 06 10 10 15 72 4.85 20 621.1 0.00
2025 11 06 10 11 14 59 4.83 25 621.1 0.00
2025 11 06 10 12 14 81 4.83 27 621.1 0.00
2025 11 06 10 13 14 48 4.80 27 621.1 0.00
2025 11 06 10 14 19 70 4.77 23 621.0 0.00
2025 11 06 10 15 19 72 4.76 22 621.0 0.00
2025 11 06 10 16 17 72 4.83 21 621.0 0.00
2025 11 06 10 17 15 75 4.82 22 621.1 0.00
2025 11 06 10 18 18 75 4.93 19 621.0 0.00
2025 11 06 10 19 17 60 4.88 25 621.0 0.00
2025 11 06 10 20 18 54 4.76 24 621.0 0.00
2025 11 06 10 21 17 64 4.64 27 621.0 0.00
2025 11 06 10 22 14 44 4.70 24 621.0 0.00
2025 11 06 10 23 15 56 4.82 20 621.0 0.00
2025 11 06 10 24 16 75 5.05 21 621.0 0.00
2025 11 06 10 25 21 73 5.30 19 621.0 0.00
2025 11 06 10 26 17 69 5.32 19 620.9 0.00
2025 11 06 10 27 15 73 5.25 22 621.0 0.00
2025 11 06 10 28 17 52 5.36 23 621.0 0.00
2025 11 06 10 29 16 69 5.47 22 620.9 0.00
2025 11 06 10 30 16 79 5.45 25 620.9 0.00
2025 11 06 10 31 17 79 5.50 26 620.9 0.00
2025 11 06 10 32 18 42 5.60 19 621.0 0.00
2025 11 06 10 33 18 71 5.62 17 621.0 0.00
2025 11 06 10 34 16 49 5.57 21 621.0 0.00
2025 11 06 10 35 19 62 5.50 19 621.0 0.00
2025 11 06 10 36 16 65 5.42 25 621.0 0.00
2025 11 06 10 37 17 31 5.27 24 621.0 0.00
2025 11 06 10 38 16 68 5.17 25 621.0 0.00
2025 11 06 10 39 17 73 5.21 25 621.0 0.00
2025 11 06 10 40 15 48 5.21 25 621.0 0.00
2025 11 06 10 41 15 49 5.20 26 621.0 0.00
2025 11 06 10 42 18 72 5.34 26 621.0 0.00
2025 11 06 10 43 17 55 5.35 22 621.0 0.00
2025 11 06 10 44 16 66 5.41 20 621.0 0.00
2025 11 06 10 45 16 52 5.34 21 621.0 0.00
2025 11 06 10 46 17 72 5.31 21 621.0 0.00
2025 11 06 10 47 16 65 5.37 19 620.9 0.00
2025 11 06 10 48 15 48 5.51 21 620.9 0.00
2025 11 06 10 49 21 41 5.55 19 620.9 0.00
2025 11 06 10 50 18 62 5.54 22 620.9 0.00
2025 11 06 10 51 17 62 5.52 23 620.9 0.00
2025 11 06 10 52 16 61 5.49 20 620.9 0.00
2025 11 06 10 53 16 63 5.57 18 620.9 0.00
2025 11 06 10 54 16 72 5.79 20 620.9 0.00
2025 11 06 10 55 15 50 5.78 23 620.9 0.00
2025 11 06 10 56 16 69 5.83 24 620.9 0.00
2025 11 06 10 57 18 71 5.91 24 620.9 0.00
2025 11 06 10 58 15 43 6.01 22 620.9 0.00
2025 11 06 10 59 15 69 5.94 20 620.9 0.00
2025 11 06 11 00 16 67 5.96 16 620.9 0.00
2025 11 06 11 01 16 41 5.94 17 620.9 0.00
2025 11 06 11 02 16 102 5.88 20 620.8 0.00
2025 11 06 11 03 15 74 5.81 23 620.8 0.00
2025 11 06 11 04 16 74 5.78 22 620.8 0.00
2025 11 06 11 05 20 51 5.91 19 620.8 0.00
2025 11 06 11 06 19 74 6.08 18 620.8 0.00
2025 11 06 11 07 16 64 6.04 20 620.8 0.00
2025 11 06 11 08 17 60 6.12 20 620.8 0.00
2025 11 06 11 09 18 81 6.23 18 620.7 0.00
2025 11 06 11 10 14 78 6.22 22 620.7 0.00
2025 11 06 11 11 16 75 6.38 21 620.7 0.00
2025 11 06 11 12 19 76 6.30 16 620.7 0.00
2025 11 06 11 13 16 84 6.28 18 620.7 0.00
2025 11 06 11 14 16 69 6.33 20 620.7 0.00
2025 11 06 11 15 16 53 6.19 20 620.7 0.00
2025 11 06 11 16 18 75 6.15 21 620.7 0.00
2025 11 06 11 17 15 80 6.07 26 620.7 0.00
2025 11 06 11 18 16 31 6.20 20 620.7 0.00
2025 11 06 11 19 16 70 6.21 16 620.7 0.00
2025 11 06 11 20 15 66 6.21 20 620.7 0.00
2025 11 06 11 21 17 68 6.15 20 620.6 0.00
2025 11 06 11 22 19 72 6.23 18 620.6 0.00
2025 11 06 11 23 14 86 6.31 21 620.6 0.00
2025 11 06 11 24 15 79 6.28 23 620.6 0.00
2025 11 06 11 25 17 56 6.37 19 620.6 0.00
2025 11 06 11 26 17 59 6.42 19 620.5 0.00
2025 11 06 11 27 17 74 6.34 22 620.5 0.00
2025 11 06 11 28 16 52 6.25 21 620.6 0.00
2025 11 06 11 29 15 65 6.23 21 620.6 0.00
2025 11 06 11 30 16 86 6.16 17 620.5 0.00
2025 11 06 11 31 17 61 6.23 20 620.5 0.00
2025 11 06 11 32 15 92 6.19 21 620.5 0.00
2025 11 06 11 33 14 78 6.22 21 620.5 0.00
2025 11 06 11 34 16 93 6.18 18 620.5 0.00
2025 11 06 11 35 14 98 6.25 20 620.5 0.00
2025 11 06 11 36 15 53 6.37 22 620.5 0.00
2025 11 06 11 37 13 76 6.37 24 620.5 0.00
2025 11 06 11 38 17 54 6.42 25 620.5 0.00
2025 11 06 11 39 15 80 6.37 20 620.5 0.00
2025 11 06 11 40 14 74 6.50 18 620.5 0.00
2025 11 06 11 41 15 69 6.48 19 620.5 0.00
2025 11 06 11 42 15 57 6.49 19 620.5 0.00
2025 11 06 11 43 15 71 6.48 22 620.4 0.00
2025 11 06 11 44 17 92 6.53 18 620.4 0.00
2025 11 06 11 45 15 66 6.58 20 620.4 0.00
2025 11 06 11 46 16 79 6.63 17 620.4 0.00
2025 11 06 11 47 15 73 6.60 18 620.4 0.00
2025 11 06 11 48 18 85 6.60 20 620.4 0.00
2025 11 06 11 49 15 82 6.53 23 620.4 0.00
2025 11 06 11 50 15 55 6.57 22 620.4 0.00
2025 11 06 11 51 18 76 6.53 20 620.4 0.00
2025 11 06 11 52 14 74 6.46 19 620.4 0.00
2025 11 06 11 53 14 70 6.48 19 620.4 0.00
2025 11 06 11 54 13 77 6.52 17 620.4 0.00
2025 11 06 11 55 16 76 6.58 18 620.4 0.00
2025 11 06 11 56 15 78 6.49 17 620.3 0.00
2025 11 06 11 57 16 67 6.49 20 620.3 0.00
2025 11 06 11 58 14 78 6.47 20 620.3 0.00
2025 11 06 11 59 13 71 6.56 18 620.3 0.00
2025 11 06 12 00 15 55 6.67 17 620.3 0.00
2025 11 06 12 01 14 81 6.72 19 620.3 0.00
2025 11 06 12 02 13 95 6.74 20 620.3 0.00
2025 11 06 12 03 15 78 6.78 17 620.3 0.00
2025 11 06 12 04 14 90 6.73 15 620.3 0.00
2025 11 06 12 05 15 75 6.76 15 620.2 0.00
2025 11 06 12 06 13 61 6.71 17 620.2 0.00
2025 11 06 12 07 14 76 6.73 16 620.2 0.00
2025 11 06 12 08 14 68 6.75 18 620.2 0.00
2025 11 06 12 09 14 70 6.85 19 620.2 0.00
2025 11 06 12 10 13 74 6.89 19 620.2 0.00
2025 11 06 12 11 17 71 7.00 18 620.2 0.00
2025 11 06 12 12 16 169 6.86 20 620.2 0.00
2025 11 06 12 13 14 120 6.88 21 620.2 0.00
2025 11 06 12 14 15 75 6.98 20 620.2 0.00
2025 11 06 12 15 13 85 6.89 20 620.2 0.00
2025 11 06 12 16 15 84 6.89 17 620.2 0.00
2025 11 06 12 17 15 85 6.94 16 620.1 0.00
2025 11 06 12 18 15 67 6.96 15 620.2 0.00
2025 11 06 12 19 13 128 7.00 15 620.1 0.00
2025 11 06 12 20 13 84 7.05 17 620.1 0.00
2025 11 06 12 21 15 85 7.10 19 620.1 0.00
2025 11 06 12 22 18 46 7.10 17 620.1 0.00
2025 11 06 12 23 15 84 7.13 16 620.1 0.00
2025 11 06 12 24 16 82 6.99 16 620.1 0.00
2025 11 06 12 25 16 62 6.92 16 620.1 0.00
2025 11 06 12 26 16 75 6.85 16 620.1 0.00
2025 11 06 12 27 13 61 6.82 18 620.1 0.00
2025 11 06 12 28 15 80 6.89 18 620.1 0.00
2025 11 06 12 29 15 94 6.89 20 620.1 0.00
2025 11 06 12 30 16 73 7.00 17 620.0 0.00
2025 11 06 12 31 14 82 7.05 16 620.1 0.00
2025 11 06 12 32 14 76 7.09 17 620.1 0.00
2025 11 06 12 33 17 79 7.05 17 620.0 0.00
2025 11 06 12 34 19 38 6.99 17 620.0 0.00
2025 11 06 12 35 16 105 6.90 17 620.0 0.00
2025 11 06 12 36 16 70 6.92 18 620.0 0.00
2025 11 06 12 37 15 70 6.89 20 620.0 0.00
2025 11 06 12 38 14 81 6.77 21 620.0 0.00
2025 11 06 12 39 14 68 6.79 18 620.0 0.00
2025 11 06 12 40 16 50 6.80 18 620.0 0.00
2025 11 06 12 41 15 75 6.81 17 620.0 0.00
2025 11 06 12 42 15 64 6.86 16 620.0 0.00
2025 11 06 12 43 16 16 6.90 16 619.9 0.00
2025 11 06 12 44 15 80 6.92 16 619.9 0.00
2025 11 06 12 45 17 47 6.89 15 619.9 0.00
2025 11 06 12 46 18 72 6.97 15 619.9 0.00
2025 11 06 12 47 14 69 7.00 16 619.9 0.00
2025 11 06 12 48 13 86 7.02 16 619.9 0.00
2025 11 06 12 49 14 79 7.04 16 619.9 0.00
2025 11 06 12 50 15 98 7.09 16 619.9 0.00
2025 11 06 12 51 12 66 7.16 17 619.9 0.00
2025 11 06 12 52 15 77 7.29 18 619.9 0.00
2025 11 06 12 53 15 67 7.25 17 619.9 0.00
2025 11 06 12 54 14 93 7.10 18 619.8 0.00
2025 11 06 12 55 14 86 7.05 17 619.8 0.00
2025 11 06 12 56 13 88 7.03 17 619.8 0.00
2025 11 06 12 57 13 98 7.00 16 619.8 0.00
2025 11 06 12 58 12 87 7.00 18 620.1 0.00
2025 11 06 12 59 13 66 7.05 21 619.8 0.00
2025 11 06 13 00 15 86 7.01 20 619.8 0.00
2025 11 06 13 01 14 68 7.09 22 619.8 0.00
2025 11 06 13 02 14 106 7.12 21 619.8 0.00
2025 11 06 13 03 13 74 7.11 19 619.8 0.00
2025 11 06 13 04 12 67 7.11 18 619.8 0.00
2025 11 06 13 05 15 79 7.08 17 619.8 0.00
2025 11 06 13 06 13 65 7.09 16 619.8 0.00
2025 11 06 13 07 13 70 7.05 18 619.8 0.00
2025 11 06 13 08 13 97 6.97 17 619.8 0.00
2025 11 06 13 09 12 77 6.89 17 619.8 0.00
2025 11 06 13 10 13 80 6.89 17 619.8 0.00
2025 11 06 13 11 13 72 6.84 19 619.8 0.00
2025 11 06 13 12 15 69 6.81 19 619.8 0.00
2025 11 06 13 13 11 69 6.81 18 619.8 0.00
2025 11 06 13 14 10 51 6.74 22 619.8 0.00
2025 11 06 13 15 11 74 6.82 20 619.8 0.00
2025 11 06 13 16 12 84 6.80 19 619.8 0.00
2025 11 06 13 17 13 82 6.74 16 619.8 0.00
2025 11 06 13 18 11 87 6.76 16 619.8 0.00
2025 11 06 13 19 11 70 6.71 18 619.8 0.00
2025 11 06 13 20 13 91 6.85 21 619.7 0.00
2025 11 06 13 21 14 78 6.95 19 619.7 0.00
2025 11 06 13 22 13 84 6.91 15 619.7 0.00
2025 11 06 13 23 13 92 6.90 17 619.7 0.00
2025 11 06 13 24 14 73 6.95 18 619.7 0.00
2025 11 06 13 25 10 78 6.87 21 619.7 0.00
2025 11 06 13 26 13 82 6.94 16 619.7 0.00
2025 11 06 13 27 14 95 6.97 17 619.7 0.00
2025 11 06 13 28 16 79 7.06 22 619.6 0.00
2025 11 06 13 29 16 59 7.05 19 619.6 0.00
2025 11 06 13 30 16 77 6.91 18 619.6 0.00
2025 11 06 13 31 15 65 6.79 18 619.6 0.00
2025 11 06 13 32 14 79 6.68 22 619.6 0.00
2025 11 06 13 33 13 78 6.59 19 619.6 0.00
2025 11 06 13 34 14 80 6.51 21 619.6 0.00
2025 11 06 13 35 12 66 6.52 19 619.6 0.00
2025 11 06 13 36 14 50 6.60 17 619.6 0.00
2025 11 06 13 37 20 78 6.72 14 619.6 0.00
2025 11 06 13 38 14 90 6.77 18 619.5 0.00
2025 11 06 13 39 12 74 6.83 18 619.6 0.00
2025 11 06 13 40 13 86 6.92 18 619.6 0.00
2025 11 06 13 41 15 63 6.98 21 619.6 0.00
2025 11 06 13 42 15 93 7.03 22 619.5 0.00
2025 11 06 13 43 13 88 7.06 21 619.5 0.00
2025 11 06 13 44 17 51 7.07 16 619.5 0.00
2025 11 06 13 45 18 79 7.09 14 619.5 0.00
2025 11 06 13 46 14 66 6.93 18 619.5 0.00
2025 11 06 13 47 14 64 6.84 17 619.5 0.00
2025 11 06 13 48 13 79 6.79 18 619.6 0.00
2025 11 06 13 49 12 84 6.87 16 619.6 0.00
2025 11 06 13 50 13 65 7.03 14 619.6 0.00
2025 11 06 13 51 13 76 7.14 14 619.5 0.00
2025 11 06 13 52 14 57 7.24 15 619.5 0.00
2025 11 06 13 53 15 79 7.20 15 619.5 0.00
2025 11 06 13 54 15 77 7.20 13 619.5 0.00
2025 11 06 13 55 15 69 7.29 12 619.5 0.00
2025 11 06 13 56 13 81 7.25 15 619.5 0.00
2025 11 06 13 57 14 84 7.26 12 619.5 0.00
2025 11 06 13 58 13 86 7.28 14 619.5 0.00
2025 11 06 13 59 12 66 7.31 12 619.5 0.00
2025 11 06 14 00 11 53 7.31 15 619.5 0.00
2025 11 06 14 01 14 75 7.32 14 619.5 0.00
2025 11 06 14 02 13 75 7.33 14 619.5 0.00
2025 11 06 14 03 13 68 7.35 16 619.5 0.00
2025 11 06 14 04 13 60 7.30 14 619.5 0.00
2025 11 06 14 05 13 53 7.20 18 619.5 0.00
2025 11 06 14 06 14 51 7.29 17 619.5 0.00
2025 11 06 14 07 13 65 7.33 17 619.5 0.00
2025 11 06 14 08 12 53 7.25 17 619.5 0.00
2025 11 06 14 09 10 61 7.24 14 619.5 0.00
2025 11 06 14 10 11 70 7.32 13 619.5 0.00
2025 11 06 14 11 12 80 7.40 15 619.5 0.00
2025 11 06 14 12 12 65 7.36 15 619.5 0.00
2025 11 06 14 13 11 68 7.37 14 619.5 0.00
2025 11 06 14 14 12 93 7.35 14 619.5 0.00
2025 11 06 14 15 10 87 7.28 14 619.5 0.00
2025 11 06 14 16 8 78 7.26 15 619.5 0.00
2025 11 06 14 17 11 86 7.40 15 619.6 0.00
2025 11 06 14 18 11 72 7.44 16 619.6 0.00
2025 11 06 14 19 12 80 7.40 15 619.6 0.00
2025 11 06 14 20 10 64 7.44 19 619.6 0.00
2025 11 06 14 21 10 65 7.38 14 619.6 0.00
2025 11 06 14 22 10 79 7.43 13 619.5 0.00
2025 11 06 14 23 9 67 7.44 14 619.6 0.00
2025 11 06 14 24 10 78 7.43 14 619.5 0.00
2025 11 06 14 25 11 68 7.36 14 619.5 0.00
2025 11 06 14 26 13 91 7.43 11 619.5 0.00
2025 11 06 14 27 10 65 7.37 12 619.5 0.00
2025 11 06 14 28 10 64 7.27 14 619.5 0.00
2025 11 06 14 29 9 84 7.23 15 619.5 0.00
2025 11 06 14 30 10 53 7.26 15 619.5 0.00
2025 11 06 14 31 12 116 7.24 14 619.5 0.00
2025 11 06 14 32 11 84 7.24 15 619.5 0.00
2025 11 06 14 33 11 80 7.24 16 619.5 0.00
2025 11 06 14 34 12 82 7.21 14 619.5 0.00
2025 11 06 14 35 12 81 7.16 16 619.5 0.00
2025 11 06 14 36 10 79 7.06 17 619.5 0.00
2025 11 06 14 37 10 51 7.09 18 619.5 0.00
2025 11 06 14 38 14 68 7.09 14 619.5 0.00
2025 11 06 14 39 11 67 7.05 12 619.5 0.00
2025 11 06 14 40 10 53 7.07 14 619.5 0.00
2025 11 06 14 41 10 34 7.04 15 619.5 0.00
2025 11 06 14 42 11 84 7.11 14 619.5 0.00
2025 11 06 14 43 11 103 7.09 14 619.5 0.00
2025 11 06 14 44 9 146 7.01 19 619.5 0.00
2025 11 06 14 45 7 72 6.93 19 619.5 0.00
2025 11 06 14 46 10 98 6.94 16 619.5 0.00
2025 11 06 14 47 10 91 6.89 16 619.5 0.00
2025 11 06 14 48 9 82 6.89 17 619.5 0.00
2025 11 06 14 49 8 51 6.85 16 619.6 0.00
2025 11 06 14 50 6 74 6.81 18 619.5 0.00
2025 11 06 14 51 10 62 6.86 14 619.5 0.00
2025 11 06 14 52 10 81 6.90 13 619.5 0.00
2025 11 06 14 53 9 93 6.93 11 619.6 0.00
2025 11 06 14 54 7 76 6.92 11 619.6 0.00
2025 11 06 14 55 7 76 6.99 13 619.6 0.00
2025 11 06 14 56 7 80 6.97 13 619.6 0.00
2025 11 06 14 57 7 61 6.95 13 619.6 0.00
2025 11 06 14 58 8 77 6.95 13 619.6 0.00
2025 11 06 14 59 7 86 6.89 14 619.6 0.00
2025 11 06 15 00 8 63 6.90 12 619.6 0.00
2025 11 06 15 01 7 14 6.91 12 619.6 0.00
2025 11 06 15 02 7 85 6.90 13 619.6 0.00
2025 11 06 15 03 9 89 6.92 12 619.6 0.00
2025 11 06 15 04 9 69 6.89 12 619.6 0.00
2025 11 06 15 05 9 92 6.95 10 619.6 0.00
2025 11 06 15 06 6 75 6.91 12 619.6 0.00
2025 11 06 15 07 8 87 6.95 10 619.6 0.00
2025 11 06 15 08 5 56 6.99 11 619.6 0.00
2025 11 06 15 09 5 89 7.00 12 619.6 0.00
2025 11 06 15 10 6 53 7.04 11 619.6 0.00
2025 11 06 15 11 11 74 7.13 12 619.6 0.00
2025 11 06 15 12 10 65 7.18 11 619.6 0.00
2025 11 06 15 13 11 50 7.15 12 619.6 0.00
2025 11 06 15 14 9 53 7.11 15 619.6 0.00
2025 11 06 15 15 10 55 7.16 14 619.6 0.00
2025 11 06 15 16 10 84 7.13 13 619.6 0.00
2025 11 06 15 17 10 83 7.15 11 619.6 0.00
2025 11 06 15 18 9 96 7.07 11 619.6 0.00
2025 11 06 15 19 7 76 6.94 13 619.6 0.00
2025 11 06 15 20 8 79 6.89 12 619.6 0.00
2025 11 06 15 21 7 74 6.91 12 619.6 0.00
2025 11 06 15 22 7 103 6.92 12 619.6 0.00
2025 11 06 15 23 6 14 6.97 13 619.6 0.00
2025 11 06 15 24 6 91 7.01 13 619.6 0.00
2025 11 06 15 25 7 91 7.03 12 619.6 0.00
2025 11 06 15 26 8 92 7.06 11 619.6 0.00
2025 11 06 15 27 9 86 7.06 12 619.6 0.00
2025 11 06 15 28 9 92 7.06 12 619.6 0.00
2025 11 06 15 29 6 101 6.97 13 619.6 0.00
2025 11 06 15 30 6 78 6.95 12 619.6 0.00
2025 11 06 15 31 8 38 6.88 10 619.6 0.00
2025 11 06 15 32 8 102 6.83 10 619.6 0.00
2025 11 06 15 33 8 81 6.75 11 619.6 0.00
2025 11 06 15 34 8 91 6.73 11 619.6 0.00
2025 11 06 15 35 8 74 6.72 11 619.6 0.00
2025 11 06 15 36 7 75 6.65 12 619.6 0.00
2025 11 06 15 37 8 86 6.63 11 619.6 0.00
2025 11 06 15 38 9 76 6.60 12 619.6 0.00
2025 11 06 15 39 9 98 6.62 12 619.6 0.00
2025 11 06 15 40 8 91 6.58 13 619.6 0.00
2025 11 06 15 41 7 76 6.52 13 619.6 0.00
2025 11 06 15 42 9 81 6.50 13 619.6 0.00
2025 11 06 15 43 9 84 6.46 13 619.6 0.00
2025 11 06 15 44 9 79 6.41 15 619.6 0.00
2025 11 06 15 45 8 80 6.34 15 619.6 0.00
2025 11 06 15 46 7 91 6.28 15 619.6 0.00
2025 11 06 15 47 5 80 6.22 14 619.6 0.00
2025 11 06 15 48 7 96 6.22 13 619.5 0.00
2025 11 06 15 49 7 93 6.20 12 619.5 0.00
2025 11 06 15 50 8 87 6.18 12 619.5 0.00
2025 11 06 15 51 7 86 6.11 13 619.5 0.00
2025 11 06 15 52 6 88 6.06 13 619.5 0.00
2025 11 06 15 53 8 70 6.02 14 619.5 0.00
2025 11 06 15 54 8 98 5.99 14 619.5 0.00
2025 11 06 15 55 7 108 5.99 14 619.5 0.00
2025 11 06 15 56 6 94 5.94 15 619.5 0.00
2025 11 06 15 57 6 68 5.90 16 619.5 0.00
2025 11 06 15 58 7 90 5.87 13 619.6 0.00
2025 11 06 15 59 7 69 5.83 13 619.6 0.00
2025 11 06 16 00 6 89 5.78 14 619.6 0.00
2025 11 06 16 01 4 63 5.74 14 619.6 0.00
2025 11 06 16 02 5 79 5.73 13 619.6 0.00
2025 11 06 16 03 7 78 5.72 12 619.6 0.00
2025 11 06 16 04 8 93 5.70 12 619.6 0.00
2025 11 06 16 05 7 81 5.67 15 619.6 0.00
2025 11 06 16 06 8 79 5.64 14 619.5 0.00
2025 11 06 16 07 8 83 5.62 14 619.6 0.00
2025 11 06 16 08 8 75 5.58 14 619.6 0.00
2025 11 06 16 09 10 75 5.56 12 619.5 0.00
2025 11 06 16 10 9 75 5.53 13 619.5 0.00
2025 11 06 16 11 10 82 5.51 15 619.5 0.00
2025 11 06 16 12 10 85 5.50 13 619.5 0.00
2025 11 06 16 13 9 82 5.48 13 619.5 0.00
2025 11 06 16 14 9 84 5.44 13 619.5 0.00
2025 11 06 16 15 9 84 5.41 15 619.5 0.00
2025 11 06 16 16 10 90 5.38 18 619.5 0.00
2025 11 06 16 17 10 94 5.37 14 619.5 0.00
2025 11 06 16 18 8 57 5.31 15 619.5 0.00
2025 11 06 16 19 7 96 5.24 16 619.5 0.00
2025 11 06 16 20 8 98 5.17 16 619.5 0.00
2025 11 06 16 21 8 86 5.10 17 619.5 0.00
2025 11 06 16 22 9 87 5.06 15 619.5 0.00
2025 11 06 16 23 8 87 5.02 14 619.6 0.00
2025 11 06 16 24 10 82 5.01 12 619.5 0.00
2025 11 06 16 25 10 85 5.02 11 619.5 0.00
2025 11 06 16 26 10 88 5.03 12 619.6 0.00
2025 11 06 16 27 9 88 5.01 14 619.5 0.00
2025 11 06 16 28 8 87 4.98 13 619.5 0.00
2025 11 06 16 29 9 93 4.98 11 619.5 0.00
2025 11 06 16 30 9 82 4.98 12 619.5 0.00
2025 11 06 16 31 9 84 4.98 12 619.5 0.00
2025 11 06 16 32 9 97 4.96 12 619.5 0.00
2025 11 06 16 33 9 91 4.96 11 619.5 0.00
2025 11 06 16 34 9 92 4.95 11 619.5 0.00
2025 11 06 16 35 9 109 4.93 11 619.5 0.00
2025 11 06 16 36 6 93 4.91 12 619.6 0.00
2025 11 06 16 37 6 93 4.86 12 619.6 0.00
2025 11 06 16 38 9 71 4.83 12 619.6 0.00
2025 11 06 16 39 11 80 4.84 11 619.6 0.00
2025 11 06 16 40 8 80 4.83 13 619.6 0.00
2025 11 06 16 41 7 93 4.82 13 619.6 0.00
2025 11 06 16 42 5 90 4.79 13 619.6 0.00
2025 11 06 16 43 6 90 4.76 12 619.6 0.00
2025 11 06 16 44 6 83 4.73 13 619.6 0.00
2025 11 06 16 45 7 97 4.71 12 619.6 0.00
2025 11 06 16 46 6 99 4.70 11 619.7 0.00
2025 11 06 16 47 6 97 4.68 12 619.7 0.00
2025 11 06 16 48 7 98 4.72 10 619.7 0.00
2025 11 06 16 49 7 98 4.77 9 619.7 0.00
2025 11 06 16 50 7 99 4.82 9 619.8 0.00
2025 11 06 16 51 6 48 4.87 9 619.8 0.00
2025 11 06 16 52 6 97 4.89 9 619.8 0.00
2025 11 06 16 53 5 100 4.90 9 619.8 0.00
2025 11 06 16 54 4 106 4.91 9 619.8 0.00
2025 11 06 16 55 4 97 4.92 8 619.8 0.00
2025 11 06 16 56 4 93 4.93 8 619.8 0.00
2025 11 06 16 57 5 93 4.95 8 619.8 0.00
2025 11 06 16 58 5 97 4.98 8 619.7 0.00
2025 11 06 16 59 5 93 4.98 8 619.7 0.00
2025 11 06 17 00 6 100 4.98 8 619.7 0.00
2025 11 06 17 01 6 98 4.98 8 619.7 0.00
2025 11 06 17 02 5 96 4.98 8 619.7 0.00
2025 11 06 17 03 6 95 4.99 8 619.7 0.00
2025 11 06 17 04 6 92 4.99 8 619.7 0.00
2025 11 06 17 05 6 94 4.99 8 619.7 0.00
2025 11 06 17 06 6 93 4.99 8 619.8 0.00
2025 11 06 17 07 5 93 5.00 8 619.8 0.00
2025 11 06 17 08 5 94 5.02 8 619.8 0.00
2025 11 06 17 09 5 96 5.04 8 619.8 0.00
2025 11 06 17 10 6 94 5.01 8 619.8 0.00
2025 11 06 17 11 5 92 5.01 8 619.8 0.00
2025 11 06 17 12 5 92 4.98 8 619.8 0.00
2025 11 06 17 13 5 100 4.98 8 619.8 0.00
2025 11 06 17 14 4 97 4.95 9 619.8 0.00
2025 11 06 17 15 3 93 4.90 10 619.8 0.00
2025 11 06 17 16 3 114 4.86 9 619.8 0.00
2025 11 06 17 17 2 106 4.86 9 619.8 0.00
2025 11 06 17 18 2 97 4.79 10 619.8 0.00
2025 11 06 17 19 4 98 4.71 9 619.8 0.00
2025 11 06 17 20 5 105 4.65 9 619.8 0.00
2025 11 06 17 21 4 102 4.66 8 619.8 0.00
2025 11 06 17 22 3 114 4.70 8 619.8 0.00
2025 11 06 17 23 2 111 4.72 8 619.8 0.00
2025 11 06 17 24 2 104 4.74 8 619.8 0.00
2025 11 06 17 25 3 106 4.74 8 619.8 0.00
2025 11 06 17 26 3 107 4.74 8 619.9 0.00
2025 11 06 17 27 2 110 4.74 8 619.9 0.00
2025 11 06 17 28 0 107 4.72 8 619.9 0.00
2025 11 06 17 29 0 109 4.71 8 619.9 0.00
2025 11 06 17 30 1 107 4.69 8 619.9 0.00
2025 11 06 17 31 1 113 4.68 8 619.9 0.00
2025 11 06 17 32 0 112 4.69 8 620.0 0.00
2025 11 06 17 33 0 128 4.72 8 620.0 0.00
2025 11 06 17 34 0 130 4.79 8 620.0 0.00
2025 11 06 17 35 0 127 4.88 8 620.0 0.00
2025 11 06 17 36 0 133 4.96 7 620.0 0.00
2025 11 06 17 37 0 120 5.03 8 620.0 0.00
2025 11 06 17 38 0 96 5.11 7 620.0 0.00
2025 11 06 17 39 0 94 5.19 7 620.0 0.00
2025 11 06 17 40 0 89 5.21 7 620.0 0.00
2025 11 06 17 41 0 78 5.17 8 620.0 0.00
2025 11 06 17 42 0 69 5.10 8 620.0 0.00
2025 11 06 17 43 0 65 5.00 8 620.0 0.00
2025 11 06 17 44 0 63 4.90 8 620.1 0.00
2025 11 06 17 45 0 62 4.79 9 620.1 0.00
2025 11 06 17 46 0 64 4.67 9 620.1 0.00
2025 11 06 17 47 0 63 4.56 9 620.1 0.00
2025 11 06 17 48 0 66 4.46 10 620.1 0.00
2025 11 06 17 49 0 65 4.37 9 620.1 0.00
2025 11 06 17 50 0 66 4.29 9 620.1 0.00
2025 11 06 17 51 0 67 4.25 9 620.1 0.00
2025 11 06 17 52 0 78 4.25 9 620.1 0.00
2025 11 06 17 53 0 86 4.27 8 620.1 0.00
2025 11 06 17 54 2 87 4.28 8 620.1 0.00
2025 11 06 17 55 3 91 4.27 9 620.1 0.00
2025 11 06 17 56 2 99 4.22 9 620.1 0.00
2025 11 06 17 57 1 108 4.21 9 620.1 0.00
2025 11 06 17 58 0 103 4.22 9 620.1 0.00
2025 11 06 17 59 0 100 4.23 8 620.1 0.00
2025 11 06 18 00 0 130 4.27 8 620.1 0.00
2025 11 06 18 01 0 0 4.29 8 620.1 0.00
2025 11 06 18 02 0 108 4.32 8 620.1 0.00
2025 11 06 18 03 1 103 4.34 8 620.1 0.00
2025 11 06 18 04 2 110 4.33 8 620.2 0.00
2025 11 06 18 05 1 129 4.35 8 620.2 0.00
2025 11 06 18 06 0 111 4.36 8 620.2 0.00
2025 11 06 18 07 0 44 4.35 8 620.2 0.00
2025 11 06 18 08 1 123 4.34 8 620.2 0.00
2025 11 06 18 09 1 109 4.34 8 620.3 0.00
2025 11 06 18 10 1 108 4.33 8 620.3 0.00
2025 11 06 18 11 1 108 4.30 8 620.3 0.00
2025 11 06 18 12 0 12 4.31 8 620.3 0.00
2025 11 06 18 13 0 118 4.32 8 620.3 0.00
2025 11 06 18 14 0 0 4.36 8 620.2 0.00
2025 11 06 18 15 1 85 4.38 8 620.2 0.00
2025 11 06 18 16 2 106 4.40 8 620.2 0.00
2025 11 06 18 17 2 98 4.42 8 620.2 0.00
2025 11 06 18 18 2 106 4.43 8 620.2 0.00
2025 11 06 18 19 2 99 4.40 8 620.2 0.00
2025 11 06 18 20 2 101 4.37 8 620.2 0.00
2025 11 06 18 21 2 101 4.34 8 620.2 0.00
2025 11 06 18 22 3 104 4.31 8 620.2 0.00
2025 11 06 18 23 3 106 4.30 8 620.2 0.00
2025 11 06 18 24 3 93 4.29 8 620.2 0.00
2025 11 06 18 25 3 93 4.25 8 620.2 0.00
2025 11 06 18 26 5 104 4.18 8 620.2 0.00
2025 11 06 18 27 5 96 4.11 9 620.2 0.00
2025 11 06 18 28 5 97 4.05 9 620.2 0.00
2025 11 06 18 29 4 60 4.04 9 620.2 0.00
2025 11 06 18 30 3 81 4.03 9 620.2 0.00
2025 11 06 18 31 3 0 4.03 9 620.3 0.00
2025 11 06 18 32 2 101 4.02 9 620.3 0.00
2025 11 06 18 33 3 108 3.98 9 620.3 0.00
2025 11 06 18 34 3 100 3.99 9 620.3 0.00
2025 11 06 18 35 2 110 4.01 8 620.3 0.00
2025 11 06 18 36 2 109 4.03 8 620.3 0.00
2025 11 06 18 37 3 107 4.09 8 620.4 0.00
2025 11 06 18 38 3 106 4.16 8 620.4 0.00
2025 11 06 18 39 3 148 4.23 8 620.4 0.00
2025 11 06 18 40 1 106 4.30 8 620.4 0.00
2025 11 06 18 41 2 93 4.33 8 620.4 0.00
2025 11 06 18 42 2 118 4.38 8 620.4 0.00
2025 11 06 18 43 1 150 4.43 8 620.4 0.00
2025 11 06 18 44 2 170 4.47 7 620.5 0.00
2025 11 06 18 45 1 110 4.51 7 620.5 0.00
2025 11 06 18 46 1 95 4.50 7 620.5 0.00
2025 11 06 18 47 2 86 4.49 7 620.5 0.00
2025 11 06 18 48 3 21 4.50 7 620.5 0.00
2025 11 06 18 49 3 101 4.50 7 620.5 0.00
2025 11 06 18 50 3 90 4.52 7 620.5 0.00
2025 11 06 18 51 4 79 4.50 7 620.5 0.00
2025 11 06 18 52 4 89 4.47 8 620.5 0.00
2025 11 06 18 53 4 72 4.42 8 620.5 0.00
2025 11 06 18 54 4 93 4.38 8 620.5 0.00
2025 11 06 18 55 4 93 4.33 8 620.5 0.00
2025 11 06 18 56 4 95 4.27 8 620.5 0.00
2025 11 06 18 57 4 84 4.22 8 620.5 0.00
2025 11 06 18 58 5 76 4.16 8 620.5 0.00
2025 11 06 18 59 5 86 4.08 8 620.5 0.00
2025 11 06 19 00 5 85 4.05 8 620.5 0.00
2025 11 06 19 01 4 92 4.05 8 620.5 0.00
2025 11 06 19 02 3 97 4.09 8 620.5 0.00
2025 11 06 19 03 2 117 4.12 8 620.5 0.00
2025 11 06 19 04 1 98 4.13 8 620.5 0.00
2025 11 06 19 05 3 88 4.13 8 620.6 0.00
2025 11 06 19 06 4 92 4.11 8 620.6 0.00
2025 11 06 19 07 4 92 4.09 8 620.6 0.00
2025 11 06 19 08 4 88 4.07 8 620.6 0.00
2025 11 06 19 09 5 91 4.07 8 620.6 0.00
2025 11 06 19 10 4 92 4.08 8 620.6 0.00
2025 11 06 19 11 3 78 4.05 8 620.6 0.00
2025 11 06 19 12 2 80 3.99 9 620.6 0.00
2025 11 06 19 13 1 75 3.98 9 620.6 0.00
2025 11 06 19 14 1 58 3.94 9 620.6 0.00
2025 11 06 19 15 1 67 3.86 10 620.6 0.00
2025 11 06 19 16 2 14 3.74 11 620.6 0.00
2025 11 06 19 17 2 98 3.64 10 620.6 0.00
2025 11 06 19 18 2 97 3.55 11 620.6 0.00
2025 11 06 19 19 3 97 3.49 11 620.6 0.00
2025 11 06 19 20 4 96 3.43 11 620.6 0.00
2025 11 06 19 21 4 96 3.36 11 620.6 0.00
2025 11 06 19 22 4 86 3.27 12 620.6 0.00
2025 11 06 19 23 4 84 3.20 12 620.6 0.00
2025 11 06 19 24 5 89 3.12 12 620.6 0.00
2025 11 06 19 25 5 94 3.07 12 620.6 0.00
2025 11 06 19 26 6 95 3.00 12 620.6 0.00
2025 11 06 19 27 7 92 2.91 12 620.6 0.00
2025 11 06 19 28 7 93 2.86 12 620.7 0.00
2025 11 06 19 29 6 87 2.81 12 620.9 0.00
2025 11 06 19 30 6 89 2.79 11 620.7 0.00
2025 11 06 19 31 6 93 2.79 11 620.7 0.00
2025 11 06 19 32 7 101 2.78 11 620.7 0.00
2025 11 06 19 33 8 90 2.72 12 620.7 0.00
2025 11 06 19 34 8 99 2.69 12 620.6 0.00
2025 11 06 19 35 8 97 2.65 12 620.6 0.00
2025 11 06 19 36 7 96 2.66 12 620.6 0.00
2025 11 06 19 37 7 97 2.66 12 620.7 0.00
2025 11 06 19 38 8 97 2.63 12 620.6 0.00
2025 11 06 19 39 7 101 2.63 13 620.7 0.00
2025 11 06 19 40 7 102 2.58 13 620.7 0.00
2025 11 06 19 41 8 95 2.52 13 620.7 0.00
2025 11 06 19 42 7 100 2.48 12 620.7 0.00
2025 11 06 19 43 7 86 2.49 12 620.7 0.00
2025 11 06 19 44 7 93 2.51 12 620.7 0.00
2025 11 06 19 45 9 86 2.46 13 620.7 0.00
2025 11 06 19 46 9 89 2.41 13 620.7 0.00
2025 11 06 19 47 8 85 2.37 13 620.7 0.00
2025 11 06 19 48 7 95 2.35 13 620.7 0.00
2025 11 06 19 49 8 113 2.32 13 620.7 0.00
2025 11 06 19 50 7 97 2.31 13 620.7 0.00
2025 11 06 19 51 8 75 2.36 12 620.8 0.00
2025 11 06 19 52 8 100 2.43 11 620.8 0.00
2025 11 06 19 53 7 98 2.46 12 620.8 0.00
2025 11 06 19 54 7 98 2.44 12 620.8 0.00
2025 11 06 19 55 7 103 2.47 12 620.8 0.00
2025 11 06 19 56 7 101 2.50 12 620.8 0.00
2025 11 06 19 57 6 105 2.51 12 620.8 0.00
2025 11 06 19 58 6 101 2.51 12 620.8 0.00
2025 11 06 19 59 7 97 2.51 13 620.8 0.00
2025 11 06 20 00 9 103 2.48 12 620.8 0.00
2025 11 06 20 01 8 96 2.49 12 620.8 0.00
2025 11 06 20 02 8 97 2.51 12 620.8 0.00
2025 11 06 20 03 10 97 2.48 13 620.8 0.00
2025 11 06 20 04 11 101 2.45 13 620.8 0.00
2025 11 06 20 05 10 96 2.43 13 620.8 0.00
2025 11 06 20 06 10 92 2.43 12 620.8 0.00
2025 11 06 20 07 9 90 2.49 11 620.8 0.00
2025 11 06 20 08 9 96 2.54 12 620.8 0.00
2025 11 06 20 09 10 95 2.57 11 620.8 0.00
2025 11 06 20 10 9 13 2.62 11 620.8 0.00
2025 11 06 20 11 9 96 2.65 10 620.8 0.00
2025 11 06 20 12 9 96 2.72 10 620.9 0.00
2025 11 06 20 13 8 97 2.77 10 620.9 0.00
2025 11 06 20 14 6 52 2.83 10 620.9 0.00
2025 11 06 20 15 7 99 2.88 10 620.9 0.00
2025 11 06 20 16 7 100 2.87 10 620.9 0.00
2025 11 06 20 17 6 108 2.88 10 621.0 0.00
2025 11 06 20 18 5 100 2.90 10 621.0 0.00
2025 11 06 20 19 5 96 2.95 10 621.0 0.00
2025 11 06 20 20 5 64 3.04 10 621.0 0.00
2025 11 06 20 21 6 101 3.06 10 621.0 0.00
2025 11 06 20 22 6 109 3.03 10 621.0 0.00
2025 11 06 20 23 4 101 3.04 10 621.0 0.00
2025 11 06 20 24 5 86 3.04 10 621.0 0.00
2025 11 06 20 25 5 96 3.12 9 621.0 0.00
2025 11 06 20 26 6 98 3.22 9 621.0 0.00
2025 11 06 20 27 6 80 3.32 9 621.0 0.00
2025 11 06 20 28 7 91 3.45 8 621.0 0.00
2025 11 06 20 29 7 90 3.54 8 621.0 0.00
2025 11 06 20 30 7 93 3.55 9 621.0 0.00
2025 11 06 20 31 6 95 3.54 9 621.0 0.00
2025 11 06 20 32 7 97 3.57 9 621.0 0.00
2025 11 06 20 33 7 96 3.68 8 621.0 0.00
2025 11 06 20 34 7 94 3.74 9 621.0 0.00
2025 11 06 20 35 8 100 3.76 8 621.0 0.00
2025 11 06 20 36 7 85 3.80 8 621.0 0.00
2025 11 06 20 37 8 93 3.86 8 621.0 0.00
2025 11 06 20 38 8 101 3.89 8 621.0 0.00
2025 11 06 20 39 7 96 3.87 9 621.0 0.00
2025 11 06 20 40 7 96 3.78 9 621.0 0.00
2025 11 06 20 41 7 107 3.68 9 621.0 0.00
2025 11 06 20 42 6 13 3.56 10 621.0 0.00
2025 11 06 20 43 7 99 3.45 11 620.9 0.00
2025 11 06 20 44 8 98 3.35 11 620.9 0.00
2025 11 06 20 45 8 92 3.24 11 620.9 0.00
2025 11 06 20 46 8 86 3.21 10 620.9 0.00
2025 11 06 20 47 8 96 3.21 10 620.9 0.00
2025 11 06 20 48 8 89 3.18 10 620.9 0.00
2025 11 06 20 49 7 102 3.18 10 620.9 0.00
2025 11 06 20 50 8 96 3.13 11 620.9 0.00
2025 11 06 20 51 6 70 3.14 11 621.0 0.00
2025 11 06 20 52 7 74 3.15 10 621.0 0.00
2025 11 06 20 53 9 91 3.21 10 621.0 0.00
2025 11 06 20 54 8 98 3.32 9 621.0 0.00
2025 11 06 20 55 7 84 3.39 9 621.0 0.00
2025 11 06 20 56 8 91 3.47 8 621.0 0.00
2025 11 06 20 57 7 87 3.48 9 621.0 0.00
2025 11 06 20 58 7 95 3.43 10 620.9 0.00
2025 11 06 20 59 7 96 3.35 10 621.0 0.00
2025 11 06 21 00 7 97 3.26 11 621.0 0.00
2025 11 06 21 01 5 100 3.19 11 621.0 0.00
2025 11 06 21 02 4 105 3.16 11 621.0 0.00
2025 11 06 21 03 3 104 3.11 12 621.0 0.00
2025 11 06 21 04 4 99 3.06 12 621.0 0.00
2025 11 06 21 05 4 97 3.01 12 621.0 0.00
2025 11 06 21 06 3 87 2.98 12 621.0 0.00
2025 11 06 21 07 3 88 2.99 11 621.0 0.00
2025 11 06 21 08 3 84 3.03 11 621.0 0.00
2025 11 06 21 09 2 89 3.07 11 621.0 0.00
2025 11 06 21 10 3 90 3.05 12 621.0 0.00
2025 11 06 21 11 3 94 3.00 13 621.0 0.00
2025 11 06 21 12 3 87 2.92 13 621.0 0.00
2025 11 06 21 13 4 93 2.84 14 621.0 0.00
2025 11 06 21 14 4 94 2.79 13 621.0 0.00
2025 11 06 21 15 4 92 2.78 12 621.0 0.00
2025 11 06 21 16 5 91 2.78 12 621.0 0.00
2025 11 06 21 17 6 93 2.71 13 620.9 0.00
2025 11 06 21 18 7 86 2.67 13 620.9 0.00
2025 11 06 21 19 8 90 2.62 13 620.9 0.00
2025 11 06 21 20 8 85 2.52 14 620.9 0.00
2025 11 06 21 21 8 86 2.43 14 620.9 0.00
2025 11 06 21 22 9 87 2.35 14 620.9 0.00
2025 11 06 21 23 8 87 2.33 14 620.9 0.00
2025 11 06 21 24 7 91 2.30 14 620.9 0.00
2025 11 06 21 25 7 92 2.28 14 620.9 0.00
2025 11 06 21 26 7 96 2.26 14 620.9 0.00
2025 11 06 21 27 7 90 2.21 14 620.8 0.00
2025 11 06 21 28 8 91 2.17 14 620.9 0.00
2025 11 06 21 29 8 91 2.23 13 620.9 0.00
2025 11 06 21 30 5 104 2.29 14 620.9 0.00
2025 11 06 21 31 5 104 2.32 15 620.9 0.00
2025 11 06 21 32 6 98 2.33 14 620.9 0.00
2025 11 06 21 33 6 86 2.36 14 620.9 0.00
2025 11 06 21 34 4 90 2.44 14 620.9 0.00
2025 11 06 21 35 5 90 2.40 16 620.9 0.00
2025 11 06 21 36 5 89 2.33 16 620.9 0.00
2025 11 06 21 37 5 98 2.30 16 620.9 0.00
2025 11 06 21 38 6 91 2.26 17 620.9 0.00
2025 11 06 21 39 7 93 2.21 18 620.9 0.00
2025 11 06 21 40 7 90 2.15 17 620.8 0.00
2025 11 06 21 41 8 83 2.16 16 620.8 0.00
2025 11 06 21 42 5 99 2.21 15 620.8 0.00
2025 11 06 21 43 4 85 2.25 16 620.8 0.00
2025 11 06 21 44 4 103 2.21 17 620.8 0.00
2025 11 06 21 45 4 102 2.18 17 620.9 0.00
2025 11 06 21 46 6 106 2.20 17 620.9 0.00
2025 11 06 21 47 7 109 2.15 17 620.9 0.00
2025 11 06 21 48 7 103 2.09 17 620.9 0.00
2025 11 06 21 49 7 97 2.06 17 620.9 0.00
2025 11 06 21 50 7 79 1.98 18 620.9 0.00
2025 11 06 21 51 8 99 1.82 18 620.9 0.00
2025 11 06 21 52 9 95 1.76 18 620.9 0.00
2025 11 06 21 53 7 99 1.75 18 620.9 0.00
2025 11 06 21 54 5 105 1.78 17 620.9 0.00
2025 11 06 21 55 5 96 1.80 16 620.9 0.00
2025 11 06 21 56 6 95 1.85 16 620.8 0.00
2025 11 06 21 57 8 96 1.89 16 620.8 0.00
2025 11 06 21 58 7 98 1.91 17 620.8 0.00
2025 11 06 21 59 6 99 1.92 16 620.8 0.00
2025 11 06 22 00 7 91 1.92 16 620.8 0.00
2025 11 06 22 01 9 88 1.93 17 620.8 0.00
2025 11 06 22 02 8 97 1.91 18 620.8 0.00
2025 11 06 22 03 8 97 1.90 17 620.8 0.00
2025 11 06 22 04 8 96 1.91 16 620.8 0.00
2025 11 06 22 05 7 54 1.97 15 620.8 0.00
2025 11 06 22 06 7 98 2.04 15 620.8 0.00
2025 11 06 22 07 8 99 2.03 16 620.7 0.00
2025 11 06 22 08 9 96 1.98 16 620.7 0.00
2025 11 06 22 09 9 101 1.96 16 620.7 0.00
2025 11 06 22 10 8 100 1.96 16 620.7 0.00
2025 11 06 22 11 7 98 2.00 15 620.7 0.00
2025 11 06 22 12 8 99 2.04 16 620.7 0.00
2025 11 06 22 13 9 99 2.05 17 620.7 0.00
2025 11 06 22 14 8 97 2.05 17 620.7 0.00
2025 11 06 22 15 7 99 2.08 16 620.7 0.00
2025 11 06 22 16 6 97 2.15 15 620.7 0.00
2025 11 06 22 17 6 103 2.20 15 620.7 0.00
2025 11 06 22 18 8 101 2.18 15 620.7 0.00
2025 11 06 22 19 7 100 2.17 15 620.7 0.00
2025 11 06 22 20 8 101 2.16 15 620.7 0.00
2025 11 06 22 21 8 99 2.18 16 620.7 0.00
2025 11 06 22 22 8 97 2.16 16 620.7 0.00
2025 11 06 22 23 7 98 2.14 16 620.7 0.00
2025 11 06 22 24 8 91 2.13 16 620.7 0.00
2025 11 06 22 25 8 93 2.07 17 620.7 0.00
2025 11 06 22 26 8 94 2.03 17 620.7 0.00
2025 11 06 22 27 9 95 1.98 18 620.7 0.00
2025 11 06 22 28 10 90 1.92 18 620.7 0.00
2025 11 06 22 29 8 20 1.88 20 620.7 0.00
2025 11 06 22 30 7 92 1.83 21 620.7 0.00
2025 11 06 22 31 8 80 1.72 20 620.7 0.00
2025 11 06 22 32 9 85 1.64 22 620.7 0.00
2025 11 06 22 33 9 93 1.63 23 620.7 0.00
2025 11 06 22 34 6 84 1.65 23 620.7 0.00
2025 11 06 22 35 6 89 1.61 22 620.7 0.00
2025 11 06 22 36 6 90 1.53 19 620.7 0.00
2025 11 06 22 37 9 93 1.45 19 620.7 0.00
2025 11 06 22 38 9 79 1.41 20 620.7 0.00
2025 11 06 22 39 8 84 1.40 22 620.7 0.00
2025 11 06 22 40 8 90 1.33 21 620.7 0.00
2025 11 06 22 41 8 79 1.28 21 620.7 0.00
2025 11 06 22 42 9 11 1.25 21 620.7 0.00
2025 11 06 22 43 8 78 1.21 23 620.7 0.00
2025 11 06 22 44 9 81 1.22 23 620.6 0.00
2025 11 06 22 45 8 91 1.22 23 620.6 0.00
2025 11 06 22 46 8 33 1.21 23 620.6 0.00
2025 11 06 22 47 8 97 1.22 23 620.6 0.00
2025 11 06 22 48 8 105 1.23 23 620.6 0.00
2025 11 06 22 49 7 100 1.24 22 620.6 0.00
2025 11 06 22 50 8 99 1.29 22 620.6 0.00
2025 11 06 22 51 8 98 1.32 22 620.6 0.00
2025 11 06 22 52 9 93 1.34 21 620.6 0.00
2025 11 06 22 53 8 93 1.43 21 620.6 0.00
2025 11 06 22 54 8 95 1.48 22 620.6 0.00
2025 11 06 22 55 8 92 1.47 23 620.6 0.00
2025 11 06 22 56 8 93 1.42 24 620.6 0.00
2025 11 06 22 57 8 93 1.41 24 620.6 0.00
2025 11 06 22 58 7 95 1.44 22 620.6 0.00
2025 11 06 22 59 7 97 1.46 21 620.6 0.00
2025 11 06 23 00 8 93 1.51 19 620.6 0.00
2025 11 06 23 01 7 86 1.60 17 620.6 0.00
2025 11 06 23 02 6 2 1.72 17 620.6 0.00
2025 11 06 23 03 5 89 1.79 17 620.6 0.00
2025 11 06 23 04 5 84 1.81 16 620.6 0.00
2025 11 06 23 05 3 102 1.95 16 620.6 0.00
2025 11 06 23 06 1 103 2.06 18 620.7 0.00
2025 11 06 23 07 0 107 2.14 16 620.7 0.00
2025 11 06 23 08 0 110 2.26 14 620.7 0.00
2025 11 06 23 09 0 124 2.37 14 620.7 0.00
2025 11 06 23 10 0 124 2.47 14 620.7 0.00
2025 11 06 23 11 0 124 2.56 13 620.7 0.00
2025 11 06 23 12 0 124 2.61 15 620.7 0.00
2025 11 06 23 13 0 92 2.65 16 620.6 0.00
2025 11 06 23 14 0 96 2.62 18 620.6 0.00
2025 11 06 23 15 0 89 2.55 20 620.6 0.00
2025 11 06 23 16 0 104 2.47 20 620.6 0.00
2025 11 06 23 17 1 90 2.39 21 620.6 0.00
2025 11 06 23 18 1 95 2.33 23 620.6 0.00
2025 11 06 23 19 1 104 2.24 20 620.6 0.00
2025 11 06 23 20 1 102 2.22 19 620.6 0.00
2025 11 06 23 21 0 100 2.25 17 620.6 0.00
2025 11 06 23 22 0 94 2.30 18 620.6 0.00
2025 11 06 23 23 2 106 2.29 18 620.6 0.00
2025 11 06 23 24 3 48 2.22 19 620.6 0.00
2025 11 06 23 25 3 119 2.14 19 620.6 0.00
2025 11 06 23 26 4 118 2.09 20 620.6 0.00
2025 11 06 23 27 2 135 2.08 17 620.6 0.00
2025 11 06 23 28 1 129 2.13 16 620.6 0.00
2025 11 06 23 29 1 125 2.18 17 620.6 0.00
2025 11 06 23 30 0 132 2.20 18 620.6 0.00
2025 11 06 23 31 0 122 2.21 18 620.6 0.00
2025 11 06 23 32 0 116 2.22 18 620.6 0.00
2025 11 06 23 33 0 122 2.23 17 620.6 0.00
2025 11 06 23 34 0 143 2.27 16 620.6 0.00
2025 11 06 23 35 0 127 2.35 15 620.6 0.00
2025 11 06 23 36 0 123 2.44 14 620.6 0.00
2025 11 06 23 37 0 120 2.53 13 620.6 0.00
2025 11 06 23 38 0 122 2.60 13 620.6 0.00
2025 11 06 23 39 0 122 2.63 15 620.6 0.00
2025 11 06 23 40 0 118 2.64 14 620.6 0.00
2025 11 06 23 41 0 110 2.71 12 620.6 0.00
2025 11 06 23 42 0 108 2.83 12 620.6 0.00
2025 11 06 23 43 1 117 2.86 13 620.6 0.00
2025 11 06 23 44 1 76 2.85 14 620.6 0.00
2025 11 06 23 45 3 117 2.78 16 620.5 0.00
2025 11 06 23 46 5 124 2.66 18 620.5 0.00
2025 11 06 23 47 4 120 2.54 18 620.5 0.00
2025 11 06 23 48 4 0 2.45 18 620.5 0.00
2025 11 06 23 49 3 106 2.37 19 620.5 0.00
2025 11 06 23 50 4 119 2.28 20 620.5 0.00
2025 11 06 23 51 5 81 2.22 20 620.5 0.00
2025 11 06 23 52 4 24 2.19 19 620.5 0.00
2025 11 06 23 53 5 34 2.12 20 620.5 0.00
2025 11 06 23 54 4 139 2.02 23 620.5 0.00
2025 11 06 23 55 5 116 1.92 26 620.5 0.00
2025 11 06 23 56 4 116 1.84 26 620.5 0.00
2025 11 06 23 57 4 120 1.79 24 620.5 0.00
2025 11 06 23 58 4 100 1.74 26 620.5 0.00
2025 11 06 23 59 4 116 1.67 28 620.5 0.00
2025 11 07 00 00 5 127 1.64 28 620.5 0.00
2025 11 07 00 01 3 152 1.63 27 620.5 0.00
2025 11 07 00 02 1 20 1.61 29 620.4 0.00
2025 11 07 00 03 1 157 1.58 31 620.4 0.00
2025 11 07 00 04 4 105 1.54 28 620.4 0.00
2025 11 07 00 05 4 122 1.53 27 620.4 0.00
2025 11 07 00 06 3 92 1.50 33 620.4 0.00
2025 11 07 00 07 3 169 1.43 34 620.4 0.00
2025 11 07 00 08 3 108 1.39 33 620.4 0.00
2025 11 07 00 09 3 124 1.40 28 620.3 0.00
2025 11 07 00 10 5 111 1.46 24 620.3 0.00
2025 11 07 00 11 5 118 1.51 24 620.3 0.00
2025 11 07 00 12 5 143 1.54 24 620.3 0.00
2025 11 07 00 13 4 156 1.54 30 620.3 0.00
2025 11 07 00 14 4 143 1.44 42 620.3 0.00
2025 11 07 00 15 5 201 1.44 29 620.3 0.00
2025 11 07 00 16 2 181 1.53 21 620.3 0.00
2025 11 07 00 17 0 188 1.68 18 620.3 0.00
2025 11 07 00 18 0 191 1.85 17 620.4 0.00
2025 11 07 00 19 0 143 1.96 17 620.4 0.00
2025 11 07 00 20 0 94 2.13 17 620.4 0.00
2025 11 07 00 21 0 160 2.21 16 620.4 0.00
2025 11 07 00 22 0 148 2.34 14 620.4 0.00
2025 11 07 00 23 0 160 2.46 13 620.4 0.00
2025 11 07 00 24 0 150 2.55 14 620.4 0.00
2025 11 07 00 25 0 165 2.61 14 620.4 0.00
2025 11 07 00 26 0 149 2.66 14 620.4 0.00
2025 11 07 00 27 0 150 2.71 13 620.4 0.00
2025 11 07 00 28 0 160 2.75 13 620.4 0.00
2025 11 07 00 29 0 153 2.82 17 620.4 0.00
2025 11 07 00 30 0 155 2.78 21 620.4 0.00
2025 11 07 00 31 0 169 2.78 19 620.3 0.00
2025 11 07 00 32 0 169 2.81 16 620.3 0.00
2025 11 07 00 33 0 176 2.87 15 620.3 0.00
2025 11 07 00 34 1 100 2.93 15 620.3 0.00
2025 11 07 00 35 0 156 2.94 16 620.3 0.00
2025 11 07 00 36 0 181 2.98 14 620.3 0.00
2025 11 07 00 37 0 172 3.03 15 620.2 0.00
2025 11 07 00 38 1 159 3.01 20 620.2 0.00
2025 11 07 00 39 0 168 2.88 23 620.2 0.00
2025 11 07 00 40 1 142 2.73 27 620.2 0.00
2025 11 07 00 41 1 120 2.58 27 620.2 0.00
2025 11 07 00 42 0 132 2.46 29 620.1 0.00
2025 11 07 00 43 0 95 2.38 26 620.1 0.00
2025 11 07 00 44 1 125 2.32 26 620.1 0.00
2025 11 07 00 45 2 159 2.27 25 620.1 0.00
2025 11 07 00 46 5 130 2.13 38 620.1 0.00
2025 11 07 00 47 7 28 1.96 36 620.1 0.00
2025 11 07 00 48 5 113 1.87 31 620.1 0.00
2025 11 07 00 49 4 161 1.84 26 620.1 0.00
2025 11 07 00 50 3 146 1.88 20 620.1 0.00
2025 11 07 00 51 3 136 1.98 17 620.2 0.00
2025 11 07 00 52 3 141 2.07 17 620.2 0.00
2025 11 07 00 53 3 127 2.15 17 620.2 0.00
2025 11 07 00 54 3 144 2.23 18 620.2 0.00
2025 11 07 00 55 1 70 2.27 19 620.2 0.00
2025 11 07 00 56 1 176 2.30 20 620.1 0.00
2025 11 07 00 57 2 92 2.27 29 620.1 0.00
2025 11 07 00 58 2 159 2.11 38 620.1 0.00
2025 11 07 00 59 3 160 1.98 32 620.0 0.00
2025 11 07 01 00 2 179 1.90 28 620.0 0.00
2025 11 07 01 01 3 159 1.85 30 620.0 0.00
2025 11 07 01 02 3 137 1.83 28 620.0 0.00
2025 11 07 01 03 4 144 1.84 25 620.0 0.00
2025 11 07 01 04 4 194 1.87 25 620.0 0.00
2025 11 07 01 05 4 141 1.90 23 620.0 0.00
2025 11 07 01 06 3 105 1.95 20 620.0 0.00
2025 11 07 01 07 3 118 2.03 20 620.0 0.00
2025 11 07 01 08 2 138 1.98 39 620.0 0.00
2025 11 07 01 09 5 102 1.77 52 620.0 0.00
2025 11 07 01 10 5 144 1.59 49 620.1 0.00
2025 11 07 01 11 5 106 1.46 44 620.0 0.00
2025 11 07 01 12 5 130 1.35 50 620.0 0.00
2025 11 07 01 13 8 136 1.20 52 620.0 0.00
2025 11 07 01 14 8 142 1.10 42 620.0 0.00
2025 11 07 01 15 6 132 1.09 42 620.0 0.00
2025 11 07 01 16 7 130 1.00 54 619.9 0.00
2025 11 07 01 17 6 111 0.88 61 619.9 0.00
2025 11 07 01 18 8 132 0.77 59 619.9 0.00
2025 11 07 01 19 8 118 0.67 64 619.8 0.00
2025 11 07 01 20 8 101 0.54 65 619.8 0.00
2025 11 07 01 21 5 116 0.43 69 619.8 0.00
2025 11 07 01 22 5 165 0.29 71 619.8 0.00
2025 11 07 01 23 5 110 0.18 70 619.8 0.00
2025 11 07 01 24 6 144 0.13 68 619.8 0.00
2025 11 07 01 25 5 132 0.11 64 619.8 0.00
2025 11 07 01 26 5 99 0.12 62 619.8 0.00
2025 11 07 01 27 5 147 0.09 68 619.8 0.00
2025 11 07 01 28 4 175 0.04 72 619.7 0.00
2025 11 07 01 29 4 153 -0.03 73 619.7 0.00
2025 11 07 01 30 5 157 -0.08 71 619.8 0.00
2025 11 07 01 31 5 24 -0.08 67 619.8 0.00
2025 11 07 01 32 5 161 -0.07 62 619.8 0.00
2025 11 07 01 33 5 13 -0.04 66 619.8 0.00
2025 11 07 01 34 6 147 -0.07 69 619.8 0.00
2025 11 07 01 35 6 115 -0.11 70 619.8 0.00
2025 11 07 01 36 5 142 -0.12 68 619.8 0.00
2025 11 07 01 37 5 161 -0.10 65 619.8 0.00
2025 11 07 01 38 4 95 -0.05 62 619.8 0.00
2025 11 07 01 39 3 104 0.01 57 619.8 0.00
2025 11 07 01 40 2 171 0.12 55 619.8 0.00
2025 11 07 01 41 4 168 0.23 49 619.8 0.00
2025 11 07 01 42 4 153 0.33 52 619.7 0.00
2025 11 07 01 43 3 67 0.38 48 619.7 0.00
2025 11 07 01 44 4 183 0.52 39 619.7 0.00
2025 11 07 01 45 4 203 0.64 39 619.7 0.00
2025 11 07 01 46 1 174 0.76 35 619.7 0.00
2025 11 07 01 47 2 175 0.92 32 619.7 0.00
2025 11 07 01 48 2 155 1.09 30 619.6 0.00
2025 11 07 01 49 2 161 1.21 31 619.7 0.00
2025 11 07 01 50 1 145 1.34 27 619.6 0.00
2025 11 07 01 51 0 154 1.52 21 619.7 0.00
2025 11 07 01 52 0 149 1.70 20 619.7 0.00
2025 11 07 01 53 0 132 1.82 24 619.7 0.00
2025 11 07 01 54 0 170 1.89 27 619.7 0.00
2025 11 07 01 55 0 179 1.92 27 619.7 0.00
2025 11 07 01 56 1 176 1.82 38 619.7 0.00
2025 11 07 01 57 0 147 1.76 30 619.7 0.00
2025 11 07 01 58 0 101 1.77 32 619.7 0.00
2025 11 07 01 59 0 101 1.72 32 619.7 0.00
2025 11 07 02 00 0 187 1.68 37 619.7 0.00
2025 11 07 02 01 1 178 1.55 42 619.7 0.00
2025 11 07 02 02 0 178 1.49 38 619.6 0.00
2025 11 07 02 03 0 178 1.44 40 619.6 0.00
2025 11 07 02 04 0 176 1.40 34 619.6 0.00
2025 11 07 02 05 0 178 1.43 30 619.6 0.00
2025 11 07 02 06 0 178 1.49 30 619.6 0.00
2025 11 07 02 07 0 178 1.50 31 619.6 0.00
2025 11 07 02 08 0 178 1.50 30 619.6 0.00
2025 11 07 02 09 0 178 1.51 32 619.5 0.00
2025 11 07 02 10 0 178 1.48 31 619.5 0.00
2025 11 07 02 11 0 178 1.49 28 619.5 0.00
2025 11 07 02 12 0 178 1.55 25 619.5 0.00
2025 11 07 02 13 0 178 1.64 24 619.5 0.00
2025 11 07 02 14 0 178 1.68 25 619.5 0.00
2025 11 07 02 15 0 201 1.71 25 619.5 0.00
2025 11 07 02 16 0 60 1.76 27 619.5 0.00
2025 11 07 02 17 0 211 1.76 30 619.5 0.00
2025 11 07 02 18 0 214 1.75 31 619.5 0.00
2025 11 07 02 19 0 222 1.75 29 619.4 0.00
2025 11 07 02 20 0 223 1.80 22 619.4 0.00
2025 11 07 02 21 0 224 1.84 23 619.4 0.00
2025 11 07 02 22 0 67 1.90 21 619.4 0.00
2025 11 07 02 23 0 227 1.97 19 619.4 0.00
2025 11 07 02 24 0 227 2.03 21 619.4 0.00
2025 11 07 02 25 0 212 1.99 21 619.4 0.00
2025 11 07 02 26 0 228 2.02 16 619.4 0.00
2025 11 07 02 27 0 217 2.12 14 619.4 0.00
2025 11 07 02 28 0 325 2.19 13 619.4 0.00
2025 11 07 02 29 0 295 2.27 14 619.4 0.00
2025 11 07 02 30 0 290 2.32 15 619.4 0.00
2025 11 07 02 31 0 287 2.36 16 619.4 0.00
2025 11 07 02 32 0 287 2.39 16 619.4 0.00
2025 11 07 02 33 0 294 2.42 16 619.4 0.00
2025 11 07 02 34 0 294 2.47 16 619.4 0.00
2025 11 07 02 35 0 298 2.48 18 619.4 0.00
2025 11 07 02 36 0 291 2.47 21 619.4 0.00
2025 11 07 02 37 2 285 2.40 24 619.4 0.00
2025 11 07 02 38 4 282 2.28 26 619.4 0.00
2025 11 07 02 39 4 281 2.17 26 619.4 0.00
2025 11 07 02 40 5 287 2.06 27 619.4 0.00
2025 11 07 02 41 4 277 2.01 27 619.4 0.00
2025 11 07 02 42 5 282 1.92 27 619.4 0.00
2025 11 07 02 43 6 279 1.81 27 619.4 0.00
2025 11 07 02 44 7 282 1.74 27 619.4 0.00
2025 11 07 02 45 7 278 1.71 28 619.4 0.00
2025 11 07 02 46 6 274 1.67 28 619.4 0.00
2025 11 07 02 47 7 283 1.61 28 619.4 0.00
2025 11 07 02 48 6 282 1.56 28 619.3 0.00
2025 11 07 02 49 5 284 1.54 28 619.3 0.00
2025 11 07 02 50 3 280 1.52 29 619.3 0.00
2025 11 07 02 51 2 282 1.51 29 619.3 0.00
2025 11 07 02 52 3 287 1.46 30 619.3 0.00
2025 11 07 02 53 4 205 1.38 31 619.3 0.00
2025 11 07 02 54 4 271 1.29 33 619.3 0.00
2025 11 07 02 55 3 284 1.19 34 619.3 0.00
2025 11 07 02 56 2 283 1.08 34 619.3 0.00
2025 11 07 02 57 2 281 1.02 34 619.3 0.00
2025 11 07 02 58 2 279 0.98 34 619.3 0.00
2025 11 07 02 59 3 224 0.98 34 619.3 0.00
2025 11 07 03 00 4 277 0.95 35 619.3 0.00
2025 11 07 03 01 5 275 0.93 35 619.3 0.00
2025 11 07 03 02 6 275 0.91 35 619.3 0.00
2025 11 07 03 03 7 273 0.89 35 619.3 0.00
2025 11 07 03 04 8 260 0.87 35 619.3 0.00
2025 11 07 03 05 8 269 0.87 35 619.3 0.00
2025 11 07 03 06 9 269 0.84 35 619.3 0.00
2025 11 07 03 07 9 270 0.82 35 619.3 0.00
2025 11 07 03 08 7 218 0.84 34 619.2 0.00
2025 11 07 03 09 5 276 0.86 34 619.2 0.00
2025 11 07 03 10 4 284 0.87 34 619.2 0.00
2025 11 07 03 11 3 281 0.87 34 619.2 0.00
2025 11 07 03 12 2 281 0.87 34 619.2 0.00
2025 11 07 03 13 1 281 0.86 34 619.2 0.00
2025 11 07 03 14 0 281 0.86 33 619.2 0.00
2025 11 07 03 15 0 275 0.86 33 619.2 0.00
2025 11 07 03 16 0 281 0.88 32 619.2 0.00
2025 11 07 03 17 0 280 0.90 32 619.1 0.00
2025 11 07 03 18 0 281 0.93 31 619.1 0.00
2025 11 07 03 19 0 281 0.95 31 619.1 0.00
2025 11 07 03 20 0 281 0.97 31 619.1 0.00
2025 11 07 03 21 0 261 1.00 30 619.1 0.00
2025 11 07 03 22 0 259 0.97 29 619.1 0.00
2025 11 07 03 23 0 240 0.99 29 619.2 0.00
2025 11 07 03 24 0 98 1.04 27 619.2 0.00
2025 11 07 03 25 0 215 1.07 27 619.2 0.00
2025 11 07 03 26 0 40 1.12 27 619.2 0.00
2025 11 07 03 27 0 222 1.15 26 619.2 0.00
2025 11 07 03 28 0 245 1.14 27 619.2 0.00
2025 11 07 03 29 0 266 1.16 27 619.2 0.00
2025 11 07 03 30 0 265 1.17 28 619.2 0.00
2025 11 07 03 31 0 253 1.19 28 619.2 0.00
2025 11 07 03 32 0 257 1.21 27 619.1 0.00
2025 11 07 03 33 0 202 1.22 27 619.1 0.00
2025 11 07 03 34 0 279 1.25 26 619.1 0.00
2025 11 07 03 35 0 241 1.29 25 619.1 0.00
2025 11 07 03 36 0 227 1.33 24 619.1 0.00
2025 11 07 03 37 0 220 1.39 24 619.1 0.00
2025 11 07 03 38 0 107 1.44 24 619.1 0.00
2025 11 07 03 39 0 130 1.45 24 619.1 0.00
2025 11 07 03 40 0 122 1.50 23 619.1 0.00
2025 11 07 03 41 0 99 1.52 24 619.1 0.00
2025 11 07 03 42 0 208 1.48 25 619.1 0.00
2025 11 07 03 43 0 193 1.48 24 619.1 0.00
2025 11 07 03 44 0 5 1.46 24 619.1 0.00
2025 11 07 03 45 0 197 1.46 23 619.1 0.00
2025 11 07 03 46 0 31 1.49 24 619.1 0.00
2025 11 07 03 47 1 22 1.45 26 619.1 0.00
2025 11 07 03 48 3 20 1.37 28 619.1 0.00
2025 11 07 03 49 4 22 1.27 29 619.1 0.00
2025 11 07 03 50 5 20 1.18 30 619.1 0.00
2025 11 07 03 51 5 22 1.08 30 619.1 0.00
2025 11 07 03 52 4 18 0.98 31 619.1 0.00
2025 11 07 03 53 3 20 0.90 32 619.1 0.00
2025 11 07 03 54 3 21 0.82 33 619.1 0.00
2025 11 07 03 55 4 21 0.75 33 619.1 0.00
2025 11 07 03 56 6 24 0.72 34 619.1 0.00
2025 11 07 03 57 7 27 0.72 35 619.1 0.00
2025 11 07 03 58 6 35 0.70 35 619.1 0.00
2025 11 07 03 59 5 54 0.66 35 619.1 0.00
2025 11 07 04 00 3 52 0.60 35 619.1 0.00
2025 11 07 04 01 3 59 0.54 36 619.1 0.00
2025 11 07 04 02 2 57 0.50 36 619.0 0.00
2025 11 07 04 03 1 55 0.50 37 619.0 0.00
2025 11 07 04 04 2 37 0.49 36 619.0 0.00
2025 11 07 04 05 2 41 0.47 36 619.0 0.00
2025 11 07 04 06 3 42 0.48 36 618.9 0.00
2025 11 07 04 07 4 43 0.49 36 618.9 0.00
2025 11 07 04 08 4 51 0.48 36 618.9 0.00
2025 11 07 04 09 4 52 0.47 36 618.9 0.00
2025 11 07 04 10 4 57 0.48 36 618.9 0.00
2025 11 07 04 11 4 55 0.47 36 618.9 0.00
2025 11 07 04 12 3 58 0.48 37 619.0 0.00
2025 11 07 04 13 1 55 0.50 37 619.0 0.00
2025 11 07 04 14 0 47 0.50 36 619.0 0.00
2025 11 07 04 15 0 46 0.50 36 619.0 0.00
2025 11 07 04 16 0 46 0.51 36 619.0 0.00
2025 11 07 04 17 0 46 0.57 33 619.1 0.00
2025 11 07 04 18 0 46 0.67 30 619.1 0.00
2025 11 07 04 19 0 27 0.76 26 619.0 0.00
2025 11 07 04 20 0 56 0.86 23 619.0 0.00
2025 11 07 04 21 0 239 1.07 22 619.1 0.00
2025 11 07 04 22 0 225 1.24 22 619.1 0.00
2025 11 07 04 23 0 225 1.41 21 619.1 0.00
2025 11 07 04 24 0 223 1.55 21 619.1 0.00
2025 11 07 04 25 0 223 1.66 20 619.1 0.00
2025 11 07 04 26 0 229 1.72 20 619.1 0.00
2025 11 07 04 27 0 149 1.78 20 619.1 0.00
2025 11 07 04 28 0 224 1.85 20 619.1 0.00
2025 11 07 04 29 0 153 1.90 20 619.1 0.00
2025 11 07 04 30 0 204 1.96 20 619.1 0.00
2025 11 07 04 31 0 160 1.99 19 619.1 0.00
2025 11 07 04 32 0 152 2.01 19 619.1 0.00
2025 11 07 04 33 0 135 2.04 19 619.1 0.00
2025 11 07 04 34 0 42 2.04 20 619.1 0.00
2025 11 07 04 35 0 206 2.02 20 619.1 0.00
2025 11 07 04 36 0 166 2.02 20 619.1 0.00
2025 11 07 04 37 0 194 2.02 20 619.0 0.00
2025 11 07 04 38 0 172 1.99 20 619.1 0.00
2025 11 07 04 39 0 161 1.97 20 619.0 0.00
2025 11 07 04 40 0 246 1.96 20 619.1 0.00
2025 11 07 04 41 0 263 1.95 20 619.1 0.00
2025 11 07 04 42 1 283 1.95 20 619.1 0.00
2025 11 07 04 43 2 285 1.95 20 619.1 0.00
2025 11 07 04 44 1 287 1.95 21 619.1 0.00
2025 11 07 04 45 2 293 1.93 21 619.1 0.00
2025 11 07 04 46 1 278 1.93 21 619.1 0.00
2025 11 07 04 47 0 278 1.89 22 619.1 0.00
2025 11 07 04 48 0 326 1.84 22 619.1 0.00
2025 11 07 04 49 0 252 1.82 22 619.1 0.00
2025 11 07 04 50 0 280 1.79 23 619.1 0.00
2025 11 07 04 51 1 268 1.76 23 619.1 0.00
2025 11 07 04 52 1 269 1.74 23 619.1 0.00
2025 11 07 04 53 0 260 1.70 23 619.1 0.00
2025 11 07 04 54 0 261 1.66 24 619.1 0.00
2025 11 07 04 55 0 53 1.64 24 619.1 0.00
2025 11 07 04 56 0 204 1.61 24 619.1 0.00
2025 11 07 04 57 0 197 1.58 24 619.1 0.00
2025 11 07 04 58 0 194 1.58 24 619.1 0.00
2025 11 07 04 59 0 188 1.57 24 619.1 0.00
2025 11 07 05 00 0 189 1.59 24 619.0 0.00
2025 11 07 05 01 0 189 1.61 23 619.0 0.00
2025 11 07 05 02 0 65 1.65 22 619.0 0.00
2025 11 07 05 03 0 20 1.70 21 619.0 0.00
2025 11 07 05 04 0 20 1.85 15 619.0 0.00
2025 11 07 05 05 0 20 2.09 10 619.0 0.00
2025 11 07 05 06 0 20 2.32 10 619.0 0.00
2025 11 07 05 07 0 20 2.58 9 619.0 0.00
2025 11 07 05 08 0 20 2.76 10 619.0 0.00
2025 11 07 05 09 0 20 2.78 15 619.0 0.00
2025 11 07 05 10 0 30 2.82 12 619.0 0.00
2025 11 07 05 11 0 309 2.88 12 619.0 0.00
2025 11 07 05 12 0 252 2.90 12 619.0 0.00
2025 11 07 05 13 0 305 2.96 10 619.0 0.00
2025 11 07 05 14 0 230 3.05 9 619.0 0.00
2025 11 07 05 15 0 303 3.11 11 619.0 0.00
2025 11 07 05 16 0 295 3.13 12 619.0 0.00
2025 11 07 05 17 2 294 3.15 12 619.0 0.00
2025 11 07 05 18 3 294 3.19 11 619.0 0.00
2025 11 07 05 19 5 293 3.28 10 619.0 0.00
2025 11 07 05 20 5 288 3.35 10 619.0 0.00
2025 11 07 05 21 5 270 3.37 13 619.0 0.00
2025 11 07 05 22 4 290 3.35 14 619.0 0.00
2025 11 07 05 23 3 254 3.33 13 619.1 0.00
2025 11 07 05 24 2 289 3.30 14 619.1 0.00
2025 11 07 05 25 3 288 3.25 13 619.1 0.00
2025 11 07 05 26 3 288 3.22 13 619.1 0.00
2025 11 07 05 27 3 287 3.23 12 619.1 0.00
2025 11 07 05 28 3 288 3.26 12 619.1 0.00
2025 11 07 05 29 3 288 3.29 11 619.1 0.00
2025 11 07 05 30 3 286 3.34 11 619.0 0.00
2025 11 07 05 31 3 287 3.40 10 619.0 0.00
2025 11 07 05 32 3 287 3.46 9 619.0 0.00
2025 11 07 05 33 4 281 3.57 8 619.0 0.00
2025 11 07 05 34 5 284 3.71 8 619.0 0.00
2025 11 07 05 35 5 263 3.84 7 619.0 0.00
2025 11 07 05 36 6 185 3.95 7 619.0 0.00
2025 11 07 05 37 6 113 4.04 7 619.1 0.00
2025 11 07 05 38 5 277 4.12 7 619.1 0.00
2025 11 07 05 39 4 272 4.19 7 619.1 0.00
2025 11 07 05 40 4 243 4.26 7 619.1 0.00
2025 11 07 05 41 4 260 4.34 7 619.1 0.00
2025 11 07 05 42 3 268 4.40 7 619.1 0.00
2025 11 07 05 43 2 269 4.46 7 619.1 0.00
2025 11 07 05 44 1 269 4.52 7 619.1 0.00
2025 11 07 05 45 0 269 4.56 7 619.1 0.00
2025 11 07 05 46 0 269 4.56 7 619.1 0.00
2025 11 07 05 47 0 282 4.54 7 619.2 0.00
2025 11 07 05 48 0 250 4.50 7 619.2 0.00
2025 11 07 05 49 0 281 4.43 8 619.2 0.00
2025 11 07 05 50 0 281 4.37 8 619.2 0.00
2025 11 07 05 51 0 282 4.33 8 619.2 0.00
2025 11 07 05 52 0 282 4.29 8 619.2 0.00
2025 11 07 05 53 0 282 4.29 7 619.2 0.00
2025 11 07 05 54 0 256 4.29 7 619.2 0.00
2025 11 07 05 55 0 288 4.29 7 619.2 0.00
2025 11 07 05 56 0 291 4.30 7 619.2 0.00
2025 11 07 05 57 0 256 4.32 7 619.2 0.00
2025 11 07 05 58 0 285 4.33 7 619.2 0.00
2025 11 07 05 59 0 320 4.34 7 619.2 0.00
2025 11 07 06 00 0 296 4.33 7 619.2 0.00
2025 11 07 06 01 0 269 4.34 7 619.2 0.00
2025 11 07 06 02 0 302 4.35 7 619.2 0.00
2025 11 07 06 03 0 302 4.37 7 619.2 0.00
2025 11 07 06 04 0 302 4.41 7 619.2 0.00
2025 11 07 06 05 0 302 4.45 7 619.2 0.00
2025 11 07 06 06 0 302 4.50 7 619.2 0.00
2025 11 07 06 07 0 302 4.55 7 619.2 0.00
2025 11 07 06 08 0 302 4.60 7 619.2 0.00
2025 11 07 06 09 0 302 4.64 7 619.2 0.00
2025 11 07 06 10 0 298 4.64 7 619.2 0.00
2025 11 07 06 11 0 292 4.59 7 619.3 0.00
2025 11 07 06 12 0 289 4.61 7 619.3 0.00
2025 11 07 06 13 0 287 4.66 7 619.3 0.00
2025 11 07 06 14 0 287 4.70 7 619.3 0.00
2025 11 07 06 15 0 280 4.71 7 619.3 0.00
2025 11 07 06 16 0 282 4.69 7 619.3 0.00
2025 11 07 06 17 0 278 4.67 7 619.3 0.00
2025 11 07 06 18 1 278 4.68 7 619.3 0.00
2025 11 07 06 19 3 278 4.68 7 619.3 0.00
2025 11 07 06 20 4 277 4.66 7 619.3 0.00
2025 11 07 06 21 5 277 4.63 7 619.3 0.00
2025 11 07 06 22 6 222 4.56 7 619.3 0.00
2025 11 07 06 23 6 278 4.50 7 619.3 0.00
2025 11 07 06 24 7 280 4.43 7 619.3 0.00
2025 11 07 06 25 7 272 4.37 7 619.3 0.00
2025 11 07 06 26 7 267 4.31 7 619.3 0.00
2025 11 07 06 27 7 274 4.19 8 619.3 0.00
2025 11 07 06 28 6 269 4.11 8 619.3 0.00
2025 11 07 06 29 6 263 4.02 8 619.3 0.00
2025 11 07 06 30 6 23 3.98 8 619.3 0.00
2025 11 07 06 31 6 253 3.96 8 619.3 0.00
2025 11 07 06 32 6 247 3.91 8 619.4 0.00
2025 11 07 06 33 7 208 3.96 8 619.4 0.00
2025 11 07 06 34 7 227 3.97 8 619.4 0.00
2025 11 07 06 35 10 206 4.01 8 619.4 0.00
2025 11 07 06 36 9 232 4.09 7 619.4 0.00
2025 11 07 06 37 9 223 4.20 7 619.4 0.00
2025 11 07 06 38 9 236 4.25 7 619.4 0.00
2025 11 07 06 39 9 229 4.31 7 619.4 0.00
2025 11 07 06 40 8 241 4.35 7 619.4 0.00
2025 11 07 06 41 8 258 4.33 7 619.5 0.00
2025 11 07 06 42 8 118 4.42 7 619.5 0.00
2025 11 07 06 43 6 127 4.46 7 619.5 0.00
2025 11 07 06 44 7 259 4.52 7 619.5 0.00
2025 11 07 06 45 8 272 4.55 7 619.5 0.00
2025 11 07 06 46 7 267 4.51 7 619.5 0.00
2025 11 07 06 47 6 275 4.47 7 619.5 0.00
2025 11 07 06 48 6 268 4.41 7 619.5 0.00
2025 11 07 06 49 5 233 4.36 7 619.6 0.00
2025 11 07 06 50 6 279 4.30 8 619.6 0.00
2025 11 07 06 51 6 260 4.24 8 619.6 0.00
2025 11 07 06 52 5 280 4.18 8 619.6 0.00
2025 11 07 06 53 5 272 4.13 8 619.6 0.00
2025 11 07 06 54 5 279 4.07 8 619.6 0.00
2025 11 07 06 55 4 279 3.99 9 619.6 0.00
2025 11 07 06 56 3 177 3.89 10 619.6 0.00
2025 11 07 06 57 3 274 3.78 11 619.6 0.00
2025 11 07 06 58 3 215 3.71 11 619.6 0.00
2025 11 07 06 59 4 68 3.65 10 619.6 0.00
2025 11 07 07 00 3 266 3.57 11 619.6 0.00
2025 11 07 07 01 3 260 3.48 10 619.6 0.00
2025 11 07 07 02 4 250 3.46 9 619.6 0.00
2025 11 07 07 03 5 105 3.54 8 619.7 0.00
2025 11 07 07 04 8 260 3.63 8 619.7 0.00
2025 11 07 07 05 8 267 3.72 8 619.7 0.00
2025 11 07 07 06 8 272 3.81 8 619.7 0.00
2025 11 07 07 07 9 272 3.87 8 619.7 0.00
2025 11 07 07 08 9 272 3.93 8 619.7 0.00
2025 11 07 07 09 9 261 3.98 8 619.7 0.00
2025 11 07 07 10 8 232 4.01 8 619.7 0.00
2025 11 07 07 11 8 253 4.01 8 619.7 0.00
2025 11 07 07 12 7 260 3.98 8 619.7 0.00
2025 11 07 07 13 10 119 3.98 8 619.7 0.00
2025 11 07 07 14 11 264 4.00 8 619.7 0.00
2025 11 07 07 15 11 267 4.02 7 619.6 0.00
2025 11 07 07 16 11 240 4.06 7 619.6 0.00
2025 11 07 07 17 11 268 4.10 7 619.6 0.00
2025 11 07 07 18 13 269 4.16 7 619.6 0.00
2025 11 07 07 19 14 161 4.22 7 619.6 0.00
2025 11 07 07 20 13 271 4.27 7 619.7 0.00
2025 11 07 07 21 14 272 4.30 7 619.7 0.00
2025 11 07 07 22 15 274 4.34 8 619.7 0.00
2025 11 07 07 23 14 274 4.36 8 619.7 0.00
2025 11 07 07 24 15 274 4.37 8 619.7 0.00
2025 11 07 07 25 14 291 4.40 8 619.7 0.00
2025 11 07 07 26 14 278 4.41 8 619.7 0.00
2025 11 07 07 27 14 282 4.39 8 619.7 0.00
2025 11 07 07 28 12 275 4.35 8 619.7 0.00
2025 11 07 07 29 12 160 4.30 8 619.7 0.00
2025 11 07 07 30 11 276 4.21 8 619.7 0.00
2025 11 07 07 31 10 254 4.12 8 619.8 0.00
2025 11 07 07 32 10 274 4.03 8 619.8 0.00
2025 11 07 07 33 10 273 3.95 9 619.8 0.00
2025 11 07 07 34 9 271 3.87 9 619.8 0.00
2025 11 07 07 35 9 265 3.81 9 619.8 0.00
2025 11 07 07 36 9 267 3.75 9 619.8 0.00
2025 11 07 07 37 11 266 3.73 9 619.8 0.00
2025 11 07 07 38 11 273 3.70 8 619.8 0.00
2025 11 07 07 39 11 262 3.72 8 619.8 0.00
2025 11 07 07 40 11 268 3.73 8 619.8 0.00
2025 11 07 07 41 11 272 3.76 8 619.8 0.00
2025 11 07 07 42 10 273 3.76 8 619.8 0.00
2025 11 07 07 43 10 268 3.76 8 619.8 0.00
2025 11 07 07 44 9 272 3.76 8 619.8 0.00
2025 11 07 07 45 9 272 3.78 8 619.8 0.00
2025 11 07 07 46 8 277 3.80 8 619.8 0.00
2025 11 07 07 47 8 274 3.84 8 619.8 0.00
2025 11 07 07 48 8 275 3.89 8 619.8 0.00
2025 11 07 07 49 7 275 3.94 8 619.9 0.00
2025 11 07 07 50 6 272 3.98 7 619.9 0.00
2025 11 07 07 51 6 268 4.03 7 619.9 0.00
2025 11 07 07 52 4 284 4.05 8 619.9 0.00
2025 11 07 07 53 5 271 4.11 7 619.9 0.00
2025 11 07 07 54 6 279 4.22 7 619.9 0.00
2025 11 07 07 55 4 282 4.32 7 619.9 0.00
2025 11 07 07 56 3 278 4.41 7 619.9 0.00
2025 11 07 07 57 3 277 4.49 7 619.9 0.00
2025 11 07 07 58 2 276 4.57 7 619.9 0.00
2025 11 07 07 59 0 275 4.61 7 619.9 0.00
2025 11 07 08 00 0 269 4.62 7 619.9 0.00
2025 11 07 08 01 0 271 4.64 7 619.9 0.00
2025 11 07 08 02 0 26 4.65 7 620.0 0.00
2025 11 07 08 03 0 29 4.71 7 619.9 0.00
2025 11 07 08 04 0 43 4.76 7 619.9 0.00
2025 11 07 08 05 0 38 4.85 8 619.9 0.00
2025 11 07 08 06 0 40 5.03 8 620.0 0.00
2025 11 07 08 07 0 44 5.19 8 620.0 0.00
2025 11 07 08 08 0 27 5.35 7 620.0 0.00
2025 11 07 08 09 0 47 5.50 7 620.0 0.00
2025 11 07 08 10 1 35 5.61 7 619.9 0.00
2025 11 07 08 11 1 40 5.73 7 619.9 0.00
2025 11 07 08 12 0 30 5.75 7 619.9 0.00
2025 11 07 08 13 0 37 5.76 7 619.9 0.00
2025 11 07 08 14 2 52 5.82 9 619.9 0.00
2025 11 07 08 15 2 52 5.78 10 619.9 0.00
2025 11 07 08 16 2 48 5.86 10 619.9 0.00
2025 11 07 08 17 2 39 5.85 9 619.9 0.00
2025 11 07 08 18 0 60 5.86 9 619.9 0.00
2025 11 07 08 19 0 26 5.91 8 619.9 0.00
2025 11 07 08 20 0 20 5.94 8 620.0 0.00
2025 11 07 08 21 0 141 5.98 8 620.0 0.00
2025 11 07 08 22 0 171 6.07 8 620.0 0.00
2025 11 07 08 23 0 177 6.08 8 620.0 0.00
2025 11 07 08 24 0 23 6.07 7 620.0 0.00
2025 11 07 08 25 0 30 6.10 7 620.0 0.00
2025 11 07 08 26 0 20 6.12 8 620.0 0.00
2025 11 07 08 27 0 5 6.16 9 620.0 0.00
2025 11 07 08 28 0 20 6.19 8 620.0 0.00
2025 11 07 08 29 0 10 6.25 7 620.1 0.00
2025 11 07 08 30 0 24 6.20 8 620.0 0.00
2025 11 07 08 31 0 23 6.15 8 620.0 0.00
2025 11 07 08 32 0 37 6.15 8 620.0 0.00
2025 11 07 08 33 0 23 6.17 7 620.0 0.00
2025 11 07 08 34 0 32 6.25 7 620.0 0.00
2025 11 07 08 35 0 34 6.39 7 620.0 0.00
2025 11 07 08 36 0 20 6.49 7 620.0 0.00
2025 11 07 08 37 1 27 6.55 8 620.0 0.00
2025 11 07 08 38 0 25 6.54 9 620.0 0.00
2025 11 07 08 39 0 26 6.48 10 620.0 0.00
2025 11 07 08 40 0 24 6.33 10 620.0 0.00
2025 11 07 08 41 0 0 6.29 10 620.0 0.00
2025 11 07 08 42 0 21 6.21 9 620.1 0.00
2025 11 07 08 43 0 0 6.19 12 620.1 0.00
2025 11 07 08 44 1 28 6.15 13 620.1 0.00
2025 11 07 08 45 0 42 6.14 12 620.1 0.00
2025 11 07 08 46 0 36 6.11 11 620.1 0.00
2025 11 07 08 47 0 52 6.16 11 620.1 0.00
2025 11 07 08 48 0 50 6.23 11 620.1 0.00
2025 11 07 08 49 0 10 6.24 12 620.2 0.00
2025 11 07 08 50 0 61 6.16 10 620.2 0.00
2025 11 07 08 51 0 14 6.16 13 620.2 0.00
2025 11 07 08 52 0 15 6.17 15 620.2 0.00
2025 11 07 08 53 0 16 6.08 15 620.2 0.00
2025 11 07 08 54 0 292 5.95 14 620.2 0.00
2025 11 07 08 55 0 304 5.78 16 620.2 0.00
2025 11 07 08 56 0 286 5.56 19 620.2 0.00
2025 11 07 08 57 0 291 5.42 18 620.2 0.00
2025 11 07 08 58 0 291 5.31 17 620.2 0.00
2025 11 07 08 59 0 286 5.15 17 620.3 0.00
2025 11 07 09 00 0 284 5.05 18 620.3 0.00
2025 11 07 09 01 0 279 5.00 16 620.3 0.00
2025 11 07 09 02 0 190 4.94 18 620.3 0.00
2025 11 07 09 03 0 250 4.90 15 620.3 0.00
2025 11 07 09 04 0 246 4.87 14 620.3 0.00
2025 11 07 09 05 0 225 4.91 9 620.2 0.00
2025 11 07 09 06 0 141 4.93 9 620.2 0.00
2025 11 07 09 07 0 247 5.01 10 620.2 0.00
2025 11 07 09 08 0 276 5.14 9 620.2 0.00
2025 11 07 09 09 0 2 5.29 8 620.3 0.00
2025 11 07 09 10 0 274 5.39 8 620.3 0.00
2025 11 07 09 11 0 289 5.49 8 620.3 0.00
2025 11 07 09 12 0 255 5.56 8 620.3 0.00
2025 11 07 09 13 0 232 5.70 8 620.3 0.00
2025 11 07 09 14 0 249 5.89 11 620.3 0.00
2025 11 07 09 15 0 263 5.92 10 620.3 0.00
2025 11 07 09 16 0 266 5.90 9 620.3 0.00
2025 11 07 09 17 0 266 5.86 8 620.3 0.00
2025 11 07 09 18 0 266 5.84 8 620.3 0.00
2025 11 07 09 19 0 266 5.83 9 620.3 0.00
2025 11 07 09 20 0 70 5.75 9 620.2 0.00
2025 11 07 09 21 0 268 5.73 9 620.2 0.00
2025 11 07 09 22 0 268 5.64 8 620.2 0.00
2025 11 07 09 23 0 54 5.71 11 620.2 0.00
2025 11 07 09 24 0 42 5.88 21 620.2 0.00
2025 11 07 09 25 0 48 6.03 18 620.2 0.00
2025 11 07 09 26 0 11 6.18 16 620.2 0.00
2025 11 07 09 27 0 57 6.25 21 620.2 0.00
2025 11 07 09 28 1 41 6.21 22 620.1 0.00
2025 11 07 09 29 2 348 6.39 17 620.2 0.00
2025 11 07 09 30 0 25 6.48 22 620.2 0.00
2025 11 07 09 31 0 37 6.38 23 620.2 0.00
2025 11 07 09 32 0 4 6.36 22 620.3 0.00
2025 11 07 09 33 0 16 6.41 18 620.3 0.00
2025 11 07 09 34 0 277 6.39 21 620.3 0.00
2025 11 07 09 35 0 288 6.21 17 620.3 0.00
2025 11 07 09 36 0 306 6.05 15 620.3 0.00
2025 11 07 09 37 0 33 5.96 14 620.2 0.00
2025 11 07 09 38 0 27 6.08 21 620.2 0.00
2025 11 07 09 39 1 23 6.06 19 620.2 0.00
2025 11 07 09 40 0 290 6.04 18 620.2 0.00
2025 11 07 09 41 0 290 5.96 18 620.2 0.00
2025 11 07 09 42 0 281 5.85 16 620.2 0.00
2025 11 07 09 43 0 274 5.77 18 620.2 0.00
2025 11 07 09 44 0 272 5.71 20 620.2 0.00
2025 11 07 09 45 0 316 5.73 18 620.2 0.00
2025 11 07 09 46 0 250 5.70 20 620.2 0.00
2025 11 07 09 47 0 261 5.65 25 620.2 0.00
2025 11 07 09 48 0 95 5.72 25 620.2 0.00
2025 11 07 09 49 0 240 5.70 25 620.2 0.00
2025 11 07 09 50 0 60 5.78 25 620.2 0.00
2025 11 07 09 51 0 36 5.90 24 620.1 0.00
2025 11 07 09 52 0 0 5.97 22 620.1 0.00
2025 11 07 09 53 0 12 6.10 19 620.1 0.00
2025 11 07 09 54 0 282 6.28 14 620.2 0.00
2025 11 07 09 55 0 29 6.31 11 620.2 0.00
2025 11 07 09 56 0 79 6.45 18 620.1 0.00
2025 11 07 09 57 0 35 6.64 23 620.1 0.00
2025 11 07 09 58 0 30 6.73 22 620.1 0.00
2025 11 07 09 59 0 6 6.75 21 620.1 0.00
2025 11 07 10 00 0 3 6.77 17 620.2 0.00
2025 11 07 10 01 0 30 6.79 19 620.1 0.00
2025 11 07 10 02 0 30 6.69 23 620.1 0.00
2025 11 07 10 03 0 49 6.69 24 620.1 0.00
2025 11 07 10 04 1 49 6.79 24 620.1 0.00
2025 11 07 10 05 0 53 6.83 23 620.1 0.00
2025 11 07 10 06 1 9 6.85 15 620.1 0.00
2025 11 07 10 07 0 49 6.92 14 620.1 0.00
2025 11 07 10 08 0 49 6.99 14 620.1 0.00
2025 11 07 10 09 0 54 6.98 12 620.1 0.00
2025 11 07 10 10 0 338 7.06 17 620.1 0.00
2025 11 07 10 11 1 48 7.25 20 620.1 0.00
2025 11 07 10 12 1 65 7.29 23 620.1 0.00
2025 11 07 10 13 0 43 7.36 22 620.1 0.00
2025 11 07 10 14 0 42 7.39 22 620.1 0.00
2025 11 07 10 15 0 51 7.41 19 620.1 0.00
2025 11 07 10 16 0 38 7.46 18 620.1 0.00
2025 11 07 10 17 0 350 7.54 15 620.0 0.00
2025 11 07 10 18 0 36 7.42 11 620.1 0.00
2025 11 07 10 19 0 134 7.44 9 620.0 0.00
2025 11 07 10 20 0 233 7.65 10 620.0 0.00
2025 11 07 10 21 0 7 7.74 11 620.1 0.00
2025 11 07 10 22 0 259 7.73 10 620.1 0.00
2025 11 07 10 23 0 262 7.75 10 620.1 0.00
2025 11 07 10 24 0 293 7.77 11 620.1 0.00
2025 11 07 10 25 2 308 7.73 13 620.1 0.00
2025 11 07 10 26 11 281 7.86 19 620.1 0.00
2025 11 07 10 27 19 270 7.88 23 620.1 0.00
2025 11 07 10 28 19 276 7.75 24 620.1 0.00
2025 11 07 10 29 14 274 7.53 25 620.1 0.00
2025 11 07 10 30 13 278 7.33 27 620.1 0.00
2025 11 07 10 31 12 280 7.08 28 620.1 0.00
2025 11 07 10 32 9 203 6.82 26 620.1 0.00
2025 11 07 10 33 7 234 6.64 26 620.1 0.00
2025 11 07 10 34 10 160 6.58 24 620.1 0.00
2025 11 07 10 35 12 202 6.68 25 620.1 0.00
2025 11 07 10 36 11 110 6.60 26 620.1 0.00
2025 11 07 10 37 10 3 6.57 28 620.1 0.00
2025 11 07 10 38 9 2 6.52 27 620.1 0.00
2025 11 07 10 39 6 76 6.52 26 620.1 0.00
2025 11 07 10 40 4 258 6.49 21 620.1 0.00
2025 11 07 10 41 0 276 6.61 22 620.1 0.00
2025 11 07 10 42 1 229 6.80 22 620.1 0.00
2025 11 07 10 43 4 174 6.91 19 620.1 0.00
2025 11 07 10 44 3 230 7.00 17 620.1 0.00
2025 11 07 10 45 2 236 7.01 15 620.1 0.00
2025 11 07 10 46 0 202 7.08 16 620.1 0.00
2025 11 07 10 47 0 242 7.17 16 620.0 0.00
2025 11 07 10 48 0 164 7.19 17 620.0 0.00
2025 11 07 10 49 0 3 7.32 16 620.0 0.00
2025 11 07 10 50 0 346 7.48 14 620.0 0.00
2025 11 07 10 51 0 0 7.66 14 620.0 0.00
2025 11 07 10 52 0 2 7.67 12 620.0 0.00
2025 11 07 10 53 2 154 7.78 13 620.0 0.00
2025 11 07 10 54 9 262 8.02 12 620.0 0.00
2025 11 07 10 55 9 267 8.04 14 620.0 0.00
2025 11 07 10 56 7 45 7.97 17 620.0 0.00
2025 11 07 10 57 6 291 7.97 16 620.0 0.00
2025 11 07 10 58 4 230 8.00 22 620.0 0.00
2025 11 07 10 59 1 282 7.91 22 620.0 0.00
2025 11 07 11 00 0 273 7.77 17 620.0 0.00
2025 11 07 11 01 0 328 7.79 16 620.0 0.00
2025 11 07 11 02 0 302 7.69 14 620.0 0.00
2025 11 07 11 03 0 314 7.62 16 620.0 0.00
2025 11 07 11 04 0 297 7.51 15 620.0 0.00
2025 11 07 11 05 0 285 7.52 16 619.9 0.00
2025 11 07 11 06 0 327 7.58 15 619.9 0.00
2025 11 07 11 07 0 285 7.53 15 619.9 0.00
2025 11 07 11 08 0 241 7.53 15 619.9 0.00
2025 11 07 11 09 0 251 7.56 14 619.9 0.00
2025 11 07 11 10 0 12 7.63 14 619.9 0.00
2025 11 07 11 11 0 304 7.67 14 619.9 0.00
2025 11 07 11 12 0 294 7.62 15 619.9 0.00
2025 11 07 11 13 0 19 7.61 15 619.9 0.00
2025 11 07 11 14 0 282 7.73 13 619.9 0.00
2025 11 07 11 15 0 291 7.70 13 619.9 0.00
2025 11 07 11 16 1 275 7.73 11 619.8 0.00
2025 11 07 11 17 0 267 7.79 10 619.8 0.00
2025 11 07 11 18 0 255 7.82 9 619.8 0.00
2025 11 07 11 19 2 313 7.95 12 619.8 0.00
2025 11 07 11 20 3 350 8.12 12 619.8 0.00
2025 11 07 11 21 1 166 8.09 11 619.8 0.00
2025 11 07 11 22 1 37 8.13 11 619.8 0.00
2025 11 07 11 23 2 136 8.27 14 619.7 0.00
2025 11 07 11 24 0 329 8.30 14 619.8 0.00
2025 11 07 11 25 1 281 8.29 11 619.8 0.00
2025 11 07 11 26 2 104 8.42 10 619.7 0.00
2025 11 07 11 27 0 172 8.59 10 619.7 0.00
2025 11 07 11 28 1 226 8.84 11 619.7 0.00
2025 11 07 11 29 3 267 9.03 15 619.7 0.00
2025 11 07 11 30 14 144 9.15 22 619.7 0.00
2025 11 07 11 31 17 266 9.24 22 619.7 0.00
2025 11 07 11 32 12 118 9.11 21 619.7 0.00
2025 11 07 11 33 15 246 9.04 24 619.6 0.00
2025 11 07 11 34 14 239 8.83 26 619.6 0.00
2025 11 07 11 35 13 277 8.68 28 619.6 0.00
2025 11 07 11 36 13 255 8.59 29 619.6 0.00
2025 11 07 11 37 10 101 8.42 29 619.7 0.00
2025 11 07 11 38 5 278 8.21 29 619.7 0.00
2025 11 07 11 39 3 256 7.99 28 619.6 0.00
2025 11 07 11 40 0 261 7.71 29 619.6 0.00
2025 11 07 11 41 3 216 7.54 21 619.6 0.00
2025 11 07 11 42 1 231 7.44 18 619.5 0.00
2025 11 07 11 43 8 8 7.55 16 619.5 0.00
2025 11 07 11 44 5 257 7.59 17 619.6 0.00
2025 11 07 11 45 3 251 7.68 23 619.5 0.00
2025 11 07 11 46 2 284 7.78 23 619.5 0.00
2025 11 07 11 47 1 249 7.73 18 619.5 0.00
2025 11 07 11 48 2 291 7.79 18 619.5 0.00
2025 11 07 11 49 2 280 7.95 20 619.5 0.00
2025 11 07 11 50 0 287 7.86 23 619.5 0.00
2025 11 07 11 51 0 290 7.94 26 619.5 0.00
2025 11 07 11 52 5 127 8.25 28 619.5 0.00
2025 11 07 11 53 4 98 8.42 26 619.4 0.00
2025 11 07 11 54 1 312 8.48 28 619.4 0.00
2025 11 07 11 55 1 352 8.59 31 619.4 0.00
2025 11 07 11 56 5 15 8.80 30 619.4 0.00
2025 11 07 11 57 7 259 8.75 25 619.4 0.00
2025 11 07 11 58 1 253 8.46 27 619.4 0.00
2025 11 07 11 59 1 21 8.27 25 619.4 0.00
2025 11 07 12 00 2 52 8.40 32 619.3 0.00
2025 11 07 12 01 1 228 8.54 25 619.3 0.00
2025 11 07 12 02 1 267 8.68 21 619.3 0.00
2025 11 07 12 03 1 350 8.83 24 619.3 0.00
2025 11 07 12 04 3 64 8.95 31 619.3 0.00
2025 11 07 12 05 9 27 8.92 33 619.3 0.00
2025 11 07 12 06 7 5 8.88 32 619.3 0.00
2025 11 07 12 07 4 38 8.93 30 619.3 0.00
2025 11 07 12 08 2 41 8.76 25 619.3 0.00
2025 11 07 12 09 0 279 8.98 26 619.3 0.00
2025 11 07 12 10 2 331 9.22 25 619.3 0.00
2025 11 07 12 11 4 30 9.30 33 619.3 0.00
2025 11 07 12 12 2 28 9.16 36 619.3 0.00
2025 11 07 12 13 1 215 9.09 35 619.2 0.00
2025 11 07 12 14 6 39 9.42 34 619.3 0.00
2025 11 07 12 15 10 66 9.68 30 619.3 0.00
2025 11 07 12 16 5 54 9.73 31 619.3 0.00
2025 11 07 12 17 5 23 9.72 32 619.3 0.00
2025 11 07 12 18 7 22 9.78 35 619.2 0.00
2025 11 07 12 19 6 80 9.86 33 619.2 0.00
2025 11 07 12 20 5 28 9.89 32 619.2 0.00
2025 11 07 12 21 7 20 9.88 31 619.1 0.00
2025 11 07 12 22 14 24 9.92 31 619.1 0.00
2025 11 07 12 23 13 48 9.81 30 619.2 0.00
2025 11 07 12 24 10 36 9.73 30 619.1 0.00
2025 11 07 12 25 8 86 9.43 31 619.1 0.00
2025 11 07 12 26 7 45 9.34 35 619.2 0.00
2025 11 07 12 27 9 47 9.18 34 619.1 0.00
2025 11 07 12 28 11 27 8.78 35 619.1 0.00
2025 11 07 12 29 7 43 8.34 36 619.1 0.00
2025 11 07 12 30 4 71 8.15 36 619.0 0.00
2025 11 07 12 31 8 30 8.10 37 619.0 0.00
2025 11 07 12 32 7 72 8.17 37 619.1 0.00
2025 11 07 12 33 4 0 8.01 37 619.1 0.00
2025 11 07 12 34 2 70 7.76 37 619.0 0.00
2025 11 07 12 35 5 49 7.79 37 619.0 0.00
2025 11 07 12 36 3 51 7.68 37 619.0 0.00
2025 11 07 12 37 2 66 7.56 38 619.0 0.00
2025 11 07 12 38 6 57 7.53 38 619.0 0.00
2025 11 07 12 39 6 81 7.56 37 619.0 0.00
2025 11 07 12 40 5 49 7.48 37 619.0 0.00
2025 11 07 12 41 12 40 7.62 35 619.0 0.00
2025 11 07 12 42 11 42 7.70 35 618.9 0.00
2025 11 07 12 43 11 32 7.72 34 618.9 0.00
2025 11 07 12 44 12 51 7.72 34 618.9 0.00
2025 11 07 12 45 11 47 7.71 35 618.8 0.00
2025 11 07 12 46 9 35 7.75 34 618.8 0.00
2025 11 07 12 47 6 61 7.63 34 618.8 0.00
2025 11 07 12 48 5 30 7.66 33 618.8 0.00
2025 11 07 12 49 9 27 7.85 32 618.8 0.00
2025 11 07 12 50 6 49 7.99 32 618.8 0.00
2025 11 07 12 51 9 72 8.16 31 618.8 0.00
2025 11 07 12 52 7 24 8.13 31 618.8 0.00
2025 11 07 12 53 4 63 8.12 31 618.7 0.00
2025 11 07 12 54 5 40 8.12 31 619.0 0.00
2025 11 07 12 55 13 36 8.12 31 618.7 0.00
2025 11 07 12 56 9 25 7.97 32 618.7 0.00
2025 11 07 12 57 9 47 7.85 32 618.7 0.00
2025 11 07 12 58 10 39 7.93 32 618.6 0.00
2025 11 07 12 59 8 66 8.14 32 618.6 0.00
2025 11 07 13 00 7 25 8.16 31 618.6 0.00
2025 11 07 13 01 7 29 8.18 31 618.6 0.00
2025 11 07 13 02 8 46 8.44 32 618.6 0.00
2025 11 07 13 03 4 26 8.50 32 618.6 0.00
2025 11 07 13 04 6 19 8.50 31 618.6 0.00
2025 11 07 13 05 7 47 8.34 32 618.6 0.00
2025 11 07 13 06 9 0 8.48 32 618.5 0.00
2025 11 07 13 07 10 9 8.67 31 618.6 0.00
2025 11 07 13 08 5 0 8.61 31 618.6 0.00
2025 11 07 13 09 1 287 8.81 29 618.6 0.00
2025 11 07 13 10 1 168 9.04 28 618.5 0.00
2025 11 07 13 11 1 266 9.08 26 618.5 0.00
2025 11 07 13 12 5 13 9.28 27 618.4 0.00
2025 11 07 13 13 5 207 9.27 28 618.5 0.00
2025 11 07 13 14 2 223 9.12 25 618.5 0.00
2025 11 07 13 15 1 73 8.92 22 618.5 0.00
2025 11 07 13 16 4 244 9.16 26 618.5 0.00
2025 11 07 13 17 8 350 9.32 24 618.4 0.00
2025 11 07 13 18 4 191 9.45 23 618.4 0.00
2025 11 07 13 19 2 2 9.33 16 618.4 0.00
2025 11 07 13 20 1 267 9.34 15 618.4 0.00
2025 11 07 13 21 0 278 9.36 15 618.4 0.00
2025 11 07 13 22 0 97 9.55 21 618.4 0.00
2025 11 07 13 23 1 204 9.71 23 618.4 0.00
2025 11 07 13 24 2 19 9.59 21 618.3 0.00
2025 11 07 13 25 5 20 9.60 24 618.3 0.00
2025 11 07 13 26 9 24 9.78 31 618.3 0.00
2025 11 07 13 27 9 20 9.74 31 618.3 0.00
2025 11 07 13 28 10 48 9.79 31 618.3 0.00
2025 11 07 13 29 8 47 9.71 31 618.3 0.00
2025 11 07 13 30 7 37 9.49 32 618.3 0.00
2025 11 07 13 31 10 46 9.45 33 618.3 0.00
2025 11 07 13 32 12 19 9.67 31 618.3 0.00
2025 11 07 13 33 10 16 9.64 33 618.3 0.00
2025 11 07 13 34 10 73 9.75 31 618.2 0.00
2025 11 07 13 35 5 158 9.79 27 618.2 0.00
2025 11 07 13 36 3 4 9.51 26 618.2 0.00
2025 11 07 13 37 10 24 9.41 32 618.2 0.00
2025 11 07 13 38 11 51 9.55 30 618.2 0.00
2025 11 07 13 39 10 34 9.74 32 618.2 0.00
2025 11 07 13 40 12 45 9.78 35 618.2 0.00
2025 11 07 13 41 12 50 9.79 36 618.2 0.00
2025 11 07 13 42 8 36 9.74 37 618.2 0.00
2025 11 07 13 43 15 32 9.82 35 618.2 0.00
2025 11 07 13 44 14 16 9.79 31 618.2 0.00
2025 11 07 13 45 11 23 9.56 32 618.2 0.00
2025 11 07 13 46 8 20 9.28 36 618.2 0.00
2025 11 07 13 47 12 21 9.19 38 618.2 0.00
2025 11 07 13 48 10 55 9.17 38 618.2 0.00
2025 11 07 13 49 6 24 8.91 30 618.2 0.00
2025 11 07 13 50 5 30 8.65 36 618.2 0.00
2025 11 07 13 51 5 6 8.43 39 618.2 0.00
2025 11 07 13 52 3 37 8.58 34 618.1 0.00
2025 11 07 13 53 10 3 8.76 39 618.1 0.00
2025 11 07 13 54 4 86 8.66 33 618.1 0.00
2025 11 07 13 55 8 341 8.66 39 618.1 0.00
2025 11 07 13 56 10 338 8.59 39 618.1 0.00
2025 11 07 13 57 8 276 8.71 37 618.1 0.00
2025 11 07 13 58 3 70 8.72 40 618.1 0.00
2025 11 07 13 59 4 343 9.07 41 618.1 0.00
2025 11 07 14 00 7 269 9.08 41 618.1 0.00
2025 11 07 14 01 2 354 8.90 39 618.1 0.00
2025 11 07 14 02 7 20 8.89 36 618.1 0.00
2025 11 07 14 03 10 6 9.12 38 618.1 0.00
2025 11 07 14 04 5 16 8.99 43 618.1 0.00
2025 11 07 14 05 9 7 9.05 34 618.1 0.00
2025 11 07 14 06 11 7 9.16 33 618.0 0.00
2025 11 07 14 07 11 28 9.12 32 618.0 0.00
2025 11 07 14 08 13 31 9.25 32 618.0 0.00
2025 11 07 14 09 10 43 9.19 34 618.0 0.00
2025 11 07 14 10 6 165 9.07 44 618.0 0.00
2025 11 07 14 11 3 48 9.13 41 618.0 0.00
2025 11 07 14 12 7 13 9.01 32 618.0 0.00
2025 11 07 14 13 6 324 8.94 42 618.0 0.00
2025 11 07 14 14 10 19 8.99 36 618.0 0.00
2025 11 07 14 15 15 23 9.15 32 618.0 0.00
2025 11 07 14 16 11 25 9.00 33 618.0 0.00
2025 11 07 14 17 7 40 8.74 33 618.0 0.00
2025 11 07 14 18 12 43 8.68 28 618.0 0.00
2025 11 07 14 19 9 72 8.52 30 618.0 0.00
2025 11 07 14 20 4 34 8.50 30 618.0 0.00
2025 11 07 14 21 8 349 8.53 25 617.9 0.00
2025 11 07 14 22 10 50 8.43 27 618.0 0.00
2025 11 07 14 23 10 40 8.48 30 618.0 0.00
2025 11 07 14 24 13 50 8.41 30 618.0 0.00
2025 11 07 14 25 11 40 8.40 31 618.0 0.00
2025 11 07 14 26 13 42 8.39 37 617.9 0.00
2025 11 07 14 27 14 53 8.23 39 617.9 0.00
2025 11 07 14 28 14 40 8.02 38 617.9 0.00
2025 11 07 14 29 15 52 7.91 37 617.9 0.00
2025 11 07 14 30 12 73 7.83 36 617.9 0.00
2025 11 07 14 31 8 24 7.76 36 617.9 0.00
2025 11 07 14 32 15 0 7.97 36 617.9 0.00
2025 11 07 14 33 11 37 7.93 36 617.9 0.00
2025 11 07 14 34 9 6 7.80 36 617.9 0.00
2025 11 07 14 35 7 0 7.57 38 617.9 0.00
2025 11 07 14 36 5 342 7.54 39 617.9 0.00
2025 11 07 14 37 6 343 7.69 37 617.9 0.00
2025 11 07 14 38 9 47 7.81 36 617.9 0.00
2025 11 07 14 39 14 52 7.93 38 617.9 0.00
2025 11 07 14 40 12 11 7.95 39 617.9 0.00
2025 11 07 14 41 10 48 8.04 38 617.9 0.00
2025 11 07 14 42 10 38 8.05 38 617.9 0.00
2025 11 07 14 43 8 29 8.08 38 617.9 0.00
2025 11 07 14 44 6 335 8.05 40 617.9 0.00
2025 11 07 14 45 4 37 8.10 39 617.9 0.00
2025 11 07 14 46 7 40 8.11 36 617.9 0.00
2025 11 07 14 47 9 66 8.24 38 617.9 0.00
2025 11 07 14 48 8 49 8.25 37 617.9 0.00
2025 11 07 14 49 5 72 8.29 38 617.9 0.00
2025 11 07 14 50 3 59 8.28 36 617.9 0.00
2025 11 07 14 51 7 45 8.17 37 617.9 0.00
2025 11 07 14 52 11 68 8.17 40 617.9 0.00
2025 11 07 14 53 12 65 8.15 38 617.9 0.00
2025 11 07 14 54 10 53 8.03 37 617.8 0.00
2025 11 07 14 55 13 34 8.03 37 617.8 0.00
2025 11 07 14 56 12 50 7.99 36 617.8 0.00
2025 11 07 14 57 12 43 7.94 37 617.8 0.00
2025 11 07 14 58 12 0 7.94 38 617.9 0.00
2025 11 07 14 59 7 26 7.87 38 617.9 0.00
2025 11 07 15 00 4 29 7.74 38 617.9 0.00
2025 11 07 15 01 8 16 7.75 38 617.9 0.00
2025 11 07 15 02 7 10 7.68 40 617.8 0.00
2025 11 07 15 03 10 44 7.72 42 617.8 0.00
2025 11 07 15 04 9 32 7.75 39 617.8 0.00
2025 11 07 15 05 9 9 7.94 38 617.8 0.00
2025 11 07 15 06 11 25 8.13 39 617.8 0.00
2025 11 07 15 07 15 22 8.32 19 617.8 0.00
2025 11 07 15 08 11 30 8.24 13 617.8 0.00
2025 11 07 15 09 11 41 8.26 14 617.8 0.00
2025 11 07 15 10 7 40 8.27 25 617.8 0.00
2025 11 07 15 11 12 26 8.33 34 617.8 0.00
2025 11 07 15 12 12 36 8.17 40 617.8 0.00
2025 11 07 15 13 12 21 8.18 39 617.8 0.00
2025 11 07 15 14 12 15 8.07 39 617.8 0.00
2025 11 07 15 15 9 47 8.02 38 617.8 0.00
2025 11 07 15 16 7 48 7.87 44 617.9 0.00
2025 11 07 15 17 5 53 7.80 47 617.8 0.00
2025 11 07 15 18 8 44 7.72 48 617.8 0.00
2025 11 07 15 19 8 42 7.56 46 617.8 0.00
2025 11 07 15 20 7 21 7.52 35 617.8 0.00
2025 11 07 15 21 2 122 7.44 34 617.8 0.00
2025 11 07 15 22 6 41 7.43 48 617.8 0.00
2025 11 07 15 23 13 33 7.42 47 617.7 0.00
2025 11 07 15 24 12 69 7.45 48 617.7 0.00
2025 11 07 15 25 10 52 7.28 50 617.8 0.00
2025 11 07 15 26 11 38 7.26 46 617.8 0.00
2025 11 07 15 27 10 26 7.08 47 617.8 0.00
2025 11 07 15 28 8 13 6.93 47 617.8 0.00
2025 11 07 15 29 6 349 6.75 48 617.8 0.00
2025 11 07 15 30 4 12 6.62 48 617.8 0.00
2025 11 07 15 31 5 7 6.59 48 617.8 0.00
2025 11 07 15 32 1 7 6.45 48 617.8 0.00
2025 11 07 15 33 1 91 6.40 49 617.7 0.00
2025 11 07 15 34 7 35 6.47 52 617.7 0.00
2025 11 07 15 35 9 32 6.51 52 617.8 0.00
2025 11 07 15 36 6 54 6.46 52 617.8 0.00
2025 11 07 15 37 2 77 6.48 53 617.7 0.00
2025 11 07 15 38 5 50 6.47 54 617.7 0.00
2025 11 07 15 39 9 47 6.49 51 617.7 0.00
2025 11 07 15 40 8 37 6.44 53 617.7 0.00
2025 11 07 15 41 6 35 6.39 53 617.7 0.00
2025 11 07 15 42 5 45 6.43 55 617.8 0.00
2025 11 07 15 43 7 42 6.50 50 617.8 0.00
2025 11 07 15 44 9 29 6.65 48 617.8 0.00
2025 11 07 15 45 5 37 6.85 45 617.7 0.00
2025 11 07 15 46 9 331 7.00 52 617.8 0.00
2025 11 07 15 47 9 153 7.08 50 617.8 0.00
2025 11 07 15 48 4 9 7.06 49 617.8 0.00
2025 11 07 15 49 5 22 7.05 51 617.8 0.00
2025 11 07 15 50 7 239 7.00 51 617.8 0.00
2025 11 07 15 51 4 32 7.07 50 617.8 0.00
2025 11 07 15 52 5 260 7.19 53 617.8 0.00
2025 11 07 15 53 13 23 7.30 52 617.8 0.00
2025 11 07 15 54 10 39 7.22 52 617.8 0.00
2025 11 07 15 55 7 42 7.11 52 617.8 0.00
2025 11 07 15 56 7 27 7.08 56 617.8 0.00
2025 11 07 15 57 5 292 6.99 60 617.8 0.00
2025 11 07 15 58 1 262 6.92 61 617.8 0.00
2025 11 07 15 59 0 337 6.86 60 617.8 0.00
2025 11 07 16 00 1 11 6.75 61 617.8 0.00
2025 11 07 16 01 1 257 6.54 61 617.8 0.00
2025 11 07 16 02 0 24 6.40 61 617.8 0.00
2025 11 07 16 03 2 5 6.31 56 617.8 0.00
2025 11 07 16 04 3 21 6.33 53 617.8 0.00
2025 11 07 16 05 5 20 6.36 57 617.8 0.00
2025 11 07 16 06 7 21 6.34 64 617.8 0.00
2025 11 07 16 07 6 40 6.31 61 617.8 0.00
2025 11 07 16 08 5 271 6.49 58 617.8 0.00
2025 11 07 16 09 2 135 6.74 56 617.8 0.00
2025 11 07 16 10 2 91 6.78 53 617.8 0.00
2025 11 07 16 11 2 60 6.87 51 617.8 0.00
2025 11 07 16 12 1 260 6.77 52 617.8 0.00
2025 11 07 16 13 1 65 6.57 51 617.8 0.00
2025 11 07 16 14 3 315 6.63 48 617.8 0.00
2025 11 07 16 15 7 279 6.83 46 617.8 0.00
2025 11 07 16 16 5 240 6.84 46 617.8 0.00
2025 11 07 16 17 2 6 6.79 45 617.8 0.00
2025 11 07 16 18 1 6 6.50 40 617.8 0.00
2025 11 07 16 19 2 19 6.29 40 617.8 0.00
2025 11 07 16 20 3 35 6.14 44 617.8 0.00
2025 11 07 16 21 5 27 5.96 47 617.8 0.00
2025 11 07 16 22 4 44 5.95 47 617.8 0.00
2025 11 07 16 23 5 30 5.83 46 617.8 0.00
2025 11 07 16 24 5 21 5.60 49 617.8 0.00
2025 11 07 16 25 4 44 5.51 53 617.8 0.00
2025 11 07 16 26 3 30 5.49 54 617.9 0.00
2025 11 07 16 27 1 24 5.42 48 617.9 0.00
2025 11 07 16 28 3 29 5.33 52 617.9 0.00
2025 11 07 16 29 1 31 5.27 51 617.9 0.00
2025 11 07 16 30 2 41 5.23 52 617.9 0.00
2025 11 07 16 31 2 53 5.19 51 617.9 0.00
2025 11 07 16 32 3 38 5.19 52 618.0 0.00
2025 11 07 16 33 4 35 5.12 53 618.0 0.00
2025 11 07 16 34 3 50 5.07 52 618.0 0.00
2025 11 07 16 35 4 41 5.05 49 617.9 0.00
2025 11 07 16 36 4 31 5.06 42 617.9 0.00
2025 11 07 16 37 3 40 5.12 45 617.9 0.00
2025 11 07 16 38 6 18 5.14 43 617.9 0.00
2025 11 07 16 39 6 21 5.10 38 617.9 0.00
2025 11 07 16 40 6 25 5.08 36 617.9 0.00
2025 11 07 16 41 8 18 5.05 36 618.0 0.00
2025 11 07 16 42 7 16 5.06 16 618.0 0.00
2025 11 07 16 43 8 8 5.12 18 618.0 0.00
2025 11 07 16 44 7 16 5.21 27 618.0 0.00
2025 11 07 16 45 7 19 5.30 30 618.0 0.00
2025 11 07 16 46 5 33 5.36 26 617.9 0.00
2025 11 07 16 47 9 40 5.48 18 617.9 0.00
2025 11 07 16 48 9 4 5.56 15 617.9 0.00
2025 11 07 16 49 11 10 5.65 13 617.9 0.00
2025 11 07 16 50 9 34 5.71 13 617.9 0.00
2025 11 07 16 51 7 354 5.75 13 617.9 0.00
2025 11 07 16 52 10 12 5.77 13 617.9 0.00
2025 11 07 16 53 10 28 5.80 11 617.9 0.00
2025 11 07 16 54 10 22 5.72 11 617.9 0.00
2025 11 07 16 55 8 23 5.73 13 617.9 0.00
2025 11 07 16 56 10 351 5.80 24 617.9 0.00
2025 11 07 16 57 12 35 5.83 23 617.9 0.00
2025 11 07 16 58 11 7 5.80 14 617.9 0.00
2025 11 07 16 59 9 342 5.77 14 617.9 0.00
2025 11 07 17 00 6 35 5.83 20 617.9 0.00
2025 11 07 17 01 10 16 5.75 24 617.9 0.00
2025 11 07 17 02 9 10 5.66 28 617.9 0.00
2025 11 07 17 03 6 237 5.61 35 617.9 0.00
2025 11 07 17 04 4 17 5.54 30 617.9 0.00
2025 11 07 17 05 6 351 5.42 30 617.9 0.00
2025 11 07 17 06 4 272 5.33 35 617.9 0.00
2025 11 07 17 07 3 10 5.30 38 617.9 0.00
2025 11 07 17 08 8 17 5.14 25 617.9 0.00
2025 11 07 17 09 8 12 5.06 30 617.9 0.00
2025 11 07 17 10 10 18 4.99 22 617.9 0.00
2025 11 07 17 11 8 16 4.95 26 617.9 0.00
2025 11 07 17 12 9 7 4.93 16 617.9 0.00
2025 11 07 17 13 9 3 4.94 13 618.0 0.00
2025 11 07 17 14 8 37 4.95 16 618.0 0.00
2025 11 07 17 15 5 50 5.04 22 618.0 0.00
2025 11 07 17 16 2 77 5.06 27 618.0 0.00
2025 11 07 17 17 0 44 5.05 31 618.0 0.00
2025 11 07 17 18 2 32 5.06 30 618.1 0.00
2025 11 07 17 19 1 230 5.01 31 618.1 0.00
2025 11 07 17 20 0 339 4.97 37 618.1 0.00
2025 11 07 17 21 2 11 4.86 43 618.0 0.00
2025 11 07 17 22 4 17 4.68 38 618.0 0.00
2025 11 07 17 23 8 25 4.57 30 618.0 0.00
2025 11 07 17 24 9 26 4.50 21 618.0 0.00
2025 11 07 17 25 9 30 4.42 19 618.0 0.00
2025 11 07 17 26 10 33 4.37 18 618.0 0.00
2025 11 07 17 27 11 29 4.33 15 618.0 0.00
2025 11 07 17 28 12 27 4.31 12 617.9 0.00
2025 11 07 17 29 13 25 4.31 12 617.9 0.00
2025 11 07 17 30 13 30 4.31 11 617.9 0.00
2025 11 07 17 31 11 37 4.29 12 617.9 0.00
2025 11 07 17 32 12 31 4.28 12 617.9 0.00
2025 11 07 17 33 11 32 4.28 11 618.0 0.00
2025 11 07 17 34 11 24 4.29 10 618.0 0.00
2025 11 07 17 35 12 20 4.31 10 618.0 0.00
2025 11 07 17 36 11 25 4.32 11 618.0 0.00
2025 11 07 17 37 13 22 4.29 12 618.0 0.00
2025 11 07 17 38 12 28 4.30 9 618.0 0.00
2025 11 07 17 39 10 43 4.29 10 618.1 0.00
2025 11 07 17 40 11 25 4.27 10 618.1 0.00
2025 11 07 17 41 11 22 4.25 12 618.1 0.00
2025 11 07 17 42 11 32 4.20 14 618.1 0.00
2025 11 07 17 43 10 36 4.18 14 618.1 0.00
2025 11 07 17 44 11 30 4.16 13 618.1 0.00
2025 11 07 17 45 10 31 4.15 14 618.1 0.00
2025 11 07 17 46 9 34 4.13 15 618.1 0.00
2025 11 07 17 47 9 34 4.08 19 618.1 0.00
2025 11 07 17 48 8 41 4.03 22 618.1 0.00
2025 11 07 17 49 10 31 3.97 23 618.1 0.00
2025 11 07 17 50 10 28 3.90 22 618.1 0.00
2025 11 07 17 51 13 36 3.87 22 618.1 0.00
2025 11 07 17 52 13 32 3.86 14 618.1 0.00
2025 11 07 17 53 10 40 3.83 14 618.1 0.00
2025 11 07 17 54 10 35 3.81 13 618.1 0.00
2025 11 07 17 55 8 37 3.79 15 618.1 0.00
2025 11 07 17 56 7 16 3.73 18 618.1 0.00
2025 11 07 17 57 8 17 3.71 16 618.1 0.00
2025 11 07 17 58 9 13 3.70 18 618.1 0.00
2025 11 07 17 59 10 19 3.70 17 618.1 0.00
2025 11 07 18 00 9 6 3.72 20 618.1 0.00
2025 11 07 18 01 9 20 3.70 19 618.1 0.00
2025 11 07 18 02 8 21 3.70 20 618.1 0.00
2025 11 07 18 03 7 8 3.69 22 618.1 0.00
2025 11 07 18 04 8 12 3.66 22 618.1 0.00
2025 11 07 18 05 7 17 3.66 16 618.1 0.00
2025 11 07 18 06 7 27 3.68 17 618.1 0.00
2025 11 07 18 07 9 19 3.66 18 618.1 0.00
2025 11 07 18 08 9 33 3.64 19 618.1 0.00
2025 11 07 18 09 8 18 3.61 24 618.1 0.00
2025 11 07 18 10 7 20 3.52 27 618.1 0.00
2025 11 07 18 11 10 24 3.49 17 618.1 0.00
2025 11 07 18 12 9 20 3.46 19 618.2 0.00
2025 11 07 18 13 8 5 3.41 16 618.2 0.00
2025 11 07 18 14 8 9 3.41 15 618.2 0.00
2025 11 07 18 15 6 13 3.43 15 618.2 0.00
2025 11 07 18 16 6 8 3.43 16 618.2 0.00
2025 11 07 18 17 5 16 3.45 15 618.2 0.00
2025 11 07 18 18 6 16 3.43 13 618.2 0.00
2025 11 07 18 19 6 18 3.41 13 618.2 0.00
2025 11 07 18 20 6 10 3.43 12 618.2 0.00
2025 11 07 18 21 6 20 3.42 14 618.2 0.00
2025 11 07 18 22 6 23 3.43 16 618.2 0.00
2025 11 07 18 23 6 39 3.39 14 618.2 0.00
2025 11 07 18 24 7 21 3.35 14 618.2 0.00
2025 11 07 18 25 8 24 3.33 13 618.2 0.00
2025 11 07 18 26 7 26 3.36 13 618.2 0.00
2025 11 07 18 27 7 27 3.36 13 618.2 0.00
2025 11 07 18 28 6 27 3.37 13 618.2 0.00
2025 11 07 18 29 6 27 3.37 12 618.3 0.00
2025 11 07 18 30 7 27 3.37 13 618.3 0.00
2025 11 07 18 31 8 27 3.37 14 618.3 0.00
2025 11 07 18 32 8 28 3.35 11 618.3 0.00
2025 11 07 18 33 8 28 3.35 11 618.3 0.00
2025 11 07 18 34 9 33 3.37 11 618.3 0.00
2025 11 07 18 35 10 30 3.38 11 618.3 0.00
2025 11 07 18 36 9 30 3.39 10 618.3 0.00
2025 11 07 18 37 10 28 3.41 9 618.3 0.00
2025 11 07 18 38 9 34 3.46 9 618.3 0.00
2025 11 07 18 39 9 33 3.49 9 618.3 0.00
2025 11 07 18 40 10 33 3.48 10 618.3 0.00
2025 11 07 18 41 11 44 3.51 9 618.3 0.00
2025 11 07 18 42 11 31 3.46 10 618.2 0.00
2025 11 07 18 43 12 31 3.46 10 618.2 0.00
2025 11 07 18 44 12 32 3.43 10 618.3 0.00
2025 11 07 18 45 12 28 3.42 11 618.3 0.00
2025 11 07 18 46 12 32 3.42 11 618.3 0.00
2025 11 07 18 47 12 31 3.38 12 618.3 0.00
2025 11 07 18 48 12 29 3.36 11 618.3 0.00
2025 11 07 18 49 12 31 3.33 12 618.3 0.00
2025 11 07 18 50 12 39 3.29 11 618.3 0.00
2025 11 07 18 51 12 37 3.27 11 618.3 0.00
2025 11 07 18 52 12 37 3.23 11 618.3 0.00
2025 11 07 18 53 11 37 3.19 12 618.3 0.00
2025 11 07 18 54 11 35 3.14 12 618.4 0.00
2025 11 07 18 55 12 35 3.16 10 618.4 0.00
2025 11 07 18 56 12 28 3.24 9 618.4 0.00
2025 11 07 18 57 11 28 3.25 9 618.4 0.00
2025 11 07 18 58 11 29 3.25 10 618.4 0.00
2025 11 07 18 59 11 34 3.27 9 618.4 0.00
2025 11 07 19 00 11 35 3.27 10 618.4 0.00
2025 11 07 19 01 12 35 3.23 10 618.4 0.00
2025 11 07 19 02 12 37 3.22 9 618.4 0.00
2025 11 07 19 03 12 40 3.19 9 618.5 0.00
2025 11 07 19 04 12 43 3.18 9 618.5 0.00
2025 11 07 19 05 12 41 3.20 9 618.5 0.00
2025 11 07 19 06 11 39 3.21 9 618.5 0.00
2025 11 07 19 07 9 45 3.18 10 618.5 0.00
2025 11 07 19 08 10 44 3.17 10 618.5 0.00
2025 11 07 19 09 11 42 3.16 10 618.5 0.00
2025 11 07 19 10 10 44 3.15 10 618.5 0.00
2025 11 07 19 11 11 36 3.15 10 618.5 0.00
2025 11 07 19 12 10 51 3.16 10 618.5 0.00
2025 11 07 19 13 11 52 3.17 10 618.5 0.00
2025 11 07 19 14 11 45 3.16 10 618.5 0.00
2025 11 07 19 15 11 48 3.18 11 618.5 0.00
2025 11 07 19 16 11 46 3.16 11 618.5 0.00
2025 11 07 19 17 11 56 3.14 11 618.4 0.00
2025 11 07 19 18 10 55 3.09 13 618.4 0.00
2025 11 07 19 19 11 56 3.04 13 618.4 0.00
2025 11 07 19 20 11 51 2.97 16 618.4 0.00
2025 11 07 19 21 11 53 2.92 19 618.4 0.00
2025 11 07 19 22 11 49 2.86 23 618.4 0.00
2025 11 07 19 23 10 50 2.81 19 618.4 0.00
2025 11 07 19 24 11 45 2.75 19 618.4 0.00
2025 11 07 19 25 11 48 2.75 13 618.4 0.00
2025 11 07 19 26 12 55 2.78 11 618.5 0.00
2025 11 07 19 27 13 41 2.84 10 618.5 0.00
2025 11 07 19 28 13 41 2.89 10 618.5 0.00
2025 11 07 19 29 13 46 2.92 9 618.5 0.00
2025 11 07 19 30 12 46 2.98 9 618.5 0.00
2025 11 07 19 31 13 43 3.00 9 618.5 0.00
2025 11 07 19 32 14 41 3.01 9 618.5 0.00
2025 11 07 19 33 13 41 3.04 9 618.5 0.00
2025 11 07 19 34 12 48 3.07 9 618.5 0.00
2025 11 07 19 35 13 47 3.08 9 618.5 0.00
2025 11 07 19 36 13 44 3.10 9 618.5 0.00
2025 11 07 19 37 12 48 3.12 9 618.5 0.00
2025 11 07 19 38 12 60 3.10 9 618.5 0.00
2025 11 07 19 39 10 49 3.09 9 618.5 0.00
2025 11 07 19 40 11 52 3.07 10 618.5 0.00
2025 11 07 19 41 10 53 3.05 10 618.5 0.00
2025 11 07 19 42 11 54 3.00 10 618.5 0.00
2025 11 07 19 43 12 56 2.97 9 618.5 0.00
2025 11 07 19 44 12 55 2.97 9 618.5 0.00
2025 11 07 19 45 12 50 2.97 9 618.5 0.00
2025 11 07 19 46 12 54 3.00 9 618.5 0.00
2025 11 07 19 47 11 53 3.00 9 618.5 0.00
2025 11 07 19 48 11 53 3.03 9 618.5 0.00
2025 11 07 19 49 11 52 3.05 9 618.5 0.00
2025 11 07 19 50 11 53 3.07 9 618.5 0.00
2025 11 07 19 51 12 56 3.08 9 618.5 0.00
2025 11 07 19 52 12 55 3.09 9 618.5 0.00
2025 11 07 19 53 12 56 3.10 9 618.5 0.00
2025 11 07 19 54 12 57 3.12 9 618.5 0.00
2025 11 07 19 55 12 56 3.12 9 618.5 0.00
2025 11 07 19 56 11 57 3.12 9 618.5 0.00
2025 11 07 19 57 11 60 3.14 9 618.5 0.00
2025 11 07 19 58 10 58 3.15 9 618.5 0.00
2025 11 07 19 59 11 54 3.14 9 618.5 0.00
2025 11 07 20 00 11 54 3.14 9 618.5 0.00
2025 11 07 20 01 11 56 3.12 9 618.5 0.00
2025 11 07 20 02 12 50 3.13 9 618.5 0.00
2025 11 07 20 03 11 55 3.13 9 618.5 0.00
2025 11 07 20 04 12 55 3.15 9 618.5 0.00
2025 11 07 20 05 11 59 3.16 9 618.5 0.00
2025 11 07 20 06 10 53 3.16 9 618.5 0.00
2025 11 07 20 07 9 58 3.15 9 618.5 0.00
2025 11 07 20 08 9 59 3.16 9 618.5 0.00
2025 11 07 20 09 8 57 3.18 9 618.5 0.00
2025 11 07 20 10 8 65 3.18 9 618.5 0.00
2025 11 07 20 11 8 65 3.19 9 618.5 0.00
2025 11 07 20 12 8 70 3.23 9 618.5 0.00
2025 11 07 20 13 7 74 3.24 9 618.5 0.00
2025 11 07 20 14 7 71 3.23 9 618.5 0.00
2025 11 07 20 15 7 74 3.20 9 618.6 0.00
2025 11 07 20 16 6 74 3.17 9 618.6 0.00
2025 11 07 20 17 6 75 3.15 9 618.6 0.00
2025 11 07 20 18 6 79 3.12 9 618.6 0.00
2025 11 07 20 19 6 76 3.06 9 618.5 0.00
2025 11 07 20 20 7 72 2.97 9 618.5 0.00
2025 11 07 20 21 6 76 2.90 9 618.5 0.00
2025 11 07 20 22 6 78 2.82 9 618.5 0.00
2025 11 07 20 23 5 78 2.79 9 618.5 0.00
2025 11 07 20 24 4 80 2.81 9 618.5 0.00
